SourceFile,CountName,SiteName,Direction,CountDate,StartTime,EndTime,StartDateFromInfo,StartTimeFromInfo,SiteCode,StationID,IntervalTotal,Len_0_TO_72,Len_GT72_TO_120,Len_GT120_TO_180,Len_GT180_TO_240,Len_GT240_TO_300,Len_GT300_TO_360,Len_GT360_TO_480,Len_GT480_TO_600,Len_GT600_TO_720,Len_GT720_TO_840,Len_GT840_TO_960,Len_GT_960
input_xlsx.xlsx,"ATR 1. Point Township Dr, south of Ridge Rd",Point Township Dr,WB,2026-04-21,10:00:00,10:15:00,4/21/2026,10:00 AM,,,0,0,0,0,0,0,0,0,0,0,0,0,0
input_xlsx.xlsx,"ATR 1. Point Township Dr, south of Ridge Rd",Point Township Dr,WB,2026-04-21,10:15:00,10:30:00,4/21/2026,10:00 AM,,,0,0,0,0,0,0,0,0,0,0,0,0,0
input_xlsx.xlsx,"ATR 1. Point Township Dr, south of Ridge Rd",Point Township Dr,WB,2026-04-21,10:30:00,10:45:00,4/21/2026,10:00 AM,,,4,0,0,3,1,0,0,0,0,0,0,0,0
input_xlsx.xlsx,"ATR 1. Point Township Dr, south of Ridge Rd",Point Township Dr,WB,2026-04-21,10:45:00,11:00:00,4/21/2026,10:00 AM,,,79,0,0,48,20,3,0,1,1,3,2,1,0
input_xlsx.xlsx,"ATR 1. Point Township Dr, south of Ridge Rd",Point Township Dr,WB,2026-04-21,11:00:00,11:15:00,4/21/2026,10:00 AM,,,79,0,0,44,24,1,1,2,2,1,2,2,0
input_xlsx.xlsx,"ATR 1. Point Township Dr, south of Ridge Rd",Point Township Dr,WB,2026-04-21,11:15:00,11:30:00,4/21/2026,10:00 AM,,,90,0,0,66,9,5,2,4,1,1,0,2,0
input_xlsx.xlsx,"ATR 1. Point Township Dr, south of Ridge Rd",Point Township Dr,WB,2026-04-21,11:30:00,11:45:00,4/21/2026,10:00 AM,,,98,0,0,60,25,7,1,2,0,1,2,0,0
input_xlsx.xlsx,"ATR 1. Point Township Dr, south of Ridge Rd",Point Township Dr,WB,2026-04-21,11:45:00,12:00:00,4/21/2026,10:00 AM,,,83,0,0,64,12,3,0,2,0,1,0,1,0
input_xlsx.xlsx,"ATR 1. Point Township Dr, south of Ridge Rd",Point Township Dr,WB,2026-04-21,12:00:00,12:15:00,4/21/2026,10:00 AM,,,61,0,0,37,17,1,1,3,1,0,1,0,0
input_xlsx.xlsx,"ATR 1. Point Township Dr, south of Ridge Rd",Point Township Dr,WB,2026-04-21,12:15:00,12:30:00,4/21/2026,10:00 AM,,,78,0,0,47,18,2,3,1,2,2,2,1,0
input_xlsx.xlsx,"ATR 1. Point Township Dr, south of Ridge Rd",Point Township Dr,WB,2026-04-21,12:30:00,12:45:00,4/21/2026,10:00 AM,,,91,0,0,58,17,5,2,3,1,2,1,2,0
input_xlsx.xlsx,"ATR 1. Point Township Dr, south of Ridge Rd",Point Township Dr,WB,2026-04-21,12:45:00,13:00:00,4/21/2026,10:00 AM,,,78,0,1,37,23,7,1,4,0,2,1,2,0
input_xlsx.xlsx,"ATR 1. Point Township Dr, south of Ridge Rd",Point Township Dr,WB,2026-04-21,13:00:00,13:15:00,4/21/2026,10:00 AM,,,73,0,0,50,12,0,4,3,1,2,1,0,0
input_xlsx.xlsx,"ATR 1. Point Township Dr, south of Ridge Rd",Point Township Dr,WB,2026-04-21,13:15:00,13:30:00,4/21/2026,10:00 AM,,,93,0,0,76,11,1,0,1,1,2,1,0,0
input_xlsx.xlsx,"ATR 1. Point Township Dr, south of Ridge Rd",Point Township Dr,WB,2026-04-21,13:30:00,13:45:00,4/21/2026,10:00 AM,,,85,0,1,55,18,2,3,2,0,1,1,2,0
input_xlsx.xlsx,"ATR 1. Point Township Dr, south of Ridge Rd",Point Township Dr,WB,2026-04-21,13:45:00,14:00:00,4/21/2026,10:00 AM,,,109,0,0,56,34,6,5,3,2,1,1,1,0
input_xlsx.xlsx,"ATR 1. Point Township Dr, south of Ridge Rd",Point Township Dr,WB,2026-04-21,14:00:00,14:15:00,4/21/2026,10:00 AM,,,107,1,1,69,25,5,1,4,0,0,0,1,0
input_xlsx.xlsx,"ATR 1. Point Township Dr, south of Ridge Rd",Point Township Dr,WB,2026-04-21,14:15:00,14:30:00,4/21/2026,10:00 AM,,,124,0,1,80,28,7,1,3,1,0,0,2,1
input_xlsx.xlsx,"ATR 1. Point Township Dr, south of Ridge Rd",Point Township Dr,WB,2026-04-21,14:30:00,14:45:00,4/21/2026,10:00 AM,,,106,0,0,73,22,7,1,0,2,0,0,1,0
input_xlsx.xlsx,"ATR 1. Point Township Dr, south of Ridge Rd",Point Township Dr,WB,2026-04-21,14:45:00,15:00:00,4/21/2026,10:00 AM,,,97,0,0,71,15,3,3,2,1,0,2,0,0
input_xlsx.xlsx,"ATR 1. Point Township Dr, south of Ridge Rd",Point Township Dr,WB,2026-04-21,15:00:00,15:15:00,4/21/2026,10:00 AM,,,83,0,0,60,17,2,1,0,0,0,1,1,1
input_xlsx.xlsx,"ATR 1. Point Township Dr, south of Ridge Rd",Point Township Dr,WB,2026-04-21,15:15:00,15:30:00,4/21/2026,10:00 AM,,,127,0,0,85,25,10,1,3,2,0,1,0,0
input_xlsx.xlsx,"ATR 1. Point Township Dr, south of Ridge Rd",Point Township Dr,WB,2026-04-21,15:30:00,15:45:00,4/21/2026,10:00 AM,,,109,0,0,74,23,5,1,4,1,0,0,0,1
input_xlsx.xlsx,"ATR 1. Point Township Dr, south of Ridge Rd",Point Township Dr,WB,2026-04-21,15:45:00,16:00:00,4/21/2026,10:00 AM,,,173,1,1,113,37,9,5,3,0,2,1,1,0
input_xlsx.xlsx,"ATR 1. Point Township Dr, south of Ridge Rd",Point Township Dr,WB,2026-04-21,16:00:00,16:15:00,4/21/2026,10:00 AM,,,153,0,1,91,45,8,1,2,0,2,0,3,0
input_xlsx.xlsx,"ATR 1. Point Township Dr, south of Ridge Rd",Point Township Dr,WB,2026-04-21,16:15:00,16:30:00,4/21/2026,10:00 AM,,,150,0,0,106,36,3,3,0,2,0,0,0,0
input_xlsx.xlsx,"ATR 1. Point Township Dr, south of Ridge Rd",Point Township Dr,WB,2026-04-21,16:30:00,16:45:00,4/21/2026,10:00 AM,,,163,0,1,113,35,8,0,3,0,0,2,1,0
input_xlsx.xlsx,"ATR 1. Point Township Dr, south of Ridge Rd",Point Township Dr,WB,2026-04-21,16:45:00,17:00:00,4/21/2026,10:00 AM,,,136,0,0,110,16,5,1,1,0,1,1,1,0
input_xlsx.xlsx,"ATR 1. Point Township Dr, south of Ridge Rd",Point Township Dr,WB,2026-04-21,17:00:00,17:15:00,4/21/2026,10:00 AM,,,125,0,0,95,20,4,2,1,0,1,1,1,0
input_xlsx.xlsx,"ATR 1. Point Township Dr, south of Ridge Rd",Point Township Dr,WB,2026-04-21,17:15:00,17:30:00,4/21/2026,10:00 AM,,,106,0,0,71,28,2,2,1,0,2,0,0,0
input_xlsx.xlsx,"ATR 1. Point Township Dr, south of Ridge Rd",Point Township Dr,WB,2026-04-21,17:30:00,17:45:00,4/21/2026,10:00 AM,,,97,0,2,67,15,7,2,2,0,2,0,0,0
input_xlsx.xlsx,"ATR 1. Point Township Dr, south of Ridge Rd",Point Township Dr,WB,2026-04-21,17:45:00,18:00:00,4/21/2026,10:00 AM,,,84,0,0,49,27,2,2,0,1,1,2,0,0
input_xlsx.xlsx,"ATR 1. Point Township Dr, south of Ridge Rd",Point Township Dr,WB,2026-04-21,18:00:00,18:15:00,4/21/2026,10:00 AM,,,60,0,0,42,10,4,2,0,0,0,1,1,0
input_xlsx.xlsx,"ATR 1. Point Township Dr, south of Ridge Rd",Point Township Dr,WB,2026-04-21,18:15:00,18:30:00,4/21/2026,10:00 AM,,,82,0,0,48,22,6,1,2,0,0,1,2,0
input_xlsx.xlsx,"ATR 1. Point Township Dr, south of Ridge Rd",Point Township Dr,WB,2026-04-21,18:30:00,18:45:00,4/21/2026,10:00 AM,,,51,0,0,30,19,2,0,0,0,0,0,0,0
input_xlsx.xlsx,"ATR 1. Point Township Dr, south of Ridge Rd",Point Township Dr,WB,2026-04-21,18:45:00,19:00:00,4/21/2026,10:00 AM,,,62,0,0,38,17,3,1,1,0,0,1,1,0
input_xlsx.xlsx,"ATR 1. Point Township Dr, south of Ridge Rd",Point Township Dr,WB,2026-04-21,19:00:00,19:15:00,4/21/2026,10:00 AM,,,41,1,0,29,9,0,0,0,0,0,1,1,0
input_xlsx.xlsx,"ATR 1. Point Township Dr, south of Ridge Rd",Point Township Dr,WB,2026-04-21,19:15:00,19:30:00,4/21/2026,10:00 AM,,,62,0,0,44,13,1,0,0,2,1,0,1,0
input_xlsx.xlsx,"ATR 1. Point Township Dr, south of Ridge Rd",Point Township Dr,WB,2026-04-21,19:30:00,19:45:00,4/21/2026,10:00 AM,,,47,0,0,39,8,0,0,0,0,0,0,0,0
input_xlsx.xlsx,"ATR 1. Point Township Dr, south of Ridge Rd",Point Township Dr,WB,2026-04-21,19:45:00,20:00:00,4/21/2026,10:00 AM,,,62,0,1,44,15,1,1,0,0,0,0,0,0
input_xlsx.xlsx,"ATR 1. Point Township Dr, south of Ridge Rd",Point Township Dr,WB,2026-04-21,20:00:00,20:15:00,4/21/2026,10:00 AM,,,43,0,0,33,7,2,1,0,0,0,0,0,0
input_xlsx.xlsx,"ATR 1. Point Township Dr, south of Ridge Rd",Point Township Dr,WB,2026-04-21,20:15:00,20:30:00,4/21/2026,10:00 AM,,,37,0,0,28,7,1,0,0,1,0,0,0,0
input_xlsx.xlsx,"ATR 1. Point Township Dr, south of Ridge Rd",Point Township Dr,WB,2026-04-21,20:30:00,20:45:00,4/21/2026,10:00 AM,,,33,0,0,22,6,0,0,4,0,1,0,0,0
input_xlsx.xlsx,"ATR 1. Point Township Dr, south of Ridge Rd",Point Township Dr,WB,2026-04-21,20:45:00,21:00:00,4/21/2026,10:00 AM,,,32,0,1,21,9,0,0,0,0,1,0,0,0
input_xlsx.xlsx,"ATR 1. Point Township Dr, south of Ridge Rd",Point Township Dr,WB,2026-04-21,21:00:00,21:15:00,4/21/2026,10:00 AM,,,30,0,0,23,5,0,0,0,1,0,1,0,0
input_xlsx.xlsx,"ATR 1. Point Township Dr, south of Ridge Rd",Point Township Dr,WB,2026-04-21,21:15:00,21:30:00,4/21/2026,10:00 AM,,,27,0,0,20,5,1,1,0,0,0,0,0,0
input_xlsx.xlsx,"ATR 1. Point Township Dr, south of Ridge Rd",Point Township Dr,WB,2026-04-21,21:30:00,21:45:00,4/21/2026,10:00 AM,,,22,0,0,16,5,0,0,0,0,0,0,1,0
input_xlsx.xlsx,"ATR 1. Point Township Dr, south of Ridge Rd",Point Township Dr,WB,2026-04-21,21:45:00,22:00:00,4/21/2026,10:00 AM,,,18,0,0,12,5,0,0,0,0,1,0,0,0
input_xlsx.xlsx,"ATR 1. Point Township Dr, south of Ridge Rd",Point Township Dr,WB,2026-04-21,22:00:00,22:15:00,4/21/2026,10:00 AM,,,13,0,0,8,2,1,1,1,0,0,0,0,0
input_xlsx.xlsx,"ATR 1. Point Township Dr, south of Ridge Rd",Point Township Dr,WB,2026-04-21,22:15:00,22:30:00,4/21/2026,10:00 AM,,,15,0,0,10,3,1,0,0,1,0,0,0,0
input_xlsx.xlsx,"ATR 1. Point Township Dr, south of Ridge Rd",Point Township Dr,WB,2026-04-21,22:30:00,22:45:00,4/21/2026,10:00 AM,,,13,0,1,8,1,0,0,0,0,3,0,0,0
input_xlsx.xlsx,"ATR 1. Point Township Dr, south of Ridge Rd",Point Township Dr,WB,2026-04-21,22:45:00,23:00:00,4/21/2026,10:00 AM,,,12,0,0,9,2,1,0,0,0,0,0,0,0
input_xlsx.xlsx,"ATR 1. Point Township Dr, south of Ridge Rd",Point Township Dr,WB,2026-04-21,23:00:00,23:15:00,4/21/2026,10:00 AM,,,11,0,0,10,0,0,0,0,0,0,0,1,0
input_xlsx.xlsx,"ATR 1. Point Township Dr, south of Ridge Rd",Point Township Dr,WB,2026-04-21,23:15:00,23:30:00,4/21/2026,10:00 AM,,,14,0,0,10,4,0,0,0,0,0,0,0,0
input_xlsx.xlsx,"ATR 1. Point Township Dr, south of Ridge Rd",Point Township Dr,WB,2026-04-21,23:30:00,23:45:00,4/21/2026,10:00 AM,,,18,0,0,18,0,0,0,0,0,0,0,0,0
input_xlsx.xlsx,"ATR 1. Point Township Dr, south of Ridge Rd",Point Township Dr,WB,2026-04-21,23:45:00,00:00:00,4/21/2026,10:00 AM,,,11,0,0,10,1,0,0,0,0,0,0,0,0
input_xlsx.xlsx,"ATR 1. Point Township Dr, south of Ridge Rd",Point Township Dr,WB,2026-04-22,00:00:00,00:15:00,4/21/2026,10:00 AM,,,10,0,0,6,1,1,0,1,0,1,0,0,0
input_xlsx.xlsx,"ATR 1. Point Township Dr, south of Ridge Rd",Point Township Dr,WB,2026-04-22,00:15:00,00:30:00,4/21/2026,10:00 AM,,,6,0,0,2,0,1,0,0,0,1,1,1,0
input_xlsx.xlsx,"ATR 1. Point Township Dr, south of Ridge Rd",Point Township Dr,WB,2026-04-22,00:30:00,00:45:00,4/21/2026,10:00 AM,,,6,0,0,4,1,0,0,0,0,0,1,0,0
input_xlsx.xlsx,"ATR 1. Point Township Dr, south of Ridge Rd",Point Township Dr,WB,2026-04-22,00:45:00,01:00:00,4/21/2026,10:00 AM,,,9,0,0,5,2,0,0,0,1,1,0,0,0
input_xlsx.xlsx,"ATR 1. Point Township Dr, south of Ridge Rd",Point Township Dr,WB,2026-04-22,01:00:00,01:15:00,4/21/2026,10:00 AM,,,5,0,0,3,0,1,0,0,0,0,0,0,1
input_xlsx.xlsx,"ATR 1. Point Township Dr, south of Ridge Rd",Point Township Dr,WB,2026-04-22,01:15:00,01:30:00,4/21/2026,10:00 AM,,,6,0,0,3,2,0,0,0,0,1,0,0,0
input_xlsx.xlsx,"ATR 1. Point Township Dr, south of Ridge Rd",Point Township Dr,WB,2026-04-22,01:30:00,01:45:00,4/21/2026,10:00 AM,,,5,0,0,3,0,0,1,0,0,1,0,0,0
input_xlsx.xlsx,"ATR 1. Point Township Dr, south of Ridge Rd",Point Township Dr,WB,2026-04-22,01:45:00,02:00:00,4/21/2026,10:00 AM,,,3,0,0,0,0,1,0,0,0,1,1,0,0
input_xlsx.xlsx,"ATR 1. Point Township Dr, south of Ridge Rd",Point Township Dr,WB,2026-04-22,02:00:00,02:15:00,4/21/2026,10:00 AM,,,6,0,0,2,1,0,0,0,0,0,1,2,0
input_xlsx.xlsx,"ATR 1. Point Township Dr, south of Ridge Rd",Point Township Dr,WB,2026-04-22,02:15:00,02:30:00,4/21/2026,10:00 AM,,,2,0,0,2,0,0,0,0,0,0,0,0,0
input_xlsx.xlsx,"ATR 1. Point Township Dr, south of Ridge Rd",Point Township Dr,WB,2026-04-22,02:30:00,02:45:00,4/21/2026,10:00 AM,,,6,0,0,1,3,1,0,0,0,0,1,0,0
input_xlsx.xlsx,"ATR 1. Point Township Dr, south of Ridge Rd",Point Township Dr,WB,2026-04-22,02:45:00,03:00:00,4/21/2026,10:00 AM,,,1,0,0,1,0,0,0,0,0,0,0,0,0
input_xlsx.xlsx,"ATR 1. Point Township Dr, south of Ridge Rd",Point Township Dr,WB,2026-04-22,03:00:00,03:15:00,4/21/2026,10:00 AM,,,6,0,0,3,1,0,0,1,0,0,1,0,0
input_xlsx.xlsx,"ATR 1. Point Township Dr, south of Ridge Rd",Point Township Dr,WB,2026-04-22,03:15:00,03:30:00,4/21/2026,10:00 AM,,,10,0,0,3,2,1,0,1,0,0,1,2,0
input_xlsx.xlsx,"ATR 1. Point Township Dr, south of Ridge Rd",Point Township Dr,WB,2026-04-22,03:30:00,03:45:00,4/21/2026,10:00 AM,,,5,0,0,1,1,0,0,1,0,0,1,1,0
input_xlsx.xlsx,"ATR 1. Point Township Dr, south of Ridge Rd",Point Township Dr,WB,2026-04-22,03:45:00,04:00:00,4/21/2026,10:00 AM,,,9,0,0,7,1,0,0,0,0,0,1,0,0
input_xlsx.xlsx,"ATR 1. Point Township Dr, south of Ridge Rd",Point Township Dr,WB,2026-04-22,04:00:00,04:15:00,4/21/2026,10:00 AM,,,16,0,1,9,4,0,0,0,0,0,0,2,0
input_xlsx.xlsx,"ATR 1. Point Township Dr, south of Ridge Rd",Point Township Dr,WB,2026-04-22,04:15:00,04:30:00,4/21/2026,10:00 AM,,,8,0,0,2,3,0,1,2,0,0,0,0,0
input_xlsx.xlsx,"ATR 1. Point Township Dr, south of Ridge Rd",Point Township Dr,WB,2026-04-22,04:30:00,04:45:00,4/21/2026,10:00 AM,,,12,0,0,3,5,0,1,0,1,1,1,0,0
input_xlsx.xlsx,"ATR 1. Point Township Dr, south of Ridge Rd",Point Township Dr,WB,2026-04-22,04:45:00,05:00:00,4/21/2026,10:00 AM,,,12,0,0,6,3,1,0,0,0,1,0,1,0
input_xlsx.xlsx,"ATR 1. Point Township Dr, south of Ridge Rd",Point Township Dr,WB,2026-04-22,05:00:00,05:15:00,4/21/2026,10:00 AM,,,17,0,0,8,6,0,0,1,1,0,1,0,0
input_xlsx.xlsx,"ATR 1. Point Township Dr, south of Ridge Rd",Point Township Dr,WB,2026-04-22,05:15:00,05:30:00,4/21/2026,10:00 AM,,,27,0,0,14,8,1,0,3,0,0,1,0,0
input_xlsx.xlsx,"ATR 1. Point Township Dr, south of Ridge Rd",Point Township Dr,WB,2026-04-22,05:30:00,05:45:00,4/21/2026,10:00 AM,,,30,0,0,17,10,1,0,0,0,1,1,0,0
input_xlsx.xlsx,"ATR 1. Point Township Dr, south of Ridge Rd",Point Township Dr,WB,2026-04-22,05:45:00,06:00:00,4/21/2026,10:00 AM,,,44,0,0,26,11,2,1,0,0,0,2,2,0
input_xlsx.xlsx,"ATR 1. Point Township Dr, south of Ridge Rd",Point Township Dr,WB,2026-04-22,06:00:00,06:15:00,4/21/2026,10:00 AM,,,36,0,0,19,5,4,3,1,0,1,2,1,0
input_xlsx.xlsx,"ATR 1. Point Township Dr, south of Ridge Rd",Point Township Dr,WB,2026-04-22,06:15:00,06:30:00,4/21/2026,10:00 AM,,,44,0,0,21,14,3,0,5,0,1,0,0,0
input_xlsx.xlsx,"ATR 1. Point Township Dr, south of Ridge Rd",Point Township Dr,WB,2026-04-22,06:30:00,06:45:00,4/21/2026,10:00 AM,,,66,0,0,43,15,0,3,1,1,1,2,0,0
input_xlsx.xlsx,"ATR 1. Point Township Dr, south of Ridge Rd",Point Township Dr,WB,2026-04-22,06:45:00,07:00:00,4/21/2026,10:00 AM,,,51,0,0,27,11,3,2,3,1,0,3,1,0
input_xlsx.xlsx,"ATR 1. Point Township Dr, south of Ridge Rd",Point Township Dr,WB,2026-04-22,07:00:00,07:15:00,4/21/2026,10:00 AM,,,75,0,0,47,20,3,2,1,0,0,2,0,0
input_xlsx.xlsx,"ATR 1. Point Township Dr, south of Ridge Rd",Point Township Dr,WB,2026-04-22,07:15:00,07:30:00,4/21/2026,10:00 AM,,,74,0,0,56,14,1,0,3,0,0,0,0,0
input_xlsx.xlsx,"ATR 1. Point Township Dr, south of Ridge Rd",Point Township Dr,WB,2026-04-22,07:30:00,07:45:00,4/21/2026,10:00 AM,,,117,0,0,88,20,2,3,2,0,1,1,0,0
input_xlsx.xlsx,"ATR 1. Point Township Dr, south of Ridge Rd",Point Township Dr,WB,2026-04-22,07:45:00,08:00:00,4/21/2026,10:00 AM,,,96,0,0,61,25,3,2,4,0,1,0,0,0
input_xlsx.xlsx,"ATR 1. Point Township Dr, south of Ridge Rd",Point Township Dr,WB,2026-04-22,08:00:00,08:15:00,4/21/2026,10:00 AM,,,83,0,0,56,17,4,1,2,1,2,0,0,0
input_xlsx.xlsx,"ATR 1. Point Township Dr, south of Ridge Rd",Point Township Dr,WB,2026-04-22,08:15:00,08:30:00,4/21/2026,10:00 AM,,,91,0,0,52,18,8,4,3,1,2,1,2,0
input_xlsx.xlsx,"ATR 1. Point Township Dr, south of Ridge Rd",Point Township Dr,WB,2026-04-22,08:30:00,08:45:00,4/21/2026,10:00 AM,,,95,0,0,54,22,6,3,2,2,3,3,0,0
input_xlsx.xlsx,"ATR 1. Point Township Dr, south of Ridge Rd",Point Township Dr,WB,2026-04-22,08:45:00,09:00:00,4/21/2026,10:00 AM,,,84,0,0,51,20,5,1,1,1,2,2,1,0
input_xlsx.xlsx,"ATR 1. Point Township Dr, south of Ridge Rd",Point Township Dr,WB,2026-04-22,09:00:00,09:15:00,4/21/2026,10:00 AM,,,65,0,0,41,15,3,1,4,0,0,1,0,0
input_xlsx.xlsx,"ATR 1. Point Township Dr, south of Ridge Rd",Point Township Dr,WB,2026-04-22,09:15:00,09:30:00,4/21/2026,10:00 AM,,,76,0,0,48,14,2,2,5,1,1,1,2,0
input_xlsx.xlsx,"ATR 1. Point Township Dr, south of Ridge Rd",Point Township Dr,WB,2026-04-22,09:30:00,09:45:00,4/21/2026,10:00 AM,,,64,0,1,38,15,4,1,2,1,2,0,0,0
input_xlsx.xlsx,"ATR 1. Point Township Dr, south of Ridge Rd",Point Township Dr,WB,2026-04-22,09:45:00,10:00:00,4/21/2026,10:00 AM,,,91,0,1,57,18,2,3,3,0,3,2,2,0
input_xlsx.xlsx,"ATR 1. Point Township Dr, south of Ridge Rd",Point Township Dr,WB,2026-04-22,10:00:00,10:15:00,4/21/2026,10:00 AM,,,74,0,0,43,14,4,3,2,1,2,4,1,0
input_xlsx.xlsx,"ATR 1. Point Township Dr, south of Ridge Rd",Point Township Dr,WB,2026-04-22,10:15:00,10:30:00,4/21/2026,10:00 AM,,,83,0,0,51,17,3,2,5,2,2,0,1,0
input_xlsx.xlsx,"ATR 1. Point Township Dr, south of Ridge Rd",Point Township Dr,WB,2026-04-22,10:30:00,10:45:00,4/21/2026,10:00 AM,,,97,1,1,61,20,5,1,3,1,1,1,2,0
input_xlsx.xlsx,"ATR 1. Point Township Dr, south of Ridge Rd",Point Township Dr,WB,2026-04-22,10:45:00,11:00:00,4/21/2026,10:00 AM,,,88,0,0,57,15,4,2,4,0,1,2,3,0
input_xlsx.xlsx,"ATR 1. Point Township Dr, south of Ridge Rd",Point Township Dr,WB,2026-04-22,11:00:00,11:15:00,4/21/2026,10:00 AM,,,86,0,0,53,19,1,2,5,3,1,2,0,0
input_xlsx.xlsx,"ATR 1. Point Township Dr, south of Ridge Rd",Point Township Dr,WB,2026-04-22,11:15:00,11:30:00,4/21/2026,10:00 AM,,,82,0,0,48,18,3,3,6,1,1,2,0,0
input_xlsx.xlsx,"ATR 1. Point Township Dr, south of Ridge Rd",Point Township Dr,WB,2026-04-22,11:30:00,11:45:00,4/21/2026,10:00 AM,,,94,0,0,60,23,7,0,1,1,2,0,0,0
input_xlsx.xlsx,"ATR 1. Point Township Dr, south of Ridge Rd",Point Township Dr,WB,2026-04-22,11:45:00,12:00:00,4/21/2026,10:00 AM,,,83,0,0,52,23,1,1,3,2,1,0,0,0
input_xlsx.xlsx,"ATR 1. Point Township Dr, south of Ridge Rd",Point Township Dr,WB,2026-04-22,12:00:00,12:15:00,4/21/2026,10:00 AM,,,81,1,2,41,24,1,3,3,2,2,1,1,0
input_xlsx.xlsx,"ATR 1. Point Township Dr, south of Ridge Rd",Point Township Dr,WB,2026-04-22,12:15:00,12:30:00,4/21/2026,10:00 AM,,,87,0,0,46,25,3,4,3,0,3,2,1,0
input_xlsx.xlsx,"ATR 1. Point Township Dr, south of Ridge Rd",Point Township Dr,WB,2026-04-22,12:30:00,12:45:00,4/21/2026,10:00 AM,,,87,0,0,50,21,8,3,0,0,2,2,1,0
input_xlsx.xlsx,"ATR 1. Point Township Dr, south of Ridge Rd",Point Township Dr,WB,2026-04-22,12:45:00,13:00:00,4/21/2026,10:00 AM,,,94,0,0,62,14,8,5,2,0,1,1,1,0
input_xlsx.xlsx,"ATR 1. Point Township Dr, south of Ridge Rd",Point Township Dr,WB,2026-04-22,13:00:00,13:15:00,4/21/2026,10:00 AM,,,84,0,0,50,24,3,2,2,0,3,0,0,0
input_xlsx.xlsx,"ATR 1. Point Township Dr, south of Ridge Rd",Point Township Dr,WB,2026-04-22,13:15:00,13:30:00,4/21/2026,10:00 AM,,,98,0,0,65,20,7,2,0,0,1,1,2,0
input_xlsx.xlsx,"ATR 1. Point Township Dr, south of Ridge Rd",Point Township Dr,WB,2026-04-22,13:30:00,13:45:00,4/21/2026,10:00 AM,,,96,0,2,56,27,3,4,0,0,1,2,1,0
input_xlsx.xlsx,"ATR 1. Point Township Dr, south of Ridge Rd",Point Township Dr,WB,2026-04-22,13:45:00,14:00:00,4/21/2026,10:00 AM,,,93,0,0,58,21,3,3,3,1,3,0,1,0
input_xlsx.xlsx,"ATR 1. Point Township Dr, south of Ridge Rd",Point Township Dr,WB,2026-04-22,14:00:00,14:15:00,4/21/2026,10:00 AM,,,115,0,0,69,28,6,2,6,1,2,0,1,0
input_xlsx.xlsx,"ATR 1. Point Township Dr, south of Ridge Rd",Point Township Dr,WB,2026-04-22,14:15:00,14:30:00,4/21/2026,10:00 AM,,,109,0,2,78,19,6,2,0,1,0,0,1,0
input_xlsx.xlsx,"ATR 1. Point Township Dr, south of Ridge Rd",Point Township Dr,WB,2026-04-22,14:30:00,14:45:00,4/21/2026,10:00 AM,,,115,0,0,78,22,3,3,2,0,3,0,4,0
input_xlsx.xlsx,"ATR 1. Point Township Dr, south of Ridge Rd",Point Township Dr,WB,2026-04-22,14:45:00,15:00:00,4/21/2026,10:00 AM,,,91,0,0,61,22,1,1,2,0,2,1,1,0
input_xlsx.xlsx,"ATR 1. Point Township Dr, south of Ridge Rd",Point Township Dr,WB,2026-04-22,15:00:00,15:15:00,4/21/2026,10:00 AM,,,115,0,0,73,31,6,3,1,0,1,0,0,0
input_xlsx.xlsx,"ATR 1. Point Township Dr, south of Ridge Rd",Point Township Dr,WB,2026-04-22,15:15:00,15:30:00,4/21/2026,10:00 AM,,,130,0,0,93,26,3,0,5,0,0,2,1,0
input_xlsx.xlsx,"ATR 1. Point Township Dr, south of Ridge Rd",Point Township Dr,WB,2026-04-22,15:30:00,15:45:00,4/21/2026,10:00 AM,,,155,0,0,99,42,6,1,4,1,0,1,1,0
input_xlsx.xlsx,"ATR 1. Point Township Dr, south of Ridge Rd",Point Township Dr,WB,2026-04-22,15:45:00,16:00:00,4/21/2026,10:00 AM,,,160,1,0,111,31,6,2,5,0,1,2,1,0
input_xlsx.xlsx,"ATR 1. Point Township Dr, south of Ridge Rd",Point Township Dr,WB,2026-04-22,16:00:00,16:15:00,4/21/2026,10:00 AM,,,133,1,1,96,29,0,1,1,0,2,0,2,0
input_xlsx.xlsx,"ATR 1. Point Township Dr, south of Ridge Rd",Point Township Dr,WB,2026-04-22,16:15:00,16:30:00,4/21/2026,10:00 AM,,,143,0,0,101,32,5,1,1,1,1,1,0,0
input_xlsx.xlsx,"ATR 1. Point Township Dr, south of Ridge Rd",Point Township Dr,WB,2026-04-22,16:30:00,16:45:00,4/21/2026,10:00 AM,,,150,0,0,102,34,4,4,2,1,2,0,1,0
input_xlsx.xlsx,"ATR 1. Point Township Dr, south of Ridge Rd",Point Township Dr,WB,2026-04-22,16:45:00,17:00:00,4/21/2026,10:00 AM,,,135,0,0,108,16,5,2,2,0,0,1,1,0
input_xlsx.xlsx,"ATR 1. Point Township Dr, south of Ridge Rd",Point Township Dr,WB,2026-04-22,17:00:00,17:15:00,4/21/2026,10:00 AM,,,119,0,1,79,27,3,3,1,0,2,2,1,0
input_xlsx.xlsx,"ATR 1. Point Township Dr, south of Ridge Rd",Point Township Dr,WB,2026-04-22,17:15:00,17:30:00,4/21/2026,10:00 AM,,,120,1,0,85,29,3,2,0,0,0,0,0,0
input_xlsx.xlsx,"ATR 1. Point Township Dr, south of Ridge Rd",Point Township Dr,WB,2026-04-22,17:30:00,17:45:00,4/21/2026,10:00 AM,,,85,0,0,53,21,5,1,0,0,3,2,0,0
input_xlsx.xlsx,"ATR 1. Point Township Dr, south of Ridge Rd",Point Township Dr,WB,2026-04-22,17:45:00,18:00:00,4/21/2026,10:00 AM,,,82,0,0,57,19,1,0,2,0,1,1,1,0
input_xlsx.xlsx,"ATR 1. Point Township Dr, south of Ridge Rd",Point Township Dr,WB,2026-04-22,18:00:00,18:15:00,4/21/2026,10:00 AM,,,57,0,0,39,13,1,2,0,2,0,0,0,0
input_xlsx.xlsx,"ATR 1. Point Township Dr, south of Ridge Rd",Point Township Dr,WB,2026-04-22,18:15:00,18:30:00,4/21/2026,10:00 AM,,,82,0,0,56,18,5,1,1,0,0,0,1,0
input_xlsx.xlsx,"ATR 1. Point Township Dr, south of Ridge Rd",Point Township Dr,WB,2026-04-22,18:30:00,18:45:00,4/21/2026,10:00 AM,,,60,0,0,42,12,2,1,2,0,1,0,0,0
input_xlsx.xlsx,"ATR 1. Point Township Dr, south of Ridge Rd",Point Township Dr,WB,2026-04-22,18:45:00,19:00:00,4/21/2026,10:00 AM,,,61,0,0,47,11,1,1,0,1,0,0,0,0
input_xlsx.xlsx,"ATR 1. Point Township Dr, south of Ridge Rd",Point Township Dr,WB,2026-04-22,19:00:00,19:15:00,4/21/2026,10:00 AM,,,41,0,0,27,9,2,1,0,0,0,2,0,0
input_xlsx.xlsx,"ATR 1. Point Township Dr, south of Ridge Rd",Point Township Dr,WB,2026-04-22,19:15:00,19:30:00,4/21/2026,10:00 AM,,,48,1,0,34,9,3,1,0,0,0,0,0,0
input_xlsx.xlsx,"ATR 1. Point Township Dr, south of Ridge Rd",Point Township Dr,WB,2026-04-22,19:30:00,19:45:00,4/21/2026,10:00 AM,,,60,0,0,41,15,1,0,1,1,1,0,0,0
input_xlsx.xlsx,"ATR 1. Point Township Dr, south of Ridge Rd",Point Township Dr,WB,2026-04-22,19:45:00,20:00:00,4/21/2026,10:00 AM,,,65,0,1,54,7,0,2,0,0,1,0,0,0
input_xlsx.xlsx,"ATR 1. Point Township Dr, south of Ridge Rd",Point Township Dr,WB,2026-04-22,20:00:00,20:15:00,4/21/2026,10:00 AM,,,41,0,0,35,3,1,1,1,0,0,0,0,0
input_xlsx.xlsx,"ATR 1. Point Township Dr, south of Ridge Rd",Point Township Dr,WB,2026-04-22,20:15:00,20:30:00,4/21/2026,10:00 AM,,,45,0,0,31,11,2,0,0,0,1,0,0,0
input_xlsx.xlsx,"ATR 1. Point Township Dr, south of Ridge Rd",Point Township Dr,WB,2026-04-22,20:30:00,20:45:00,4/21/2026,10:00 AM,,,29,0,0,22,4,0,1,1,0,0,1,0,0
input_xlsx.xlsx,"ATR 1. Point Township Dr, south of Ridge Rd",Point Township Dr,WB,2026-04-22,20:45:00,21:00:00,4/21/2026,10:00 AM,,,28,0,0,25,1,0,0,0,0,1,1,0,0
input_xlsx.xlsx,"ATR 1. Point Township Dr, south of Ridge Rd",Point Township Dr,WB,2026-04-22,21:00:00,21:15:00,4/21/2026,10:00 AM,,,35,0,0,23,10,0,0,0,0,1,0,1,0
input_xlsx.xlsx,"ATR 1. Point Township Dr, south of Ridge Rd",Point Township Dr,WB,2026-04-22,21:15:00,21:30:00,4/21/2026,10:00 AM,,,35,0,0,24,8,1,0,0,0,1,0,1,0
input_xlsx.xlsx,"ATR 1. Point Township Dr, south of Ridge Rd",Point Township Dr,WB,2026-04-22,21:30:00,21:45:00,4/21/2026,10:00 AM,,,34,1,0,19,9,3,0,0,0,1,0,1,0
input_xlsx.xlsx,"ATR 1. Point Township Dr, south of Ridge Rd",Point Township Dr,WB,2026-04-22,21:45:00,22:00:00,4/21/2026,10:00 AM,,,24,0,0,20,3,0,0,1,0,0,0,0,0
input_xlsx.xlsx,"ATR 1. Point Township Dr, south of Ridge Rd",Point Township Dr,WB,2026-04-22,22:00:00,22:15:00,4/21/2026,10:00 AM,,,10,0,1,7,0,0,0,0,0,2,0,0,0
input_xlsx.xlsx,"ATR 1. Point Township Dr, south of Ridge Rd",Point Township Dr,WB,2026-04-22,22:15:00,22:30:00,4/21/2026,10:00 AM,,,9,0,0,7,2,0,0,0,0,0,0,0,0
input_xlsx.xlsx,"ATR 1. Point Township Dr, south of Ridge Rd",Point Township Dr,WB,2026-04-22,22:30:00,22:45:00,4/21/2026,10:00 AM,,,16,1,0,10,4,0,1,0,0,0,0,0,0
input_xlsx.xlsx,"ATR 1. Point Township Dr, south of Ridge Rd",Point Township Dr,WB,2026-04-22,22:45:00,23:00:00,4/21/2026,10:00 AM,,,3,0,0,2,0,0,0,0,1,0,0,0,0
input_xlsx.xlsx,"ATR 1. Point Township Dr, south of Ridge Rd",Point Township Dr,WB,2026-04-22,23:00:00,23:15:00,4/21/2026,10:00 AM,,,4,0,0,3,1,0,0,0,0,0,0,0,0
input_xlsx.xlsx,"ATR 1. Point Township Dr, south of Ridge Rd",Point Township Dr,WB,2026-04-22,23:15:00,23:30:00,4/21/2026,10:00 AM,,,22,0,0,18,3,0,0,0,0,1,0,0,0
input_xlsx.xlsx,"ATR 1. Point Township Dr, south of Ridge Rd",Point Township Dr,WB,2026-04-22,23:30:00,23:45:00,4/21/2026,10:00 AM,,,21,0,0,16,3,0,0,0,0,2,0,0,0
input_xlsx.xlsx,"ATR 1. Point Township Dr, south of Ridge Rd",Point Township Dr,WB,2026-04-22,23:45:00,00:00:00,4/21/2026,10:00 AM,,,19,0,0,18,0,0,0,1,0,0,0,0,0
input_xlsx.xlsx,"ATR 1. Point Township Dr, south of Ridge Rd",Point Township Dr,WB,2026-04-23,00:00:00,00:15:00,4/21/2026,10:00 AM,,,7,0,0,5,1,0,0,1,0,0,0,0,0
input_xlsx.xlsx,"ATR 1. Point Township Dr, south of Ridge Rd",Point Township Dr,WB,2026-04-23,00:15:00,00:30:00,4/21/2026,10:00 AM,,,6,0,0,3,2,0,0,0,0,0,1,0,0
input_xlsx.xlsx,"ATR 1. Point Township Dr, south of Ridge Rd",Point Township Dr,WB,2026-04-23,00:30:00,00:45:00,4/21/2026,10:00 AM,,,4,0,0,3,1,0,0,0,0,0,0,0,0
input_xlsx.xlsx,"ATR 1. Point Township Dr, south of Ridge Rd",Point Township Dr,WB,2026-04-23,00:45:00,01:00:00,4/21/2026,10:00 AM,,,4,0,0,1,1,0,0,1,0,1,0,0,0
input_xlsx.xlsx,"ATR 1. Point Township Dr, south of Ridge Rd",Point Township Dr,WB,2026-04-23,01:00:00,01:15:00,4/21/2026,10:00 AM,,,4,0,0,2,0,0,0,0,1,0,1,0,0
input_xlsx.xlsx,"ATR 1. Point Township Dr, south of Ridge Rd",Point Township Dr,WB,2026-04-23,01:15:00,01:30:00,4/21/2026,10:00 AM,,,5,0,0,4,0,1,0,0,0,0,0,0,0
input_xlsx.xlsx,"ATR 1. Point Township Dr, south of Ridge Rd",Point Township Dr,WB,2026-04-23,01:30:00,01:45:00,4/21/2026,10:00 AM,,,0,0,0,0,0,0,0,0,0,0,0,0,0
input_xlsx.xlsx,"ATR 1. Point Township Dr, south of Ridge Rd",Point Township Dr,WB,2026-04-23,01:45:00,02:00:00,4/21/2026,10:00 AM,,,8,0,0,3,0,2,1,0,0,0,0,2,0
input_xlsx.xlsx,"ATR 1. Point Township Dr, south of Ridge Rd",Point Township Dr,WB,2026-04-23,02:00:00,02:15:00,4/21/2026,10:00 AM,,,1,0,0,0,0,0,0,0,0,0,0,1,0
input_xlsx.xlsx,"ATR 1. Point Township Dr, south of Ridge Rd",Point Township Dr,WB,2026-04-23,02:15:00,02:30:00,4/21/2026,10:00 AM,,,3,0,0,2,0,0,0,0,0,0,1,0,0
input_xlsx.xlsx,"ATR 1. Point Township Dr, south of Ridge Rd",Point Township Dr,WB,2026-04-23,02:30:00,02:45:00,4/21/2026,10:00 AM,,,6,0,0,3,1,0,0,0,0,0,2,0,0
input_xlsx.xlsx,"ATR 1. Point Township Dr, south of Ridge Rd",Point Township Dr,WB,2026-04-23,02:45:00,03:00:00,4/21/2026,10:00 AM,,,4,0,0,1,2,0,0,1,0,0,0,0,0
input_xlsx.xlsx,"ATR 1. Point Township Dr, south of Ridge Rd",Point Township Dr,WB,2026-04-23,03:00:00,03:15:00,4/21/2026,10:00 AM,,,4,0,0,1,3,0,0,0,0,0,0,0,0
input_xlsx.xlsx,"ATR 1. Point Township Dr, south of Ridge Rd",Point Township Dr,WB,2026-04-23,03:15:00,03:30:00,4/21/2026,10:00 AM,,,10,0,0,3,2,1,1,1,1,1,0,0,0
input_xlsx.xlsx,"ATR 1. Point Township Dr, south of Ridge Rd",Point Township Dr,WB,2026-04-23,03:30:00,03:45:00,4/21/2026,10:00 AM,,,6,0,0,3,1,0,0,0,0,0,1,1,0
input_xlsx.xlsx,"ATR 1. Point Township Dr, south of Ridge Rd",Point Township Dr,WB,2026-04-23,03:45:00,04:00:00,4/21/2026,10:00 AM,,,9,0,0,3,3,1,0,0,0,1,1,0,0
input_xlsx.xlsx,"ATR 1. Point Township Dr, south of Ridge Rd",Point Township Dr,WB,2026-04-23,04:00:00,04:15:00,4/21/2026,10:00 AM,,,8,0,0,3,3,0,0,0,0,0,1,1,0
input_xlsx.xlsx,"ATR 1. Point Township Dr, south of Ridge Rd",Point Township Dr,WB,2026-04-23,04:15:00,04:30:00,4/21/2026,10:00 AM,,,11,0,0,4,3,0,0,1,0,0,2,1,0
input_xlsx.xlsx,"ATR 1. Point Township Dr, south of Ridge Rd",Point Township Dr,WB,2026-04-23,04:30:00,04:45:00,4/21/2026,10:00 AM,,,10,0,0,2,6,0,1,1,0,0,0,0,0
input_xlsx.xlsx,"ATR 1. Point Township Dr, south of Ridge Rd",Point Township Dr,WB,2026-04-23,04:45:00,05:00:00,4/21/2026,10:00 AM,,,12,0,0,7,5,0,0,0,0,0,0,0,0
input_xlsx.xlsx,"ATR 1. Point Township Dr, south of Ridge Rd",Point Township Dr,WB,2026-04-23,05:00:00,05:15:00,4/21/2026,10:00 AM,,,12,0,0,5,7,0,0,0,0,0,0,0,0
input_xlsx.xlsx,"ATR 1. Point Township Dr, south of Ridge Rd",Point Township Dr,WB,2026-04-23,05:15:00,05:30:00,4/21/2026,10:00 AM,,,32,0,0,18,7,1,1,1,0,0,1,3,0
input_xlsx.xlsx,"ATR 1. Point Township Dr, south of Ridge Rd",Point Township Dr,WB,2026-04-23,05:30:00,05:45:00,4/21/2026,10:00 AM,,,28,0,0,15,9,0,2,0,0,0,2,0,0
input_xlsx.xlsx,"ATR 1. Point Township Dr, south of Ridge Rd",Point Township Dr,WB,2026-04-23,05:45:00,06:00:00,4/21/2026,10:00 AM,,,44,0,0,27,11,0,1,0,3,1,1,0,0
input_xlsx.xlsx,"ATR 1. Point Township Dr, south of Ridge Rd",Point Township Dr,WB,2026-04-23,06:00:00,06:15:00,4/21/2026,10:00 AM,,,38,0,1,22,7,1,3,1,1,1,1,0,0
input_xlsx.xlsx,"ATR 1. Point Township Dr, south of Ridge Rd",Point Township Dr,WB,2026-04-23,06:15:00,06:30:00,4/21/2026,10:00 AM,,,60,0,0,30,20,2,0,2,0,1,1,4,0
input_xlsx.xlsx,"ATR 1. Point Township Dr, south of Ridge Rd",Point Township Dr,WB,2026-04-23,06:30:00,06:45:00,4/21/2026,10:00 AM,,,59,0,0,37,12,0,1,4,2,1,2,0,0
input_xlsx.xlsx,"ATR 1. Point Township Dr, south of Ridge Rd",Point Township Dr,WB,2026-04-23,06:45:00,07:00:00,4/21/2026,10:00 AM,,,87,0,1,43,25,7,1,6,0,2,1,1,0
input_xlsx.xlsx,"ATR 1. Point Township Dr, south of Ridge Rd",Point Township Dr,WB,2026-04-23,07:00:00,07:15:00,4/21/2026,10:00 AM,,,74,0,0,42,22,4,1,1,1,0,2,1,0
input_xlsx.xlsx,"ATR 1. Point Township Dr, south of Ridge Rd",Point Township Dr,WB,2026-04-23,07:15:00,07:30:00,4/21/2026,10:00 AM,,,74,0,0,48,17,2,0,3,0,1,2,1,0
input_xlsx.xlsx,"ATR 1. Point Township Dr, south of Ridge Rd",Point Township Dr,WB,2026-04-23,07:30:00,07:45:00,4/21/2026,10:00 AM,,,98,0,1,73,14,5,2,1,0,2,0,0,0
input_xlsx.xlsx,"ATR 1. Point Township Dr, south of Ridge Rd",Point Township Dr,WB,2026-04-23,07:45:00,08:00:00,4/21/2026,10:00 AM,,,107,1,1,69,22,4,1,5,1,0,1,2,0
input_xlsx.xlsx,"ATR 1. Point Township Dr, south of Ridge Rd",Point Township Dr,WB,2026-04-23,08:00:00,08:15:00,4/21/2026,10:00 AM,,,88,0,1,52,21,2,4,4,0,1,1,2,0
input_xlsx.xlsx,"ATR 1. Point Township Dr, south of Ridge Rd",Point Township Dr,WB,2026-04-23,08:15:00,08:30:00,4/21/2026,10:00 AM,,,86,0,0,57,19,2,0,3,0,1,1,3,0
input_xlsx.xlsx,"ATR 1. Point Township Dr, south of Ridge Rd",Point Township Dr,WB,2026-04-23,08:30:00,08:45:00,4/21/2026,10:00 AM,,,78,0,0,52,21,0,1,2,0,0,2,0,0
input_xlsx.xlsx,"ATR 1. Point Township Dr, south of Ridge Rd",Point Township Dr,WB,2026-04-23,08:45:00,09:00:00,4/21/2026,10:00 AM,,,94,1,0,69,11,7,0,3,0,0,3,0,0
input_xlsx.xlsx,"ATR 1. Point Township Dr, south of Ridge Rd",Point Township Dr,WB,2026-04-23,09:00:00,09:15:00,4/21/2026,10:00 AM,,,97,0,1,51,26,6,3,6,0,2,2,0,0
input_xlsx.xlsx,"ATR 1. Point Township Dr, south of Ridge Rd",Point Township Dr,WB,2026-04-23,09:15:00,09:30:00,4/21/2026,10:00 AM,,,92,0,0,57,21,4,0,5,0,3,1,1,0
input_xlsx.xlsx,"ATR 1. Point Township Dr, south of Ridge Rd",Point Township Dr,WB,2026-04-23,09:30:00,09:45:00,4/21/2026,10:00 AM,,,77,0,0,47,15,2,1,4,0,2,3,3,0
input_xlsx.xlsx,"ATR 1. Point Township Dr, south of Ridge Rd",Point Township Dr,WB,2026-04-23,09:45:00,10:00:00,4/21/2026,10:00 AM,,,64,0,0,38,13,3,1,4,1,0,2,2,0
input_xlsx.xlsx,"ATR 1. Point Township Dr, south of Ridge Rd",Point Township Dr,WB,2026-04-23,10:00:00,10:15:00,4/21/2026,10:00 AM,,,68,0,1,43,9,6,3,4,0,1,1,0,0
input_xlsx.xlsx,"ATR 1. Point Township Dr, south of Ridge Rd",Point Township Dr,WB,2026-04-23,10:15:00,10:30:00,4/21/2026,10:00 AM,,,75,1,0,49,17,1,1,2,1,1,1,1,0
input_xlsx.xlsx,"ATR 1. Point Township Dr, south of Ridge Rd",Point Township Dr,WB,2026-04-23,10:30:00,10:45:00,4/21/2026,10:00 AM,,,86,1,0,50,22,2,1,4,0,1,4,1,0
input_xlsx.xlsx,"ATR 1. Point Township Dr, south of Ridge Rd",Point Township Dr,WB,2026-04-23,10:45:00,11:00:00,4/21/2026,10:00 AM,,,96,0,1,61,16,9,3,2,1,1,2,0,0
input_xlsx.xlsx,"ATR 1. Point Township Dr, south of Ridge Rd",Point Township Dr,WB,2026-04-23,11:00:00,11:15:00,4/21/2026,10:00 AM,,,71,0,0,45,14,3,0,3,3,1,1,1,0
input_xlsx.xlsx,"ATR 1. Point Township Dr, south of Ridge Rd",Point Township Dr,WB,2026-04-23,11:15:00,11:30:00,4/21/2026,10:00 AM,,,113,0,2,62,30,5,2,1,3,1,1,6,0
input_xlsx.xlsx,"ATR 1. Point Township Dr, south of Ridge Rd",Point Township Dr,WB,2026-04-23,11:30:00,11:45:00,4/21/2026,10:00 AM,,,73,0,1,48,12,4,1,3,1,1,1,1,0
input_xlsx.xlsx,"ATR 1. Point Township Dr, south of Ridge Rd",Point Township Dr,WB,2026-04-23,11:45:00,12:00:00,4/21/2026,10:00 AM,,,94,0,0,65,15,6,1,1,0,0,4,2,0
input_xlsx.xlsx,"ATR 1. Point Township Dr, south of Ridge Rd",Point Township Dr,WB,2026-04-23,12:00:00,12:15:00,4/21/2026,10:00 AM,,,85,1,0,51,25,3,1,2,0,1,1,0,0
input_xlsx.xlsx,"ATR 1. Point Township Dr, south of Ridge Rd",Point Township Dr,WB,2026-04-23,12:15:00,12:30:00,4/21/2026,10:00 AM,,,101,2,0,62,20,8,3,1,1,2,1,1,0
input_xlsx.xlsx,"ATR 1. Point Township Dr, south of Ridge Rd",Point Township Dr,WB,2026-04-23,12:30:00,12:45:00,4/21/2026,10:00 AM,,,78,0,1,53,14,4,2,1,0,1,1,1,0
input_xlsx.xlsx,"ATR 1. Point Township Dr, south of Ridge Rd",Point Township Dr,WB,2026-04-23,12:45:00,13:00:00,4/21/2026,10:00 AM,,,81,0,1,48,20,2,4,1,1,2,1,1,0
input_xlsx.xlsx,"ATR 1. Point Township Dr, south of Ridge Rd",Point Township Dr,WB,2026-04-23,13:00:00,13:15:00,4/21/2026,10:00 AM,,,74,0,0,48,15,2,1,2,2,2,2,0,0
input_xlsx.xlsx,"ATR 1. Point Township Dr, south of Ridge Rd",Point Township Dr,WB,2026-04-23,13:15:00,13:30:00,4/21/2026,10:00 AM,,,82,0,1,46,19,4,2,6,1,1,2,0,0
input_xlsx.xlsx,"ATR 1. Point Township Dr, south of Ridge Rd",Point Township Dr,WB,2026-04-23,13:30:00,13:45:00,4/21/2026,10:00 AM,,,95,0,0,64,23,3,2,1,0,0,2,0,0
input_xlsx.xlsx,"ATR 1. Point Township Dr, south of Ridge Rd",Point Township Dr,WB,2026-04-23,13:45:00,14:00:00,4/21/2026,10:00 AM,,,87,0,0,59,18,1,1,1,3,3,1,0,0
input_xlsx.xlsx,"ATR 1. Point Township Dr, south of Ridge Rd",Point Township Dr,WB,2026-04-23,14:00:00,14:15:00,4/21/2026,10:00 AM,,,104,2,0,80,9,4,3,2,0,2,2,0,0
input_xlsx.xlsx,"ATR 1. Point Township Dr, south of Ridge Rd",Point Township Dr,WB,2026-04-23,14:15:00,14:30:00,4/21/2026,10:00 AM,,,105,0,0,78,18,4,2,2,0,1,0,0,0
input_xlsx.xlsx,"ATR 1. Point Township Dr, south of Ridge Rd",Point Township Dr,WB,2026-04-23,14:30:00,14:45:00,4/21/2026,10:00 AM,,,100,1,0,69,23,3,0,3,0,0,1,0,0
input_xlsx.xlsx,"ATR 1. Point Township Dr, south of Ridge Rd",Point Township Dr,WB,2026-04-23,14:45:00,15:00:00,4/21/2026,10:00 AM,,,97,0,0,61,23,4,2,3,1,2,0,1,0
input_xlsx.xlsx,"ATR 1. Point Township Dr, south of Ridge Rd",Point Township Dr,WB,2026-04-23,15:00:00,15:15:00,4/21/2026,10:00 AM,,,126,0,0,82,28,6,2,3,1,1,0,3,0
input_xlsx.xlsx,"ATR 1. Point Township Dr, south of Ridge Rd",Point Township Dr,WB,2026-04-23,15:15:00,15:30:00,4/21/2026,10:00 AM,,,114,0,1,76,26,5,2,0,2,1,0,1,0
input_xlsx.xlsx,"ATR 1. Point Township Dr, south of Ridge Rd",Point Township Dr,WB,2026-04-23,15:30:00,15:45:00,4/21/2026,10:00 AM,,,120,0,1,82,23,5,1,4,1,2,1,0,0
input_xlsx.xlsx,"ATR 1. Point Township Dr, south of Ridge Rd",Point Township Dr,WB,2026-04-23,15:45:00,16:00:00,4/21/2026,10:00 AM,,,134,0,0,88,36,2,0,4,1,1,2,0,0
input_xlsx.xlsx,"ATR 1. Point Township Dr, south of Ridge Rd",Point Township Dr,WB,2026-04-23,16:00:00,16:15:00,4/21/2026,10:00 AM,,,162,0,0,118,34,4,1,1,1,0,2,1,0
input_xlsx.xlsx,"ATR 1. Point Township Dr, south of Ridge Rd",Point Township Dr,WB,2026-04-23,16:15:00,16:30:00,4/21/2026,10:00 AM,,,152,0,0,113,31,2,2,0,1,1,2,0,0
input_xlsx.xlsx,"ATR 1. Point Township Dr, south of Ridge Rd",Point Township Dr,WB,2026-04-23,16:30:00,16:45:00,4/21/2026,10:00 AM,,,148,0,0,105,32,5,2,2,0,1,1,0,0
input_xlsx.xlsx,"ATR 1. Point Township Dr, south of Ridge Rd",Point Township Dr,WB,2026-04-23,16:45:00,17:00:00,4/21/2026,10:00 AM,,,157,0,1,118,28,2,4,1,0,1,2,0,0
input_xlsx.xlsx,"ATR 1. Point Township Dr, south of Ridge Rd",Point Township Dr,WB,2026-04-23,17:00:00,17:15:00,4/21/2026,10:00 AM,,,124,0,0,87,28,4,2,1,1,0,1,0,0
input_xlsx.xlsx,"ATR 1. Point Township Dr, south of Ridge Rd",Point Township Dr,WB,2026-04-23,17:15:00,17:30:00,4/21/2026,10:00 AM,,,110,1,0,83,20,3,0,0,2,0,1,0,0
input_xlsx.xlsx,"ATR 1. Point Township Dr, south of Ridge Rd",Point Township Dr,WB,2026-04-23,17:30:00,17:45:00,4/21/2026,10:00 AM,,,105,1,0,71,23,4,0,3,2,1,0,0,0
input_xlsx.xlsx,"ATR 1. Point Township Dr, south of Ridge Rd",Point Township Dr,WB,2026-04-23,17:45:00,18:00:00,4/21/2026,10:00 AM,,,106,0,0,71,23,4,0,4,1,0,2,1,0
input_xlsx.xlsx,"ATR 1. Point Township Dr, south of Ridge Rd",Point Township Dr,WB,2026-04-23,18:00:00,18:15:00,4/21/2026,10:00 AM,,,87,0,0,52,21,3,4,2,2,0,1,2,0
input_xlsx.xlsx,"ATR 1. Point Township Dr, south of Ridge Rd",Point Township Dr,WB,2026-04-23,18:15:00,18:30:00,4/21/2026,10:00 AM,,,72,0,0,48,17,1,2,0,0,3,0,1,0
input_xlsx.xlsx,"ATR 1. Point Township Dr, south of Ridge Rd",Point Township Dr,WB,2026-04-23,18:30:00,18:45:00,4/21/2026,10:00 AM,,,68,0,1,45,13,6,2,0,1,0,0,0,0
input_xlsx.xlsx,"ATR 1. Point Township Dr, south of Ridge Rd",Point Township Dr,WB,2026-04-23,18:45:00,19:00:00,4/21/2026,10:00 AM,,,71,0,0,56,13,0,1,0,0,1,0,0,0
input_xlsx.xlsx,"ATR 1. Point Township Dr, south of Ridge Rd",Point Township Dr,WB,2026-04-23,19:00:00,19:15:00,4/21/2026,10:00 AM,,,48,0,0,34,9,3,0,1,0,0,1,0,0
input_xlsx.xlsx,"ATR 1. Point Township Dr, south of Ridge Rd",Point Township Dr,WB,2026-04-23,19:15:00,19:30:00,4/21/2026,10:00 AM,,,73,0,0,46,17,2,1,3,1,0,2,1,0
input_xlsx.xlsx,"ATR 1. Point Township Dr, south of Ridge Rd",Point Township Dr,WB,2026-04-23,19:30:00,19:45:00,4/21/2026,10:00 AM,,,66,1,0,44,17,1,1,1,0,0,1,0,0
input_xlsx.xlsx,"ATR 1. Point Township Dr, south of Ridge Rd",Point Township Dr,WB,2026-04-23,19:45:00,20:00:00,4/21/2026,10:00 AM,,,93,0,1,71,18,0,0,2,0,1,0,0,0
input_xlsx.xlsx,"ATR 1. Point Township Dr, south of Ridge Rd",Point Township Dr,WB,2026-04-23,20:00:00,20:15:00,4/21/2026,10:00 AM,,,60,0,0,45,12,1,0,1,0,0,1,0,0
input_xlsx.xlsx,"ATR 1. Point Township Dr, south of Ridge Rd",Point Township Dr,WB,2026-04-23,20:15:00,20:30:00,4/21/2026,10:00 AM,,,43,0,0,34,7,0,0,0,1,0,1,0,0
input_xlsx.xlsx,"ATR 1. Point Township Dr, south of Ridge Rd",Point Township Dr,WB,2026-04-23,20:30:00,20:45:00,4/21/2026,10:00 AM,,,34,0,0,24,9,0,0,0,0,0,1,0,0
input_xlsx.xlsx,"ATR 1. Point Township Dr, south of Ridge Rd",Point Township Dr,WB,2026-04-23,20:45:00,21:00:00,4/21/2026,10:00 AM,,,33,0,0,26,4,0,0,1,0,0,1,1,0
input_xlsx.xlsx,"ATR 1. Point Township Dr, south of Ridge Rd",Point Township Dr,WB,2026-04-23,21:00:00,21:15:00,4/21/2026,10:00 AM,,,30,0,0,19,6,2,0,1,1,1,0,0,0
input_xlsx.xlsx,"ATR 1. Point Township Dr, south of Ridge Rd",Point Township Dr,WB,2026-04-23,21:15:00,21:30:00,4/21/2026,10:00 AM,,,27,0,0,14,9,1,1,1,0,0,1,0,0
input_xlsx.xlsx,"ATR 1. Point Township Dr, south of Ridge Rd",Point Township Dr,WB,2026-04-23,21:30:00,21:45:00,4/21/2026,10:00 AM,,,21,1,0,12,6,1,0,0,0,1,0,0,0
input_xlsx.xlsx,"ATR 1. Point Township Dr, south of Ridge Rd",Point Township Dr,WB,2026-04-23,21:45:00,22:00:00,4/21/2026,10:00 AM,,,25,0,0,18,2,1,2,1,1,0,0,0,0
input_xlsx.xlsx,"ATR 1. Point Township Dr, south of Ridge Rd",Point Township Dr,WB,2026-04-23,22:00:00,22:15:00,4/21/2026,10:00 AM,,,15,0,1,10,3,0,0,1,0,0,0,0,0
input_xlsx.xlsx,"ATR 1. Point Township Dr, south of Ridge Rd",Point Township Dr,WB,2026-04-23,22:15:00,22:30:00,4/21/2026,10:00 AM,,,11,0,0,7,3,0,0,0,0,1,0,0,0
input_xlsx.xlsx,"ATR 1. Point Township Dr, south of Ridge Rd",Point Township Dr,WB,2026-04-23,22:30:00,22:45:00,4/21/2026,10:00 AM,,,10,0,0,8,1,0,1,0,0,0,0,0,0
input_xlsx.xlsx,"ATR 1. Point Township Dr, south of Ridge Rd",Point Township Dr,WB,2026-04-23,22:45:00,23:00:00,4/21/2026,10:00 AM,,,16,0,0,10,2,2,0,0,1,0,1,0,0
input_xlsx.xlsx,"ATR 1. Point Township Dr, south of Ridge Rd",Point Township Dr,WB,2026-04-23,23:00:00,23:15:00,4/21/2026,10:00 AM,,,7,0,0,4,2,0,0,0,0,0,1,0,0
input_xlsx.xlsx,"ATR 1. Point Township Dr, south of Ridge Rd",Point Township Dr,WB,2026-04-23,23:15:00,23:30:00,4/21/2026,10:00 AM,,,16,0,0,12,3,0,0,0,0,0,1,0,0
input_xlsx.xlsx,"ATR 1. Point Township Dr, south of Ridge Rd",Point Township Dr,WB,2026-04-23,23:30:00,23:45:00,4/21/2026,10:00 AM,,,23,0,1,19,2,0,0,0,0,1,0,0,0
input_xlsx.xlsx,"ATR 1. Point Township Dr, south of Ridge Rd",Point Township Dr,WB,2026-04-23,23:45:00,00:00:00,4/21/2026,10:00 AM,,,13,0,0,12,0,0,0,1,0,0,0,0,0
input_xlsx.xlsx,"ATR 1. Point Township Dr, south of Ridge Rd",Point Township Dr,WB,2026-04-24,00:00:00,00:15:00,4/21/2026,10:00 AM,,,8,0,0,5,1,0,0,1,0,1,0,0,0
input_xlsx.xlsx,"ATR 1. Point Township Dr, south of Ridge Rd",Point Township Dr,WB,2026-04-24,00:15:00,00:30:00,4/21/2026,10:00 AM,,,11,0,0,8,2,1,0,0,0,0,0,0,0
input_xlsx.xlsx,"ATR 1. Point Township Dr, south of Ridge Rd",Point Township Dr,WB,2026-04-24,00:30:00,00:45:00,4/21/2026,10:00 AM,,,9,0,0,6,2,0,0,0,0,0,1,0,0
input_xlsx.xlsx,"ATR 1. Point Township Dr, south of Ridge Rd",Point Township Dr,WB,2026-04-24,00:45:00,01:00:00,4/21/2026,10:00 AM,,,4,0,0,2,1,1,0,0,0,0,0,0,0
input_xlsx.xlsx,"ATR 1. Point Township Dr, south of Ridge Rd",Point Township Dr,WB,2026-04-24,01:00:00,01:15:00,4/21/2026,10:00 AM,,,7,0,0,4,1,1,0,1,0,0,0,0,0
input_xlsx.xlsx,"ATR 1. Point Township Dr, south of Ridge Rd",Point Township Dr,WB,2026-04-24,01:15:00,01:30:00,4/21/2026,10:00 AM,,,4,0,0,2,1,1,0,0,0,0,0,0,0
input_xlsx.xlsx,"ATR 1. Point Township Dr, south of Ridge Rd",Point Township Dr,WB,2026-04-24,01:30:00,01:45:00,4/21/2026,10:00 AM,,,3,0,0,2,0,0,0,0,0,0,1,0,0
input_xlsx.xlsx,"ATR 1. Point Township Dr, south of Ridge Rd",Point Township Dr,WB,2026-04-24,01:45:00,02:00:00,4/21/2026,10:00 AM,,,1,0,0,1,0,0,0,0,0,0,0,0,0
input_xlsx.xlsx,"ATR 1. Point Township Dr, south of Ridge Rd",Point Township Dr,WB,2026-04-24,02:00:00,02:15:00,4/21/2026,10:00 AM,,,5,0,0,3,1,1,0,0,0,0,0,0,0
input_xlsx.xlsx,"ATR 1. Point Township Dr, south of Ridge Rd",Point Township Dr,WB,2026-04-24,02:15:00,02:30:00,4/21/2026,10:00 AM,,,8,0,0,4,0,1,0,0,0,1,1,1,0
input_xlsx.xlsx,"ATR 1. Point Township Dr, south of Ridge Rd",Point Township Dr,WB,2026-04-24,02:30:00,02:45:00,4/21/2026,10:00 AM,,,6,1,0,4,1,0,0,0,0,0,0,0,0
input_xlsx.xlsx,"ATR 1. Point Township Dr, south of Ridge Rd",Point Township Dr,WB,2026-04-24,02:45:00,03:00:00,4/21/2026,10:00 AM,,,6,0,0,3,1,0,0,0,0,1,1,0,0
input_xlsx.xlsx,"ATR 1. Point Township Dr, south of Ridge Rd",Point Township Dr,WB,2026-04-24,03:00:00,03:15:00,4/21/2026,10:00 AM,,,4,0,0,1,1,0,1,0,0,0,1,0,0
input_xlsx.xlsx,"ATR 1. Point Township Dr, south of Ridge Rd",Point Township Dr,WB,2026-04-24,03:15:00,03:30:00,4/21/2026,10:00 AM,,,4,0,0,2,1,0,0,1,0,0,0,0,0
input_xlsx.xlsx,"ATR 1. Point Township Dr, south of Ridge Rd",Point Township Dr,WB,2026-04-24,03:30:00,03:45:00,4/21/2026,10:00 AM,,,6,0,0,3,1,1,0,0,0,0,1,0,0
input_xlsx.xlsx,"ATR 1. Point Township Dr, south of Ridge Rd",Point Township Dr,WB,2026-04-24,03:45:00,04:00:00,4/21/2026,10:00 AM,,,8,0,0,4,0,2,0,0,0,0,1,1,0
input_xlsx.xlsx,"ATR 1. Point Township Dr, south of Ridge Rd",Point Township Dr,WB,2026-04-24,04:00:00,04:15:00,4/21/2026,10:00 AM,,,8,0,0,3,2,1,0,0,0,0,0,2,0
input_xlsx.xlsx,"ATR 1. Point Township Dr, south of Ridge Rd",Point Township Dr,WB,2026-04-24,04:15:00,04:30:00,4/21/2026,10:00 AM,,,13,0,0,4,5,0,1,1,0,1,1,0,0
input_xlsx.xlsx,"ATR 1. Point Township Dr, south of Ridge Rd",Point Township Dr,WB,2026-04-24,04:30:00,04:45:00,4/21/2026,10:00 AM,,,24,0,1,10,6,1,0,2,0,2,2,0,0
input_xlsx.xlsx,"ATR 1. Point Township Dr, south of Ridge Rd",Point Township Dr,WB,2026-04-24,04:45:00,05:00:00,4/21/2026,10:00 AM,,,19,0,0,7,5,0,3,0,0,1,3,0,0
input_xlsx.xlsx,"ATR 1. Point Township Dr, south of Ridge Rd",Point Township Dr,WB,2026-04-24,05:00:00,05:15:00,4/21/2026,10:00 AM,,,14,0,0,6,4,0,0,1,0,0,2,1,0
input_xlsx.xlsx,"ATR 1. Point Township Dr, south of Ridge Rd",Point Township Dr,WB,2026-04-24,05:15:00,05:30:00,4/21/2026,10:00 AM,,,22,0,1,14,5,1,1,0,0,0,0,0,0
input_xlsx.xlsx,"ATR 1. Point Township Dr, south of Ridge Rd",Point Township Dr,WB,2026-04-24,05:30:00,05:45:00,4/21/2026,10:00 AM,,,31,0,0,21,7,2,1,0,0,0,0,0,0
input_xlsx.xlsx,"ATR 1. Point Township Dr, south of Ridge Rd",Point Township Dr,WB,2026-04-24,05:45:00,06:00:00,4/21/2026,10:00 AM,,,29,0,0,11,14,2,0,1,0,0,1,0,0
input_xlsx.xlsx,"ATR 1. Point Township Dr, south of Ridge Rd",Point Township Dr,WB,2026-04-24,06:00:00,06:15:00,4/21/2026,10:00 AM,,,36,0,0,18,12,2,0,0,0,1,2,1,0
input_xlsx.xlsx,"ATR 1. Point Township Dr, south of Ridge Rd",Point Township Dr,WB,2026-04-24,06:15:00,06:30:00,4/21/2026,10:00 AM,,,50,0,1,30,12,1,1,3,0,1,1,0,0
input_xlsx.xlsx,"ATR 1. Point Township Dr, south of Ridge Rd",Point Township Dr,WB,2026-04-24,06:30:00,06:45:00,4/21/2026,10:00 AM,,,66,0,0,48,8,2,1,4,1,1,1,0,0
input_xlsx.xlsx,"ATR 1. Point Township Dr, south of Ridge Rd",Point Township Dr,WB,2026-04-24,06:45:00,07:00:00,4/21/2026,10:00 AM,,,62,1,0,25,20,4,3,4,0,0,5,0,0
input_xlsx.xlsx,"ATR 1. Point Township Dr, south of Ridge Rd",Point Township Dr,WB,2026-04-24,07:00:00,07:15:00,4/21/2026,10:00 AM,,,64,0,0,41,18,1,2,0,0,2,0,0,0
input_xlsx.xlsx,"ATR 1. Point Township Dr, south of Ridge Rd",Point Township Dr,WB,2026-04-24,07:15:00,07:30:00,4/21/2026,10:00 AM,,,69,0,0,47,10,2,2,6,1,1,0,0,0
input_xlsx.xlsx,"ATR 1. Point Township Dr, south of Ridge Rd",Point Township Dr,WB,2026-04-24,07:30:00,07:45:00,4/21/2026,10:00 AM,,,105,0,0,75,15,2,6,4,1,0,2,0,0
input_xlsx.xlsx,"ATR 1. Point Township Dr, south of Ridge Rd",Point Township Dr,WB,2026-04-24,07:45:00,08:00:00,4/21/2026,10:00 AM,,,88,1,1,51,23,6,2,1,0,0,2,1,0
input_xlsx.xlsx,"ATR 1. Point Township Dr, south of Ridge Rd",Point Township Dr,WB,2026-04-24,08:00:00,08:15:00,4/21/2026,10:00 AM,,,95,0,1,67,16,2,2,4,0,1,1,1,0
input_xlsx.xlsx,"ATR 1. Point Township Dr, south of Ridge Rd",Point Township Dr,WB,2026-04-24,08:15:00,08:30:00,4/21/2026,10:00 AM,,,75,0,0,47,17,3,2,1,0,1,0,4,0
input_xlsx.xlsx,"ATR 1. Point Township Dr, south of Ridge Rd",Point Township Dr,WB,2026-04-24,08:30:00,08:45:00,4/21/2026,10:00 AM,,,82,0,0,50,21,4,0,1,0,3,2,1,0
input_xlsx.xlsx,"ATR 1. Point Township Dr, south of Ridge Rd",Point Township Dr,WB,2026-04-24,08:45:00,09:00:00,4/21/2026,10:00 AM,,,74,0,0,46,20,2,0,2,1,0,0,3,0
input_xlsx.xlsx,"ATR 1. Point Township Dr, south of Ridge Rd",Point Township Dr,WB,2026-04-24,09:00:00,09:15:00,4/21/2026,10:00 AM,,,70,1,0,40,15,5,5,2,1,0,1,0,0
input_xlsx.xlsx,"ATR 1. Point Township Dr, south of Ridge Rd",Point Township Dr,WB,2026-04-24,09:15:00,09:30:00,4/21/2026,10:00 AM,,,63,0,1,36,20,3,1,0,1,0,1,0,0
input_xlsx.xlsx,"ATR 1. Point Township Dr, south of Ridge Rd",Point Township Dr,WB,2026-04-24,09:30:00,09:45:00,4/21/2026,10:00 AM,,,73,0,0,46,19,1,0,1,0,2,2,2,0
input_xlsx.xlsx,"ATR 1. Point Township Dr, south of Ridge Rd",Point Township Dr,WB,2026-04-24,09:45:00,10:00:00,4/21/2026,10:00 AM,,,88,0,1,55,17,5,1,2,1,0,3,3,0
input_xlsx.xlsx,"ATR 1. Point Township Dr, south of Ridge Rd",Point Township Dr,WB,2026-04-24,10:00:00,10:15:00,4/21/2026,10:00 AM,,,80,0,1,51,18,1,0,5,0,2,0,2,0
input_xlsx.xlsx,"ATR 1. Point Township Dr, south of Ridge Rd",Point Township Dr,WB,2026-04-24,10:15:00,10:30:00,4/21/2026,10:00 AM,,,97,0,1,59,20,6,1,3,2,1,1,3,0
input_xlsx.xlsx,"ATR 1. Point Township Dr, south of Ridge Rd",Point Township Dr,WB,2026-04-24,10:30:00,10:45:00,4/21/2026,10:00 AM,,,93,0,0,55,22,5,4,6,0,0,1,0,0
input_xlsx.xlsx,"ATR 1. Point Township Dr, south of Ridge Rd",Point Township Dr,WB,2026-04-24,10:45:00,11:00:00,4/21/2026,10:00 AM,,,82,0,0,55,16,1,3,3,1,2,1,0,0
input_xlsx.xlsx,"ATR 1. Point Township Dr, south of Ridge Rd",Point Township Dr,WB,2026-04-24,11:00:00,11:15:00,4/21/2026,10:00 AM,,,34,0,0,20,8,3,1,2,0,0,0,0,0
input_xlsx.xlsx,"ATR 1. Point Township Dr, south of Ridge Rd",Point Township Dr,EB,2026-04-21,10:00:00,10:15:00,4/21/2026,10:00 AM,,,0,0,0,0,0,0,0,0,0,0,0,0,0
input_xlsx.xlsx,"ATR 1. Point Township Dr, south of Ridge Rd",Point Township Dr,EB,2026-04-21,10:15:00,10:30:00,4/21/2026,10:00 AM,,,0,0,0,0,0,0,0,0,0,0,0,0,0
input_xlsx.xlsx,"ATR 1. Point Township Dr, south of Ridge Rd",Point Township Dr,EB,2026-04-21,10:30:00,10:45:00,4/21/2026,10:00 AM,,,0,0,0,0,0,0,0,0,0,0,0,0,0
input_xlsx.xlsx,"ATR 1. Point Township Dr, south of Ridge Rd",Point Township Dr,EB,2026-04-21,10:45:00,11:00:00,4/21/2026,10:00 AM,,,66,0,1,43,15,3,2,1,0,0,1,0,0
input_xlsx.xlsx,"ATR 1. Point Township Dr, south of Ridge Rd",Point Township Dr,EB,2026-04-21,11:00:00,11:15:00,4/21/2026,10:00 AM,,,71,0,1,35,22,2,3,3,2,0,2,1,0
input_xlsx.xlsx,"ATR 1. Point Township Dr, south of Ridge Rd",Point Township Dr,EB,2026-04-21,11:15:00,11:30:00,4/21/2026,10:00 AM,,,60,0,0,32,18,2,1,2,1,1,1,2,0
input_xlsx.xlsx,"ATR 1. Point Township Dr, south of Ridge Rd",Point Township Dr,EB,2026-04-21,11:30:00,11:45:00,4/21/2026,10:00 AM,,,87,0,1,46,22,5,4,2,1,0,3,3,0
input_xlsx.xlsx,"ATR 1. Point Township Dr, south of Ridge Rd",Point Township Dr,EB,2026-04-21,11:45:00,12:00:00,4/21/2026,10:00 AM,,,72,0,1,34,28,3,0,0,1,2,1,2,0
input_xlsx.xlsx,"ATR 1. Point Township Dr, south of Ridge Rd",Point Township Dr,EB,2026-04-21,12:00:00,12:15:00,4/21/2026,10:00 AM,,,68,0,0,38,22,3,0,1,0,1,1,2,0
input_xlsx.xlsx,"ATR 1. Point Township Dr, south of Ridge Rd",Point Township Dr,EB,2026-04-21,12:15:00,12:30:00,4/21/2026,10:00 AM,,,90,0,1,42,29,8,1,3,1,3,2,0,0
input_xlsx.xlsx,"ATR 1. Point Township Dr, south of Ridge Rd",Point Township Dr,EB,2026-04-21,12:30:00,12:45:00,4/21/2026,10:00 AM,,,72,0,1,37,24,4,1,2,1,1,1,0,0
input_xlsx.xlsx,"ATR 1. Point Township Dr, south of Ridge Rd",Point Township Dr,EB,2026-04-21,12:45:00,13:00:00,4/21/2026,10:00 AM,,,73,0,1,33,23,6,2,1,2,2,0,3,0
input_xlsx.xlsx,"ATR 1. Point Township Dr, south of Ridge Rd",Point Township Dr,EB,2026-04-21,13:00:00,13:15:00,4/21/2026,10:00 AM,,,69,0,0,40,22,1,1,3,1,0,1,0,0
input_xlsx.xlsx,"ATR 1. Point Township Dr, south of Ridge Rd",Point Township Dr,EB,2026-04-21,13:15:00,13:30:00,4/21/2026,10:00 AM,,,84,0,1,40,29,3,1,2,3,1,3,1,0
input_xlsx.xlsx,"ATR 1. Point Township Dr, south of Ridge Rd",Point Township Dr,EB,2026-04-21,13:30:00,13:45:00,4/21/2026,10:00 AM,,,77,0,0,42,23,4,1,1,3,1,1,1,0
input_xlsx.xlsx,"ATR 1. Point Township Dr, south of Ridge Rd",Point Township Dr,EB,2026-04-21,13:45:00,14:00:00,4/21/2026,10:00 AM,,,58,1,0,27,22,2,1,2,0,1,1,1,0
input_xlsx.xlsx,"ATR 1. Point Township Dr, south of Ridge Rd",Point Township Dr,EB,2026-04-21,14:00:00,14:15:00,4/21/2026,10:00 AM,,,85,0,0,49,27,4,1,2,2,0,0,0,0
input_xlsx.xlsx,"ATR 1. Point Township Dr, south of Ridge Rd",Point Township Dr,EB,2026-04-21,14:15:00,14:30:00,4/21/2026,10:00 AM,,,98,0,1,46,24,10,4,4,2,3,4,0,0
input_xlsx.xlsx,"ATR 1. Point Township Dr, south of Ridge Rd",Point Township Dr,EB,2026-04-21,14:30:00,14:45:00,4/21/2026,10:00 AM,,,106,0,0,56,39,5,1,0,0,0,1,4,0
input_xlsx.xlsx,"ATR 1. Point Township Dr, south of Ridge Rd",Point Township Dr,EB,2026-04-21,14:45:00,15:00:00,4/21/2026,10:00 AM,,,100,0,1,57,24,5,6,2,1,0,3,1,0
input_xlsx.xlsx,"ATR 1. Point Township Dr, south of Ridge Rd",Point Township Dr,EB,2026-04-21,15:00:00,15:15:00,4/21/2026,10:00 AM,,,109,0,1,63,37,2,0,4,0,0,2,0,0
input_xlsx.xlsx,"ATR 1. Point Township Dr, south of Ridge Rd",Point Township Dr,EB,2026-04-21,15:15:00,15:30:00,4/21/2026,10:00 AM,,,89,0,1,55,23,5,0,1,0,1,2,1,0
input_xlsx.xlsx,"ATR 1. Point Township Dr, south of Ridge Rd",Point Township Dr,EB,2026-04-21,15:30:00,15:45:00,4/21/2026,10:00 AM,,,102,0,1,66,26,6,0,0,1,0,0,2,0
input_xlsx.xlsx,"ATR 1. Point Township Dr, south of Ridge Rd",Point Township Dr,EB,2026-04-21,15:45:00,16:00:00,4/21/2026,10:00 AM,,,83,0,0,51,24,4,0,0,1,0,2,1,0
input_xlsx.xlsx,"ATR 1. Point Township Dr, south of Ridge Rd",Point Township Dr,EB,2026-04-21,16:00:00,16:15:00,4/21/2026,10:00 AM,,,96,0,0,56,35,1,1,2,0,0,1,0,0
input_xlsx.xlsx,"ATR 1. Point Township Dr, south of Ridge Rd",Point Township Dr,EB,2026-04-21,16:15:00,16:30:00,4/21/2026,10:00 AM,,,99,0,0,58,32,3,2,4,0,0,0,0,0
input_xlsx.xlsx,"ATR 1. Point Township Dr, south of Ridge Rd",Point Township Dr,EB,2026-04-21,16:30:00,16:45:00,4/21/2026,10:00 AM,,,97,0,0,49,39,7,1,1,0,0,0,0,0
input_xlsx.xlsx,"ATR 1. Point Township Dr, south of Ridge Rd",Point Township Dr,EB,2026-04-21,16:45:00,17:00:00,4/21/2026,10:00 AM,,,76,0,0,46,20,4,0,2,1,1,1,1,0
input_xlsx.xlsx,"ATR 1. Point Township Dr, south of Ridge Rd",Point Township Dr,EB,2026-04-21,17:00:00,17:15:00,4/21/2026,10:00 AM,,,94,1,1,51,36,3,1,0,0,0,0,1,0
input_xlsx.xlsx,"ATR 1. Point Township Dr, south of Ridge Rd",Point Township Dr,EB,2026-04-21,17:15:00,17:30:00,4/21/2026,10:00 AM,,,87,0,0,47,28,6,0,1,1,2,1,1,0
input_xlsx.xlsx,"ATR 1. Point Township Dr, south of Ridge Rd",Point Township Dr,EB,2026-04-21,17:30:00,17:45:00,4/21/2026,10:00 AM,,,69,0,0,41,21,4,0,1,0,0,1,1,0
input_xlsx.xlsx,"ATR 1. Point Township Dr, south of Ridge Rd",Point Township Dr,EB,2026-04-21,17:45:00,18:00:00,4/21/2026,10:00 AM,,,75,0,0,52,19,3,0,0,0,0,0,1,0
input_xlsx.xlsx,"ATR 1. Point Township Dr, south of Ridge Rd",Point Township Dr,EB,2026-04-21,18:00:00,18:15:00,4/21/2026,10:00 AM,,,70,0,1,41,24,2,1,0,0,1,0,0,0
input_xlsx.xlsx,"ATR 1. Point Township Dr, south of Ridge Rd",Point Township Dr,EB,2026-04-21,18:15:00,18:30:00,4/21/2026,10:00 AM,,,74,0,0,48,21,0,0,2,0,0,1,2,0
input_xlsx.xlsx,"ATR 1. Point Township Dr, south of Ridge Rd",Point Township Dr,EB,2026-04-21,18:30:00,18:45:00,4/21/2026,10:00 AM,,,64,0,0,47,15,2,0,0,0,0,0,0,0
input_xlsx.xlsx,"ATR 1. Point Township Dr, south of Ridge Rd",Point Township Dr,EB,2026-04-21,18:45:00,19:00:00,4/21/2026,10:00 AM,,,38,0,0,22,14,1,0,0,0,0,0,1,0
input_xlsx.xlsx,"ATR 1. Point Township Dr, south of Ridge Rd",Point Township Dr,EB,2026-04-21,19:00:00,19:15:00,4/21/2026,10:00 AM,,,39,1,0,25,10,1,0,1,0,0,1,0,0
input_xlsx.xlsx,"ATR 1. Point Township Dr, south of Ridge Rd",Point Township Dr,EB,2026-04-21,19:15:00,19:30:00,4/21/2026,10:00 AM,,,43,0,0,27,11,0,1,1,2,0,1,0,0
input_xlsx.xlsx,"ATR 1. Point Township Dr, south of Ridge Rd",Point Township Dr,EB,2026-04-21,19:30:00,19:45:00,4/21/2026,10:00 AM,,,48,0,0,35,12,1,0,0,0,0,0,0,0
input_xlsx.xlsx,"ATR 1. Point Township Dr, south of Ridge Rd",Point Township Dr,EB,2026-04-21,19:45:00,20:00:00,4/21/2026,10:00 AM,,,41,0,0,29,10,0,0,0,0,0,0,2,0
input_xlsx.xlsx,"ATR 1. Point Township Dr, south of Ridge Rd",Point Township Dr,EB,2026-04-21,20:00:00,20:15:00,4/21/2026,10:00 AM,,,36,0,0,20,11,0,0,0,0,1,1,3,0
input_xlsx.xlsx,"ATR 1. Point Township Dr, south of Ridge Rd",Point Township Dr,EB,2026-04-21,20:15:00,20:30:00,4/21/2026,10:00 AM,,,27,0,0,16,9,0,0,0,1,0,1,0,0
input_xlsx.xlsx,"ATR 1. Point Township Dr, south of Ridge Rd",Point Township Dr,EB,2026-04-21,20:30:00,20:45:00,4/21/2026,10:00 AM,,,27,0,0,16,10,0,0,0,0,0,1,0,0
input_xlsx.xlsx,"ATR 1. Point Township Dr, south of Ridge Rd",Point Township Dr,EB,2026-04-21,20:45:00,21:00:00,4/21/2026,10:00 AM,,,31,0,0,25,4,0,0,0,0,1,0,1,0
input_xlsx.xlsx,"ATR 1. Point Township Dr, south of Ridge Rd",Point Township Dr,EB,2026-04-21,21:00:00,21:15:00,4/21/2026,10:00 AM,,,23,0,0,13,5,1,0,1,0,0,0,3,0
input_xlsx.xlsx,"ATR 1. Point Township Dr, south of Ridge Rd",Point Township Dr,EB,2026-04-21,21:15:00,21:30:00,4/21/2026,10:00 AM,,,23,0,0,15,7,0,0,0,0,0,1,0,0
input_xlsx.xlsx,"ATR 1. Point Township Dr, south of Ridge Rd",Point Township Dr,EB,2026-04-21,21:30:00,21:45:00,4/21/2026,10:00 AM,,,23,0,0,11,9,0,0,0,1,0,1,1,0
input_xlsx.xlsx,"ATR 1. Point Township Dr, south of Ridge Rd",Point Township Dr,EB,2026-04-21,21:45:00,22:00:00,4/21/2026,10:00 AM,,,31,0,0,18,10,1,0,0,0,0,2,0,0
input_xlsx.xlsx,"ATR 1. Point Township Dr, south of Ridge Rd",Point Township Dr,EB,2026-04-21,22:00:00,22:15:00,4/21/2026,10:00 AM,,,18,0,0,12,4,0,0,0,0,1,0,1,0
input_xlsx.xlsx,"ATR 1. Point Township Dr, south of Ridge Rd",Point Township Dr,EB,2026-04-21,22:15:00,22:30:00,4/21/2026,10:00 AM,,,19,0,0,15,2,0,0,0,1,0,0,1,0
input_xlsx.xlsx,"ATR 1. Point Township Dr, south of Ridge Rd",Point Township Dr,EB,2026-04-21,22:30:00,22:45:00,4/21/2026,10:00 AM,,,20,0,0,10,6,0,1,0,0,1,2,0,0
input_xlsx.xlsx,"ATR 1. Point Township Dr, south of Ridge Rd",Point Township Dr,EB,2026-04-21,22:45:00,23:00:00,4/21/2026,10:00 AM,,,21,0,0,9,10,0,0,1,0,0,0,1,0
input_xlsx.xlsx,"ATR 1. Point Township Dr, south of Ridge Rd",Point Township Dr,EB,2026-04-21,23:00:00,23:15:00,4/21/2026,10:00 AM,,,9,0,0,7,0,0,0,0,0,1,0,1,0
input_xlsx.xlsx,"ATR 1. Point Township Dr, south of Ridge Rd",Point Township Dr,EB,2026-04-21,23:15:00,23:30:00,4/21/2026,10:00 AM,,,17,0,0,12,2,1,0,0,1,0,1,0,0
input_xlsx.xlsx,"ATR 1. Point Township Dr, south of Ridge Rd",Point Township Dr,EB,2026-04-21,23:30:00,23:45:00,4/21/2026,10:00 AM,,,7,0,0,5,1,0,0,0,0,1,0,0,0
input_xlsx.xlsx,"ATR 1. Point Township Dr, south of Ridge Rd",Point Township Dr,EB,2026-04-21,23:45:00,00:00:00,4/21/2026,10:00 AM,,,9,0,0,7,0,0,1,0,0,1,0,0,0
input_xlsx.xlsx,"ATR 1. Point Township Dr, south of Ridge Rd",Point Township Dr,EB,2026-04-22,00:00:00,00:15:00,4/21/2026,10:00 AM,,,9,0,0,7,1,0,0,0,1,0,0,0,0
input_xlsx.xlsx,"ATR 1. Point Township Dr, south of Ridge Rd",Point Township Dr,EB,2026-04-22,00:15:00,00:30:00,4/21/2026,10:00 AM,,,10,0,0,6,2,0,0,0,0,1,0,1,0
input_xlsx.xlsx,"ATR 1. Point Township Dr, south of Ridge Rd",Point Township Dr,EB,2026-04-22,00:30:00,00:45:00,4/21/2026,10:00 AM,,,9,0,0,9,0,0,0,0,0,0,0,0,0
input_xlsx.xlsx,"ATR 1. Point Township Dr, south of Ridge Rd",Point Township Dr,EB,2026-04-22,00:45:00,01:00:00,4/21/2026,10:00 AM,,,5,0,0,1,2,0,0,0,1,0,0,1,0
input_xlsx.xlsx,"ATR 1. Point Township Dr, south of Ridge Rd",Point Township Dr,EB,2026-04-22,01:00:00,01:15:00,4/21/2026,10:00 AM,,,5,0,0,2,0,1,0,0,0,1,0,1,0
input_xlsx.xlsx,"ATR 1. Point Township Dr, south of Ridge Rd",Point Township Dr,EB,2026-04-22,01:15:00,01:30:00,4/21/2026,10:00 AM,,,3,0,0,1,1,0,0,0,0,0,1,0,0
input_xlsx.xlsx,"ATR 1. Point Township Dr, south of Ridge Rd",Point Township Dr,EB,2026-04-22,01:30:00,01:45:00,4/21/2026,10:00 AM,,,4,0,0,1,2,0,0,0,0,0,1,0,0
input_xlsx.xlsx,"ATR 1. Point Township Dr, south of Ridge Rd",Point Township Dr,EB,2026-04-22,01:45:00,02:00:00,4/21/2026,10:00 AM,,,6,0,0,1,2,0,0,1,0,0,0,2,0
input_xlsx.xlsx,"ATR 1. Point Township Dr, south of Ridge Rd",Point Township Dr,EB,2026-04-22,02:00:00,02:15:00,4/21/2026,10:00 AM,,,9,0,0,6,1,0,0,1,0,0,0,1,0
input_xlsx.xlsx,"ATR 1. Point Township Dr, south of Ridge Rd",Point Township Dr,EB,2026-04-22,02:15:00,02:30:00,4/21/2026,10:00 AM,,,3,0,0,3,0,0,0,0,0,0,0,0,0
input_xlsx.xlsx,"ATR 1. Point Township Dr, south of Ridge Rd",Point Township Dr,EB,2026-04-22,02:30:00,02:45:00,4/21/2026,10:00 AM,,,7,0,0,3,1,2,0,0,0,0,1,0,0
input_xlsx.xlsx,"ATR 1. Point Township Dr, south of Ridge Rd",Point Township Dr,EB,2026-04-22,02:45:00,03:00:00,4/21/2026,10:00 AM,,,6,0,0,4,0,0,0,0,0,1,1,0,0
input_xlsx.xlsx,"ATR 1. Point Township Dr, south of Ridge Rd",Point Township Dr,EB,2026-04-22,03:00:00,03:15:00,4/21/2026,10:00 AM,,,7,0,0,1,0,0,3,1,0,0,2,0,0
input_xlsx.xlsx,"ATR 1. Point Township Dr, south of Ridge Rd",Point Township Dr,EB,2026-04-22,03:15:00,03:30:00,4/21/2026,10:00 AM,,,9,0,0,3,2,1,0,2,0,0,0,1,0
input_xlsx.xlsx,"ATR 1. Point Township Dr, south of Ridge Rd",Point Township Dr,EB,2026-04-22,03:30:00,03:45:00,4/21/2026,10:00 AM,,,11,0,0,4,4,0,0,1,0,0,2,0,0
input_xlsx.xlsx,"ATR 1. Point Township Dr, south of Ridge Rd",Point Township Dr,EB,2026-04-22,03:45:00,04:00:00,4/21/2026,10:00 AM,,,8,0,0,4,4,0,0,0,0,0,0,0,0
input_xlsx.xlsx,"ATR 1. Point Township Dr, south of Ridge Rd",Point Township Dr,EB,2026-04-22,04:00:00,04:15:00,4/21/2026,10:00 AM,,,9,0,0,4,3,1,0,0,0,1,0,0,0
input_xlsx.xlsx,"ATR 1. Point Township Dr, south of Ridge Rd",Point Township Dr,EB,2026-04-22,04:15:00,04:30:00,4/21/2026,10:00 AM,,,8,0,0,4,3,0,0,1,0,0,0,0,0
input_xlsx.xlsx,"ATR 1. Point Township Dr, south of Ridge Rd",Point Township Dr,EB,2026-04-22,04:30:00,04:45:00,4/21/2026,10:00 AM,,,14,0,1,10,2,0,0,0,0,0,1,0,0
input_xlsx.xlsx,"ATR 1. Point Township Dr, south of Ridge Rd",Point Township Dr,EB,2026-04-22,04:45:00,05:00:00,4/21/2026,10:00 AM,,,23,0,0,14,4,2,1,0,0,0,1,1,0
input_xlsx.xlsx,"ATR 1. Point Township Dr, south of Ridge Rd",Point Township Dr,EB,2026-04-22,05:00:00,05:15:00,4/21/2026,10:00 AM,,,44,0,1,19,16,2,1,1,1,1,1,1,0
input_xlsx.xlsx,"ATR 1. Point Township Dr, south of Ridge Rd",Point Township Dr,EB,2026-04-22,05:15:00,05:30:00,4/21/2026,10:00 AM,,,52,0,0,29,17,1,1,0,0,1,3,0,0
input_xlsx.xlsx,"ATR 1. Point Township Dr, south of Ridge Rd",Point Township Dr,EB,2026-04-22,05:30:00,05:45:00,4/21/2026,10:00 AM,,,78,0,0,46,24,1,1,1,0,2,3,0,0
input_xlsx.xlsx,"ATR 1. Point Township Dr, south of Ridge Rd",Point Township Dr,EB,2026-04-22,05:45:00,06:00:00,4/21/2026,10:00 AM,,,63,0,1,40,16,2,0,1,0,1,0,1,1
input_xlsx.xlsx,"ATR 1. Point Township Dr, south of Ridge Rd",Point Township Dr,EB,2026-04-22,06:00:00,06:15:00,4/21/2026,10:00 AM,,,116,0,0,73,33,7,1,1,0,0,1,0,0
input_xlsx.xlsx,"ATR 1. Point Township Dr, south of Ridge Rd",Point Township Dr,EB,2026-04-22,06:15:00,06:30:00,4/21/2026,10:00 AM,,,137,0,0,87,38,6,0,4,0,1,1,0,0
input_xlsx.xlsx,"ATR 1. Point Township Dr, south of Ridge Rd",Point Township Dr,EB,2026-04-22,06:30:00,06:45:00,4/21/2026,10:00 AM,,,142,0,0,93,32,3,3,4,2,1,3,1,0
input_xlsx.xlsx,"ATR 1. Point Township Dr, south of Ridge Rd",Point Township Dr,EB,2026-04-22,06:45:00,07:00:00,4/21/2026,10:00 AM,,,95,0,0,60,19,2,3,4,0,1,5,1,0
input_xlsx.xlsx,"ATR 1. Point Township Dr, south of Ridge Rd",Point Township Dr,EB,2026-04-22,07:00:00,07:15:00,4/21/2026,10:00 AM,,,114,1,1,70,26,3,4,3,0,1,3,2,0
input_xlsx.xlsx,"ATR 1. Point Township Dr, south of Ridge Rd",Point Township Dr,EB,2026-04-22,07:15:00,07:30:00,4/21/2026,10:00 AM,,,125,0,0,89,31,1,2,1,0,0,1,0,0
input_xlsx.xlsx,"ATR 1. Point Township Dr, south of Ridge Rd",Point Township Dr,EB,2026-04-22,07:30:00,07:45:00,4/21/2026,10:00 AM,,,93,0,0,57,27,2,1,3,1,1,0,0,1
input_xlsx.xlsx,"ATR 1. Point Township Dr, south of Ridge Rd",Point Township Dr,EB,2026-04-22,07:45:00,08:00:00,4/21/2026,10:00 AM,,,93,0,0,62,20,4,2,3,2,0,0,0,0
input_xlsx.xlsx,"ATR 1. Point Township Dr, south of Ridge Rd",Point Township Dr,EB,2026-04-22,08:00:00,08:15:00,4/21/2026,10:00 AM,,,81,0,0,51,17,4,0,4,2,1,1,1,0
input_xlsx.xlsx,"ATR 1. Point Township Dr, south of Ridge Rd",Point Township Dr,EB,2026-04-22,08:15:00,08:30:00,4/21/2026,10:00 AM,,,123,0,1,73,29,11,0,5,2,1,0,1,0
input_xlsx.xlsx,"ATR 1. Point Township Dr, south of Ridge Rd",Point Township Dr,EB,2026-04-22,08:30:00,08:45:00,4/21/2026,10:00 AM,,,83,0,0,56,17,2,0,0,0,7,1,0,0
input_xlsx.xlsx,"ATR 1. Point Township Dr, south of Ridge Rd",Point Township Dr,EB,2026-04-22,08:45:00,09:00:00,4/21/2026,10:00 AM,,,87,0,0,49,21,6,4,1,1,1,2,2,0
input_xlsx.xlsx,"ATR 1. Point Township Dr, south of Ridge Rd",Point Township Dr,EB,2026-04-22,09:00:00,09:15:00,4/21/2026,10:00 AM,,,97,0,0,43,27,14,4,2,2,2,2,1,0
input_xlsx.xlsx,"ATR 1. Point Township Dr, south of Ridge Rd",Point Township Dr,EB,2026-04-22,09:15:00,09:30:00,4/21/2026,10:00 AM,,,90,0,0,48,29,1,2,4,3,2,1,0,0
input_xlsx.xlsx,"ATR 1. Point Township Dr, south of Ridge Rd",Point Township Dr,EB,2026-04-22,09:30:00,09:45:00,4/21/2026,10:00 AM,,,93,0,1,51,26,6,2,2,0,2,2,1,0
input_xlsx.xlsx,"ATR 1. Point Township Dr, south of Ridge Rd",Point Township Dr,EB,2026-04-22,09:45:00,10:00:00,4/21/2026,10:00 AM,,,78,0,0,38,21,4,3,8,0,1,2,1,0
input_xlsx.xlsx,"ATR 1. Point Township Dr, south of Ridge Rd",Point Township Dr,EB,2026-04-22,10:00:00,10:15:00,4/21/2026,10:00 AM,,,79,0,1,48,14,6,1,5,2,1,1,0,0
input_xlsx.xlsx,"ATR 1. Point Township Dr, south of Ridge Rd",Point Township Dr,EB,2026-04-22,10:15:00,10:30:00,4/21/2026,10:00 AM,,,77,0,1,41,22,4,5,2,1,0,1,0,0
input_xlsx.xlsx,"ATR 1. Point Township Dr, south of Ridge Rd",Point Township Dr,EB,2026-04-22,10:30:00,10:45:00,4/21/2026,10:00 AM,,,90,0,0,48,26,5,2,2,1,2,1,3,0
input_xlsx.xlsx,"ATR 1. Point Township Dr, south of Ridge Rd",Point Township Dr,EB,2026-04-22,10:45:00,11:00:00,4/21/2026,10:00 AM,,,72,1,1,40,19,6,3,0,1,0,1,0,0
input_xlsx.xlsx,"ATR 1. Point Township Dr, south of Ridge Rd",Point Township Dr,EB,2026-04-22,11:00:00,11:15:00,4/21/2026,10:00 AM,,,82,0,0,36,27,3,4,7,0,2,2,1,0
input_xlsx.xlsx,"ATR 1. Point Township Dr, south of Ridge Rd",Point Township Dr,EB,2026-04-22,11:15:00,11:30:00,4/21/2026,10:00 AM,,,83,0,0,44,22,4,3,2,2,0,5,1,0
input_xlsx.xlsx,"ATR 1. Point Township Dr, south of Ridge Rd",Point Township Dr,EB,2026-04-22,11:30:00,11:45:00,4/21/2026,10:00 AM,,,71,0,2,34,20,4,2,1,1,0,4,2,1
input_xlsx.xlsx,"ATR 1. Point Township Dr, south of Ridge Rd",Point Township Dr,EB,2026-04-22,11:45:00,12:00:00,4/21/2026,10:00 AM,,,84,0,0,44,26,6,1,3,0,2,2,0,0
input_xlsx.xlsx,"ATR 1. Point Township Dr, south of Ridge Rd",Point Township Dr,EB,2026-04-22,12:00:00,12:15:00,4/21/2026,10:00 AM,,,82,0,0,43,25,4,2,3,2,1,1,1,0
input_xlsx.xlsx,"ATR 1. Point Township Dr, south of Ridge Rd",Point Township Dr,EB,2026-04-22,12:15:00,12:30:00,4/21/2026,10:00 AM,,,77,0,1,44,17,6,1,2,2,0,3,1,0
input_xlsx.xlsx,"ATR 1. Point Township Dr, south of Ridge Rd",Point Township Dr,EB,2026-04-22,12:30:00,12:45:00,4/21/2026,10:00 AM,,,85,0,0,52,18,5,2,3,0,1,2,2,0
input_xlsx.xlsx,"ATR 1. Point Township Dr, south of Ridge Rd",Point Township Dr,EB,2026-04-22,12:45:00,13:00:00,4/21/2026,10:00 AM,,,67,0,0,31,21,2,3,4,0,2,4,0,0
input_xlsx.xlsx,"ATR 1. Point Township Dr, south of Ridge Rd",Point Township Dr,EB,2026-04-22,13:00:00,13:15:00,4/21/2026,10:00 AM,,,71,1,0,39,20,1,3,3,1,2,1,0,0
input_xlsx.xlsx,"ATR 1. Point Township Dr, south of Ridge Rd",Point Township Dr,EB,2026-04-22,13:15:00,13:30:00,4/21/2026,10:00 AM,,,90,1,1,56,22,3,2,3,0,1,1,0,0
input_xlsx.xlsx,"ATR 1. Point Township Dr, south of Ridge Rd",Point Township Dr,EB,2026-04-22,13:30:00,13:45:00,4/21/2026,10:00 AM,,,102,0,2,61,23,2,5,3,0,2,2,2,0
input_xlsx.xlsx,"ATR 1. Point Township Dr, south of Ridge Rd",Point Township Dr,EB,2026-04-22,13:45:00,14:00:00,4/21/2026,10:00 AM,,,83,0,0,51,25,3,1,1,1,0,1,0,0
input_xlsx.xlsx,"ATR 1. Point Township Dr, south of Ridge Rd",Point Township Dr,EB,2026-04-22,14:00:00,14:15:00,4/21/2026,10:00 AM,,,71,0,0,37,22,4,5,3,0,0,0,0,0
input_xlsx.xlsx,"ATR 1. Point Township Dr, south of Ridge Rd",Point Township Dr,EB,2026-04-22,14:15:00,14:30:00,4/21/2026,10:00 AM,,,88,0,0,48,28,2,2,5,1,1,0,1,0
input_xlsx.xlsx,"ATR 1. Point Township Dr, south of Ridge Rd",Point Township Dr,EB,2026-04-22,14:30:00,14:45:00,4/21/2026,10:00 AM,,,90,0,0,51,26,4,1,4,0,1,2,1,0
input_xlsx.xlsx,"ATR 1. Point Township Dr, south of Ridge Rd",Point Township Dr,EB,2026-04-22,14:45:00,15:00:00,4/21/2026,10:00 AM,,,82,0,1,42,26,7,2,0,0,2,0,2,0
input_xlsx.xlsx,"ATR 1. Point Township Dr, south of Ridge Rd",Point Township Dr,EB,2026-04-22,15:00:00,15:15:00,4/21/2026,10:00 AM,,,83,0,0,49,28,1,0,5,0,0,0,0,0
input_xlsx.xlsx,"ATR 1. Point Township Dr, south of Ridge Rd",Point Township Dr,EB,2026-04-22,15:15:00,15:30:00,4/21/2026,10:00 AM,,,102,1,1,64,29,1,0,4,0,0,2,0,0
input_xlsx.xlsx,"ATR 1. Point Township Dr, south of Ridge Rd",Point Township Dr,EB,2026-04-22,15:30:00,15:45:00,4/21/2026,10:00 AM,,,92,0,0,57,28,2,0,3,1,1,0,0,0
input_xlsx.xlsx,"ATR 1. Point Township Dr, south of Ridge Rd",Point Township Dr,EB,2026-04-22,15:45:00,16:00:00,4/21/2026,10:00 AM,,,90,0,2,55,25,3,0,2,1,0,2,0,0
input_xlsx.xlsx,"ATR 1. Point Township Dr, south of Ridge Rd",Point Township Dr,EB,2026-04-22,16:00:00,16:15:00,4/21/2026,10:00 AM,,,92,0,0,49,32,6,0,1,1,1,1,1,0
input_xlsx.xlsx,"ATR 1. Point Township Dr, south of Ridge Rd",Point Township Dr,EB,2026-04-22,16:15:00,16:30:00,4/21/2026,10:00 AM,,,87,0,0,53,31,0,2,1,0,0,0,0,0
input_xlsx.xlsx,"ATR 1. Point Township Dr, south of Ridge Rd",Point Township Dr,EB,2026-04-22,16:30:00,16:45:00,4/21/2026,10:00 AM,,,95,1,2,62,24,5,0,1,0,0,0,0,0
input_xlsx.xlsx,"ATR 1. Point Township Dr, south of Ridge Rd",Point Township Dr,EB,2026-04-22,16:45:00,17:00:00,4/21/2026,10:00 AM,,,91,0,1,54,33,2,0,1,0,0,0,0,0
input_xlsx.xlsx,"ATR 1. Point Township Dr, south of Ridge Rd",Point Township Dr,EB,2026-04-22,17:00:00,17:15:00,4/21/2026,10:00 AM,,,94,0,1,53,33,5,1,0,1,0,0,0,0
input_xlsx.xlsx,"ATR 1. Point Township Dr, south of Ridge Rd",Point Township Dr,EB,2026-04-22,17:15:00,17:30:00,4/21/2026,10:00 AM,,,86,0,0,54,25,2,2,0,0,3,0,0,0
input_xlsx.xlsx,"ATR 1. Point Township Dr, south of Ridge Rd",Point Township Dr,EB,2026-04-22,17:30:00,17:45:00,4/21/2026,10:00 AM,,,66,0,0,43,17,3,0,2,0,0,1,0,0
input_xlsx.xlsx,"ATR 1. Point Township Dr, south of Ridge Rd",Point Township Dr,EB,2026-04-22,17:45:00,18:00:00,4/21/2026,10:00 AM,,,57,0,0,36,18,0,1,0,1,1,0,0,0
input_xlsx.xlsx,"ATR 1. Point Township Dr, south of Ridge Rd",Point Township Dr,EB,2026-04-22,18:00:00,18:15:00,4/21/2026,10:00 AM,,,68,0,0,38,26,1,0,0,1,1,0,1,0
input_xlsx.xlsx,"ATR 1. Point Township Dr, south of Ridge Rd",Point Township Dr,EB,2026-04-22,18:15:00,18:30:00,4/21/2026,10:00 AM,,,80,1,1,51,20,3,1,1,2,0,0,0,0
input_xlsx.xlsx,"ATR 1. Point Township Dr, south of Ridge Rd",Point Township Dr,EB,2026-04-22,18:30:00,18:45:00,4/21/2026,10:00 AM,,,56,1,0,35,15,2,0,1,0,0,1,1,0
input_xlsx.xlsx,"ATR 1. Point Township Dr, south of Ridge Rd",Point Township Dr,EB,2026-04-22,18:45:00,19:00:00,4/21/2026,10:00 AM,,,83,0,0,45,31,2,0,2,0,1,1,1,0
input_xlsx.xlsx,"ATR 1. Point Township Dr, south of Ridge Rd",Point Township Dr,EB,2026-04-22,19:00:00,19:15:00,4/21/2026,10:00 AM,,,46,0,0,29,13,0,0,0,1,0,2,1,0
input_xlsx.xlsx,"ATR 1. Point Township Dr, south of Ridge Rd",Point Township Dr,EB,2026-04-22,19:15:00,19:30:00,4/21/2026,10:00 AM,,,40,0,1,29,8,0,0,2,0,0,0,0,0
input_xlsx.xlsx,"ATR 1. Point Township Dr, south of Ridge Rd",Point Township Dr,EB,2026-04-22,19:30:00,19:45:00,4/21/2026,10:00 AM,,,36,0,0,23,10,0,0,0,0,1,2,0,0
input_xlsx.xlsx,"ATR 1. Point Township Dr, south of Ridge Rd",Point Township Dr,EB,2026-04-22,19:45:00,20:00:00,4/21/2026,10:00 AM,,,40,0,0,28,7,1,0,2,0,0,1,1,0
input_xlsx.xlsx,"ATR 1. Point Township Dr, south of Ridge Rd",Point Township Dr,EB,2026-04-22,20:00:00,20:15:00,4/21/2026,10:00 AM,,,39,0,0,20,14,1,1,1,0,1,1,0,0
input_xlsx.xlsx,"ATR 1. Point Township Dr, south of Ridge Rd",Point Township Dr,EB,2026-04-22,20:15:00,20:30:00,4/21/2026,10:00 AM,,,36,0,0,21,10,0,1,1,0,1,2,0,0
input_xlsx.xlsx,"ATR 1. Point Township Dr, south of Ridge Rd",Point Township Dr,EB,2026-04-22,20:30:00,20:45:00,4/21/2026,10:00 AM,,,39,0,0,28,9,1,0,0,0,0,0,1,0
input_xlsx.xlsx,"ATR 1. Point Township Dr, south of Ridge Rd",Point Township Dr,EB,2026-04-22,20:45:00,21:00:00,4/21/2026,10:00 AM,,,23,0,0,19,3,1,0,0,0,0,0,0,0
input_xlsx.xlsx,"ATR 1. Point Township Dr, south of Ridge Rd",Point Township Dr,EB,2026-04-22,21:00:00,21:15:00,4/21/2026,10:00 AM,,,34,0,0,23,7,0,1,0,0,0,2,1,0
input_xlsx.xlsx,"ATR 1. Point Township Dr, south of Ridge Rd",Point Township Dr,EB,2026-04-22,21:15:00,21:30:00,4/21/2026,10:00 AM,,,27,0,0,15,6,2,0,0,0,1,1,2,0
input_xlsx.xlsx,"ATR 1. Point Township Dr, south of Ridge Rd",Point Township Dr,EB,2026-04-22,21:30:00,21:45:00,4/21/2026,10:00 AM,,,20,0,1,11,5,0,0,1,0,0,2,0,0
input_xlsx.xlsx,"ATR 1. Point Township Dr, south of Ridge Rd",Point Township Dr,EB,2026-04-22,21:45:00,22:00:00,4/21/2026,10:00 AM,,,21,0,0,11,6,0,0,0,1,1,1,1,0
input_xlsx.xlsx,"ATR 1. Point Township Dr, south of Ridge Rd",Point Township Dr,EB,2026-04-22,22:00:00,22:15:00,4/21/2026,10:00 AM,,,21,0,0,12,4,0,1,0,1,0,1,2,0
input_xlsx.xlsx,"ATR 1. Point Township Dr, south of Ridge Rd",Point Township Dr,EB,2026-04-22,22:15:00,22:30:00,4/21/2026,10:00 AM,,,21,0,0,17,2,0,0,0,0,1,1,0,0
input_xlsx.xlsx,"ATR 1. Point Township Dr, south of Ridge Rd",Point Township Dr,EB,2026-04-22,22:30:00,22:45:00,4/21/2026,10:00 AM,,,16,0,0,8,8,0,0,0,0,0,0,0,0
input_xlsx.xlsx,"ATR 1. Point Township Dr, south of Ridge Rd",Point Township Dr,EB,2026-04-22,22:45:00,23:00:00,4/21/2026,10:00 AM,,,17,0,0,11,5,0,0,0,0,0,1,0,0
input_xlsx.xlsx,"ATR 1. Point Township Dr, south of Ridge Rd",Point Township Dr,EB,2026-04-22,23:00:00,23:15:00,4/21/2026,10:00 AM,,,15,0,0,8,3,1,0,0,0,0,1,2,0
input_xlsx.xlsx,"ATR 1. Point Township Dr, south of Ridge Rd",Point Township Dr,EB,2026-04-22,23:15:00,23:30:00,4/21/2026,10:00 AM,,,15,0,0,10,4,0,0,0,0,0,1,0,0
input_xlsx.xlsx,"ATR 1. Point Township Dr, south of Ridge Rd",Point Township Dr,EB,2026-04-22,23:30:00,23:45:00,4/21/2026,10:00 AM,,,7,0,0,3,3,0,0,0,0,0,1,0,0
input_xlsx.xlsx,"ATR 1. Point Township Dr, south of Ridge Rd",Point Township Dr,EB,2026-04-22,23:45:00,00:00:00,4/21/2026,10:00 AM,,,7,0,0,3,3,0,0,1,0,0,0,0,0
input_xlsx.xlsx,"ATR 1. Point Township Dr, south of Ridge Rd",Point Township Dr,EB,2026-04-23,00:00:00,00:15:00,4/21/2026,10:00 AM,,,10,0,0,5,1,0,0,0,0,0,3,1,0
input_xlsx.xlsx,"ATR 1. Point Township Dr, south of Ridge Rd",Point Township Dr,EB,2026-04-23,00:15:00,00:30:00,4/21/2026,10:00 AM,,,10,0,0,4,1,0,1,0,0,0,2,2,0
input_xlsx.xlsx,"ATR 1. Point Township Dr, south of Ridge Rd",Point Township Dr,EB,2026-04-23,00:30:00,00:45:00,4/21/2026,10:00 AM,,,10,0,0,8,1,1,0,0,0,0,0,0,0
input_xlsx.xlsx,"ATR 1. Point Township Dr, south of Ridge Rd",Point Township Dr,EB,2026-04-23,00:45:00,01:00:00,4/21/2026,10:00 AM,,,7,0,0,3,1,0,1,0,1,0,1,0,0
input_xlsx.xlsx,"ATR 1. Point Township Dr, south of Ridge Rd",Point Township Dr,EB,2026-04-23,01:00:00,01:15:00,4/21/2026,10:00 AM,,,6,0,0,2,1,0,0,0,0,0,3,0,0
input_xlsx.xlsx,"ATR 1. Point Township Dr, south of Ridge Rd",Point Township Dr,EB,2026-04-23,01:15:00,01:30:00,4/21/2026,10:00 AM,,,7,0,0,3,3,0,0,1,0,0,0,0,0
input_xlsx.xlsx,"ATR 1. Point Township Dr, south of Ridge Rd",Point Township Dr,EB,2026-04-23,01:30:00,01:45:00,4/21/2026,10:00 AM,,,5,1,0,0,2,0,0,0,0,0,2,0,0
input_xlsx.xlsx,"ATR 1. Point Township Dr, south of Ridge Rd",Point Township Dr,EB,2026-04-23,01:45:00,02:00:00,4/21/2026,10:00 AM,,,7,0,0,3,0,1,2,0,0,0,1,0,0
input_xlsx.xlsx,"ATR 1. Point Township Dr, south of Ridge Rd",Point Township Dr,EB,2026-04-23,02:00:00,02:15:00,4/21/2026,10:00 AM,,,5,0,0,1,1,0,0,1,0,0,1,1,0
input_xlsx.xlsx,"ATR 1. Point Township Dr, south of Ridge Rd",Point Township Dr,EB,2026-04-23,02:15:00,02:30:00,4/21/2026,10:00 AM,,,5,0,0,2,1,0,0,0,0,1,1,0,0
input_xlsx.xlsx,"ATR 1. Point Township Dr, south of Ridge Rd",Point Township Dr,EB,2026-04-23,02:30:00,02:45:00,4/21/2026,10:00 AM,,,6,0,0,3,1,1,1,0,0,0,0,0,0
input_xlsx.xlsx,"ATR 1. Point Township Dr, south of Ridge Rd",Point Township Dr,EB,2026-04-23,02:45:00,03:00:00,4/21/2026,10:00 AM,,,4,0,0,2,0,0,0,0,0,0,0,2,0
input_xlsx.xlsx,"ATR 1. Point Township Dr, south of Ridge Rd",Point Township Dr,EB,2026-04-23,03:00:00,03:15:00,4/21/2026,10:00 AM,,,11,0,0,6,0,3,0,0,0,0,1,1,0
input_xlsx.xlsx,"ATR 1. Point Township Dr, south of Ridge Rd",Point Township Dr,EB,2026-04-23,03:15:00,03:30:00,4/21/2026,10:00 AM,,,6,0,0,1,2,0,0,1,0,2,0,0,0
input_xlsx.xlsx,"ATR 1. Point Township Dr, south of Ridge Rd",Point Township Dr,EB,2026-04-23,03:30:00,03:45:00,4/21/2026,10:00 AM,,,7,0,0,1,2,1,1,0,1,0,0,1,0
input_xlsx.xlsx,"ATR 1. Point Township Dr, south of Ridge Rd",Point Township Dr,EB,2026-04-23,03:45:00,04:00:00,4/21/2026,10:00 AM,,,8,0,0,4,3,0,0,0,0,0,1,0,0
input_xlsx.xlsx,"ATR 1. Point Township Dr, south of Ridge Rd",Point Township Dr,EB,2026-04-23,04:00:00,04:15:00,4/21/2026,10:00 AM,,,11,0,0,3,3,1,0,0,0,1,2,1,0
input_xlsx.xlsx,"ATR 1. Point Township Dr, south of Ridge Rd",Point Township Dr,EB,2026-04-23,04:15:00,04:30:00,4/21/2026,10:00 AM,,,12,0,0,6,4,0,0,0,0,0,2,0,0
input_xlsx.xlsx,"ATR 1. Point Township Dr, south of Ridge Rd",Point Township Dr,EB,2026-04-23,04:30:00,04:45:00,4/21/2026,10:00 AM,,,19,0,0,9,2,3,0,2,0,0,2,1,0
input_xlsx.xlsx,"ATR 1. Point Township Dr, south of Ridge Rd",Point Township Dr,EB,2026-04-23,04:45:00,05:00:00,4/21/2026,10:00 AM,,,29,0,0,9,11,3,0,1,0,0,3,0,2
input_xlsx.xlsx,"ATR 1. Point Township Dr, south of Ridge Rd",Point Township Dr,EB,2026-04-23,05:00:00,05:15:00,4/21/2026,10:00 AM,,,30,0,1,14,10,1,2,1,0,0,1,0,0
input_xlsx.xlsx,"ATR 1. Point Township Dr, south of Ridge Rd",Point Township Dr,EB,2026-04-23,05:15:00,05:30:00,4/21/2026,10:00 AM,,,53,1,0,30,17,3,0,1,1,0,0,0,0
input_xlsx.xlsx,"ATR 1. Point Township Dr, south of Ridge Rd",Point Township Dr,EB,2026-04-23,05:30:00,05:45:00,4/21/2026,10:00 AM,,,79,0,0,47,26,1,1,0,0,0,3,1,0
input_xlsx.xlsx,"ATR 1. Point Township Dr, south of Ridge Rd",Point Township Dr,EB,2026-04-23,05:45:00,06:00:00,4/21/2026,10:00 AM,,,62,0,1,38,17,0,1,2,1,0,1,1,0
input_xlsx.xlsx,"ATR 1. Point Township Dr, south of Ridge Rd",Point Township Dr,EB,2026-04-23,06:00:00,06:15:00,4/21/2026,10:00 AM,,,114,0,0,65,38,3,1,3,0,0,2,2,0
input_xlsx.xlsx,"ATR 1. Point Township Dr, south of Ridge Rd",Point Township Dr,EB,2026-04-23,06:15:00,06:30:00,4/21/2026,10:00 AM,,,145,0,0,87,45,5,3,2,1,1,1,0,0
input_xlsx.xlsx,"ATR 1. Point Township Dr, south of Ridge Rd",Point Township Dr,EB,2026-04-23,06:30:00,06:45:00,4/21/2026,10:00 AM,,,122,0,0,75,35,2,1,5,2,0,1,1,0
input_xlsx.xlsx,"ATR 1. Point Township Dr, south of Ridge Rd",Point Township Dr,EB,2026-04-23,06:45:00,07:00:00,4/21/2026,10:00 AM,,,91,1,0,42,33,4,5,4,1,1,0,0,0
input_xlsx.xlsx,"ATR 1. Point Township Dr, south of Ridge Rd",Point Township Dr,EB,2026-04-23,07:00:00,07:15:00,4/21/2026,10:00 AM,,,125,0,1,73,37,4,3,2,1,1,1,2,0
input_xlsx.xlsx,"ATR 1. Point Township Dr, south of Ridge Rd",Point Township Dr,EB,2026-04-23,07:15:00,07:30:00,4/21/2026,10:00 AM,,,124,0,0,81,33,5,2,0,2,0,1,0,0
input_xlsx.xlsx,"ATR 1. Point Township Dr, south of Ridge Rd",Point Township Dr,EB,2026-04-23,07:30:00,07:45:00,4/21/2026,10:00 AM,,,106,0,1,69,27,5,0,2,1,0,1,0,0
input_xlsx.xlsx,"ATR 1. Point Township Dr, south of Ridge Rd",Point Township Dr,EB,2026-04-23,07:45:00,08:00:00,4/21/2026,10:00 AM,,,89,0,0,56,24,4,1,4,0,0,0,0,0
input_xlsx.xlsx,"ATR 1. Point Township Dr, south of Ridge Rd",Point Township Dr,EB,2026-04-23,08:00:00,08:15:00,4/21/2026,10:00 AM,,,94,0,0,51,29,1,2,4,1,2,3,1,0
input_xlsx.xlsx,"ATR 1. Point Township Dr, south of Ridge Rd",Point Township Dr,EB,2026-04-23,08:15:00,08:30:00,4/21/2026,10:00 AM,,,105,0,2,55,26,7,0,6,0,3,4,2,0
input_xlsx.xlsx,"ATR 1. Point Township Dr, south of Ridge Rd",Point Township Dr,EB,2026-04-23,08:30:00,08:45:00,4/21/2026,10:00 AM,,,84,0,0,50,22,5,3,1,1,2,0,0,0
input_xlsx.xlsx,"ATR 1. Point Township Dr, south of Ridge Rd",Point Township Dr,EB,2026-04-23,08:45:00,09:00:00,4/21/2026,10:00 AM,,,92,0,0,49,30,5,0,3,1,2,2,0,0
input_xlsx.xlsx,"ATR 1. Point Township Dr, south of Ridge Rd",Point Township Dr,EB,2026-04-23,09:00:00,09:15:00,4/21/2026,10:00 AM,,,90,0,1,35,23,10,6,4,2,0,4,4,1
input_xlsx.xlsx,"ATR 1. Point Township Dr, south of Ridge Rd",Point Township Dr,EB,2026-04-23,09:15:00,09:30:00,4/21/2026,10:00 AM,,,95,0,0,59,25,3,1,2,2,1,1,1,0
input_xlsx.xlsx,"ATR 1. Point Township Dr, south of Ridge Rd",Point Township Dr,EB,2026-04-23,09:30:00,09:45:00,4/21/2026,10:00 AM,,,83,0,0,47,22,5,1,3,2,0,3,0,0
input_xlsx.xlsx,"ATR 1. Point Township Dr, south of Ridge Rd",Point Township Dr,EB,2026-04-23,09:45:00,10:00:00,4/21/2026,10:00 AM,,,80,0,0,45,23,4,1,2,0,2,1,2,0
input_xlsx.xlsx,"ATR 1. Point Township Dr, south of Ridge Rd",Point Township Dr,EB,2026-04-23,10:00:00,10:15:00,4/21/2026,10:00 AM,,,63,0,1,36,20,0,1,3,0,1,1,0,0
input_xlsx.xlsx,"ATR 1. Point Township Dr, south of Ridge Rd",Point Township Dr,EB,2026-04-23,10:15:00,10:30:00,4/21/2026,10:00 AM,,,89,1,0,54,21,6,1,3,1,1,1,0,0
input_xlsx.xlsx,"ATR 1. Point Township Dr, south of Ridge Rd",Point Township Dr,EB,2026-04-23,10:30:00,10:45:00,4/21/2026,10:00 AM,,,69,0,0,35,16,6,5,1,0,1,4,1,0
input_xlsx.xlsx,"ATR 1. Point Township Dr, south of Ridge Rd",Point Township Dr,EB,2026-04-23,10:45:00,11:00:00,4/21/2026,10:00 AM,,,63,0,0,36,13,3,4,2,0,2,1,2,0
input_xlsx.xlsx,"ATR 1. Point Township Dr, south of Ridge Rd",Point Township Dr,EB,2026-04-23,11:00:00,11:15:00,4/21/2026,10:00 AM,,,76,0,0,36,31,1,2,3,0,1,2,0,0
input_xlsx.xlsx,"ATR 1. Point Township Dr, south of Ridge Rd",Point Township Dr,EB,2026-04-23,11:15:00,11:30:00,4/21/2026,10:00 AM,,,59,0,0,29,16,3,3,1,2,2,3,0,0
input_xlsx.xlsx,"ATR 1. Point Township Dr, south of Ridge Rd",Point Township Dr,EB,2026-04-23,11:30:00,11:45:00,4/21/2026,10:00 AM,,,96,0,0,57,26,1,3,2,1,1,4,1,0
input_xlsx.xlsx,"ATR 1. Point Township Dr, south of Ridge Rd",Point Township Dr,EB,2026-04-23,11:45:00,12:00:00,4/21/2026,10:00 AM,,,97,0,0,48,35,5,1,4,0,2,2,0,0
input_xlsx.xlsx,"ATR 1. Point Township Dr, south of Ridge Rd",Point Township Dr,EB,2026-04-23,12:00:00,12:15:00,4/21/2026,10:00 AM,,,73,0,0,40,26,1,0,3,0,0,0,3,0
input_xlsx.xlsx,"ATR 1. Point Township Dr, south of Ridge Rd",Point Township Dr,EB,2026-04-23,12:15:00,12:30:00,4/21/2026,10:00 AM,,,91,3,1,47,31,1,1,3,0,0,2,2,0
input_xlsx.xlsx,"ATR 1. Point Township Dr, south of Ridge Rd",Point Township Dr,EB,2026-04-23,12:30:00,12:45:00,4/21/2026,10:00 AM,,,94,0,2,52,23,5,2,5,1,0,3,1,0
input_xlsx.xlsx,"ATR 1. Point Township Dr, south of Ridge Rd",Point Township Dr,EB,2026-04-23,12:45:00,13:00:00,4/21/2026,10:00 AM,,,76,0,2,40,23,3,3,1,0,0,1,3,0
input_xlsx.xlsx,"ATR 1. Point Township Dr, south of Ridge Rd",Point Township Dr,EB,2026-04-23,13:00:00,13:15:00,4/21/2026,10:00 AM,,,77,0,0,42,23,2,5,1,1,1,1,1,0
input_xlsx.xlsx,"ATR 1. Point Township Dr, south of Ridge Rd",Point Township Dr,EB,2026-04-23,13:15:00,13:30:00,4/21/2026,10:00 AM,,,94,1,1,46,36,4,3,1,1,1,0,0,0
input_xlsx.xlsx,"ATR 1. Point Township Dr, south of Ridge Rd",Point Township Dr,EB,2026-04-23,13:30:00,13:45:00,4/21/2026,10:00 AM,,,79,0,1,43,20,7,4,2,1,1,0,0,0
input_xlsx.xlsx,"ATR 1. Point Township Dr, south of Ridge Rd",Point Township Dr,EB,2026-04-23,13:45:00,14:00:00,4/21/2026,10:00 AM,,,70,1,0,40,18,2,0,4,3,2,0,0,0
input_xlsx.xlsx,"ATR 1. Point Township Dr, south of Ridge Rd",Point Township Dr,EB,2026-04-23,14:00:00,14:15:00,4/21/2026,10:00 AM,,,73,0,0,48,21,2,0,1,0,0,1,0,0
input_xlsx.xlsx,"ATR 1. Point Township Dr, south of Ridge Rd",Point Township Dr,EB,2026-04-23,14:15:00,14:30:00,4/21/2026,10:00 AM,,,88,0,0,50,28,1,2,4,2,0,0,1,0
input_xlsx.xlsx,"ATR 1. Point Township Dr, south of Ridge Rd",Point Township Dr,EB,2026-04-23,14:30:00,14:45:00,4/21/2026,10:00 AM,,,110,1,0,60,35,4,2,4,0,4,0,0,0
input_xlsx.xlsx,"ATR 1. Point Township Dr, south of Ridge Rd",Point Township Dr,EB,2026-04-23,14:45:00,15:00:00,4/21/2026,10:00 AM,,,97,0,0,61,29,2,0,5,0,0,0,0,0
input_xlsx.xlsx,"ATR 1. Point Township Dr, south of Ridge Rd",Point Township Dr,EB,2026-04-23,15:00:00,15:15:00,4/21/2026,10:00 AM,,,106,0,1,60,33,2,0,3,2,1,2,1,1
input_xlsx.xlsx,"ATR 1. Point Township Dr, south of Ridge Rd",Point Township Dr,EB,2026-04-23,15:15:00,15:30:00,4/21/2026,10:00 AM,,,105,0,2,60,26,4,3,5,1,0,1,3,0
input_xlsx.xlsx,"ATR 1. Point Township Dr, south of Ridge Rd",Point Township Dr,EB,2026-04-23,15:30:00,15:45:00,4/21/2026,10:00 AM,,,113,0,1,61,37,3,3,3,0,1,1,3,0
input_xlsx.xlsx,"ATR 1. Point Township Dr, south of Ridge Rd",Point Township Dr,EB,2026-04-23,15:45:00,16:00:00,4/21/2026,10:00 AM,,,100,0,0,62,30,5,1,1,0,0,0,1,0
input_xlsx.xlsx,"ATR 1. Point Township Dr, south of Ridge Rd",Point Township Dr,EB,2026-04-23,16:00:00,16:15:00,4/21/2026,10:00 AM,,,100,0,0,61,29,4,0,2,1,0,2,1,0
input_xlsx.xlsx,"ATR 1. Point Township Dr, south of Ridge Rd",Point Township Dr,EB,2026-04-23,16:15:00,16:30:00,4/21/2026,10:00 AM,,,117,1,0,71,38,2,2,0,0,1,1,1,0
input_xlsx.xlsx,"ATR 1. Point Township Dr, south of Ridge Rd",Point Township Dr,EB,2026-04-23,16:30:00,16:45:00,4/21/2026,10:00 AM,,,100,0,0,61,32,5,0,0,1,0,1,0,0
input_xlsx.xlsx,"ATR 1. Point Township Dr, south of Ridge Rd",Point Township Dr,EB,2026-04-23,16:45:00,17:00:00,4/21/2026,10:00 AM,,,104,0,0,68,30,4,1,0,0,0,1,0,0
input_xlsx.xlsx,"ATR 1. Point Township Dr, south of Ridge Rd",Point Township Dr,EB,2026-04-23,17:00:00,17:15:00,4/21/2026,10:00 AM,,,113,0,1,69,32,6,1,1,0,1,2,0,0
input_xlsx.xlsx,"ATR 1. Point Township Dr, south of Ridge Rd",Point Township Dr,EB,2026-04-23,17:15:00,17:30:00,4/21/2026,10:00 AM,,,98,0,0,66,29,2,0,0,0,0,1,0,0
input_xlsx.xlsx,"ATR 1. Point Township Dr, south of Ridge Rd",Point Township Dr,EB,2026-04-23,17:30:00,17:45:00,4/21/2026,10:00 AM,,,77,1,2,36,30,2,0,3,0,0,2,1,0
input_xlsx.xlsx,"ATR 1. Point Township Dr, south of Ridge Rd",Point Township Dr,EB,2026-04-23,17:45:00,18:00:00,4/21/2026,10:00 AM,,,72,1,0,45,24,1,0,1,0,0,0,0,0
input_xlsx.xlsx,"ATR 1. Point Township Dr, south of Ridge Rd",Point Township Dr,EB,2026-04-23,18:00:00,18:15:00,4/21/2026,10:00 AM,,,56,0,0,32,17,3,1,1,1,1,0,0,0
input_xlsx.xlsx,"ATR 1. Point Township Dr, south of Ridge Rd",Point Township Dr,EB,2026-04-23,18:15:00,18:30:00,4/21/2026,10:00 AM,,,79,0,0,43,30,2,0,0,0,1,2,1,0
input_xlsx.xlsx,"ATR 1. Point Township Dr, south of Ridge Rd",Point Township Dr,EB,2026-04-23,18:30:00,18:45:00,4/21/2026,10:00 AM,,,63,0,0,45,15,2,0,1,0,0,0,0,0
input_xlsx.xlsx,"ATR 1. Point Township Dr, south of Ridge Rd",Point Township Dr,EB,2026-04-23,18:45:00,19:00:00,4/21/2026,10:00 AM,,,50,0,0,32,17,1,0,0,0,0,0,0,0
input_xlsx.xlsx,"ATR 1. Point Township Dr, south of Ridge Rd",Point Township Dr,EB,2026-04-23,19:00:00,19:15:00,4/21/2026,10:00 AM,,,40,0,1,24,11,0,0,0,1,1,0,2,0
input_xlsx.xlsx,"ATR 1. Point Township Dr, south of Ridge Rd",Point Township Dr,EB,2026-04-23,19:15:00,19:30:00,4/21/2026,10:00 AM,,,47,0,0,26,16,2,0,1,0,0,1,1,0
input_xlsx.xlsx,"ATR 1. Point Township Dr, south of Ridge Rd",Point Township Dr,EB,2026-04-23,19:30:00,19:45:00,4/21/2026,10:00 AM,,,66,0,0,46,18,2,0,0,0,0,0,0,0
input_xlsx.xlsx,"ATR 1. Point Township Dr, south of Ridge Rd",Point Township Dr,EB,2026-04-23,19:45:00,20:00:00,4/21/2026,10:00 AM,,,47,0,0,27,17,2,0,0,0,0,1,0,0
input_xlsx.xlsx,"ATR 1. Point Township Dr, south of Ridge Rd",Point Township Dr,EB,2026-04-23,20:00:00,20:15:00,4/21/2026,10:00 AM,,,41,0,0,23,13,0,2,0,1,0,0,2,0
input_xlsx.xlsx,"ATR 1. Point Township Dr, south of Ridge Rd",Point Township Dr,EB,2026-04-23,20:15:00,20:30:00,4/21/2026,10:00 AM,,,47,0,0,20,20,1,0,0,1,2,3,0,0
input_xlsx.xlsx,"ATR 1. Point Township Dr, south of Ridge Rd",Point Township Dr,EB,2026-04-23,20:30:00,20:45:00,4/21/2026,10:00 AM,,,46,0,0,26,13,3,0,0,0,0,3,1,0
input_xlsx.xlsx,"ATR 1. Point Township Dr, south of Ridge Rd",Point Township Dr,EB,2026-04-23,20:45:00,21:00:00,4/21/2026,10:00 AM,,,26,0,0,20,4,0,0,1,0,0,0,1,0
input_xlsx.xlsx,"ATR 1. Point Township Dr, south of Ridge Rd",Point Township Dr,EB,2026-04-23,21:00:00,21:15:00,4/21/2026,10:00 AM,,,47,1,0,24,18,1,2,0,0,1,0,0,0
input_xlsx.xlsx,"ATR 1. Point Township Dr, south of Ridge Rd",Point Township Dr,EB,2026-04-23,21:15:00,21:30:00,4/21/2026,10:00 AM,,,35,0,1,21,8,1,0,1,0,1,1,1,0
input_xlsx.xlsx,"ATR 1. Point Township Dr, south of Ridge Rd",Point Township Dr,EB,2026-04-23,21:30:00,21:45:00,4/21/2026,10:00 AM,,,32,0,0,19,8,1,0,2,1,0,1,0,0
input_xlsx.xlsx,"ATR 1. Point Township Dr, south of Ridge Rd",Point Township Dr,EB,2026-04-23,21:45:00,22:00:00,4/21/2026,10:00 AM,,,31,0,0,18,9,1,1,0,1,0,1,0,0
input_xlsx.xlsx,"ATR 1. Point Township Dr, south of Ridge Rd",Point Township Dr,EB,2026-04-23,22:00:00,22:15:00,4/21/2026,10:00 AM,,,10,0,0,5,3,1,0,0,0,0,0,1,0
input_xlsx.xlsx,"ATR 1. Point Township Dr, south of Ridge Rd",Point Township Dr,EB,2026-04-23,22:15:00,22:30:00,4/21/2026,10:00 AM,,,26,0,0,15,8,1,1,0,1,0,0,0,0
input_xlsx.xlsx,"ATR 1. Point Township Dr, south of Ridge Rd",Point Township Dr,EB,2026-04-23,22:30:00,22:45:00,4/21/2026,10:00 AM,,,18,0,0,12,5,0,0,0,0,0,1,0,0
input_xlsx.xlsx,"ATR 1. Point Township Dr, south of Ridge Rd",Point Township Dr,EB,2026-04-23,22:45:00,23:00:00,4/21/2026,10:00 AM,,,23,0,0,14,8,0,0,0,1,0,0,0,0
input_xlsx.xlsx,"ATR 1. Point Township Dr, south of Ridge Rd",Point Township Dr,EB,2026-04-23,23:00:00,23:15:00,4/21/2026,10:00 AM,,,12,0,0,4,8,0,0,0,0,0,0,0,0
input_xlsx.xlsx,"ATR 1. Point Township Dr, south of Ridge Rd",Point Township Dr,EB,2026-04-23,23:15:00,23:30:00,4/21/2026,10:00 AM,,,11,0,0,8,3,0,0,0,0,0,0,0,0
input_xlsx.xlsx,"ATR 1. Point Township Dr, south of Ridge Rd",Point Township Dr,EB,2026-04-23,23:30:00,23:45:00,4/21/2026,10:00 AM,,,12,0,0,5,5,0,0,1,0,0,0,1,0
input_xlsx.xlsx,"ATR 1. Point Township Dr, south of Ridge Rd",Point Township Dr,EB,2026-04-23,23:45:00,00:00:00,4/21/2026,10:00 AM,,,6,0,0,1,1,1,0,0,0,1,1,1,0
input_xlsx.xlsx,"ATR 1. Point Township Dr, south of Ridge Rd",Point Township Dr,EB,2026-04-24,00:00:00,00:15:00,4/21/2026,10:00 AM,,,11,0,0,4,2,2,0,0,0,0,1,2,0
input_xlsx.xlsx,"ATR 1. Point Township Dr, south of Ridge Rd",Point Township Dr,EB,2026-04-24,00:15:00,00:30:00,4/21/2026,10:00 AM,,,14,0,0,7,2,2,3,0,0,0,0,0,0
input_xlsx.xlsx,"ATR 1. Point Township Dr, south of Ridge Rd",Point Township Dr,EB,2026-04-24,00:30:00,00:45:00,4/21/2026,10:00 AM,,,13,0,0,8,1,0,2,0,0,0,1,1,0
input_xlsx.xlsx,"ATR 1. Point Township Dr, south of Ridge Rd",Point Township Dr,EB,2026-04-24,00:45:00,01:00:00,4/21/2026,10:00 AM,,,4,0,0,3,1,0,0,0,0,0,0,0,0
input_xlsx.xlsx,"ATR 1. Point Township Dr, south of Ridge Rd",Point Township Dr,EB,2026-04-24,01:00:00,01:15:00,4/21/2026,10:00 AM,,,10,0,0,2,1,0,1,0,0,1,3,2,0
input_xlsx.xlsx,"ATR 1. Point Township Dr, south of Ridge Rd",Point Township Dr,EB,2026-04-24,01:15:00,01:30:00,4/21/2026,10:00 AM,,,3,0,0,2,1,0,0,0,0,0,0,0,0
input_xlsx.xlsx,"ATR 1. Point Township Dr, south of Ridge Rd",Point Township Dr,EB,2026-04-24,01:30:00,01:45:00,4/21/2026,10:00 AM,,,8,0,0,4,2,1,0,0,0,0,0,1,0
input_xlsx.xlsx,"ATR 1. Point Township Dr, south of Ridge Rd",Point Township Dr,EB,2026-04-24,01:45:00,02:00:00,4/21/2026,10:00 AM,,,7,0,0,4,1,0,0,1,0,0,0,1,0
input_xlsx.xlsx,"ATR 1. Point Township Dr, south of Ridge Rd",Point Township Dr,EB,2026-04-24,02:00:00,02:15:00,4/21/2026,10:00 AM,,,9,0,0,5,1,1,1,0,0,0,1,0,0
input_xlsx.xlsx,"ATR 1. Point Township Dr, south of Ridge Rd",Point Township Dr,EB,2026-04-24,02:15:00,02:30:00,4/21/2026,10:00 AM,,,4,0,0,0,1,0,0,1,0,1,1,0,0
input_xlsx.xlsx,"ATR 1. Point Township Dr, south of Ridge Rd",Point Township Dr,EB,2026-04-24,02:30:00,02:45:00,4/21/2026,10:00 AM,,,5,0,0,1,1,1,0,1,0,0,0,1,0
input_xlsx.xlsx,"ATR 1. Point Township Dr, south of Ridge Rd",Point Township Dr,EB,2026-04-24,02:45:00,03:00:00,4/21/2026,10:00 AM,,,8,0,0,5,0,0,0,0,0,1,1,1,0
input_xlsx.xlsx,"ATR 1. Point Township Dr, south of Ridge Rd",Point Township Dr,EB,2026-04-24,03:00:00,03:15:00,4/21/2026,10:00 AM,,,6,0,0,1,1,1,0,1,0,0,2,0,0
input_xlsx.xlsx,"ATR 1. Point Township Dr, south of Ridge Rd",Point Township Dr,EB,2026-04-24,03:15:00,03:30:00,4/21/2026,10:00 AM,,,8,0,0,2,1,0,1,1,1,1,0,1,0
input_xlsx.xlsx,"ATR 1. Point Township Dr, south of Ridge Rd",Point Township Dr,EB,2026-04-24,03:30:00,03:45:00,4/21/2026,10:00 AM,,,10,0,0,7,2,0,0,0,0,0,1,0,0
input_xlsx.xlsx,"ATR 1. Point Township Dr, south of Ridge Rd",Point Township Dr,EB,2026-04-24,03:45:00,04:00:00,4/21/2026,10:00 AM,,,6,0,0,2,1,1,0,0,0,0,1,1,0
input_xlsx.xlsx,"ATR 1. Point Township Dr, south of Ridge Rd",Point Township Dr,EB,2026-04-24,04:00:00,04:15:00,4/21/2026,10:00 AM,,,10,0,0,1,4,3,1,0,0,0,1,0,0
input_xlsx.xlsx,"ATR 1. Point Township Dr, south of Ridge Rd",Point Township Dr,EB,2026-04-24,04:15:00,04:30:00,4/21/2026,10:00 AM,,,17,0,0,8,5,0,1,1,1,0,0,1,0
input_xlsx.xlsx,"ATR 1. Point Township Dr, south of Ridge Rd",Point Township Dr,EB,2026-04-24,04:30:00,04:45:00,4/21/2026,10:00 AM,,,10,0,0,5,2,2,0,0,0,0,1,0,0
input_xlsx.xlsx,"ATR 1. Point Township Dr, south of Ridge Rd",Point Township Dr,EB,2026-04-24,04:45:00,05:00:00,4/21/2026,10:00 AM,,,26,0,0,12,8,2,0,2,0,0,2,0,0
input_xlsx.xlsx,"ATR 1. Point Township Dr, south of Ridge Rd",Point Township Dr,EB,2026-04-24,05:00:00,05:15:00,4/21/2026,10:00 AM,,,32,0,0,13,15,0,1,2,0,0,1,0,0
input_xlsx.xlsx,"ATR 1. Point Township Dr, south of Ridge Rd",Point Township Dr,EB,2026-04-24,05:15:00,05:30:00,4/21/2026,10:00 AM,,,56,0,0,31,15,3,0,3,0,2,2,0,0
input_xlsx.xlsx,"ATR 1. Point Township Dr, south of Ridge Rd",Point Township Dr,EB,2026-04-24,05:30:00,05:45:00,4/21/2026,10:00 AM,,,53,0,0,28,16,2,1,2,2,1,1,0,0
input_xlsx.xlsx,"ATR 1. Point Township Dr, south of Ridge Rd",Point Township Dr,EB,2026-04-24,05:45:00,06:00:00,4/21/2026,10:00 AM,,,57,0,0,37,12,2,0,1,0,2,1,2,0
input_xlsx.xlsx,"ATR 1. Point Township Dr, south of Ridge Rd",Point Township Dr,EB,2026-04-24,06:00:00,06:15:00,4/21/2026,10:00 AM,,,87,0,0,58,19,4,4,0,0,0,2,0,0
input_xlsx.xlsx,"ATR 1. Point Township Dr, south of Ridge Rd",Point Township Dr,EB,2026-04-24,06:15:00,06:30:00,4/21/2026,10:00 AM,,,123,0,0,72,38,7,2,1,0,1,1,1,0
input_xlsx.xlsx,"ATR 1. Point Township Dr, south of Ridge Rd",Point Township Dr,EB,2026-04-24,06:30:00,06:45:00,4/21/2026,10:00 AM,,,141,1,1,84,42,3,2,4,1,1,1,1,0
input_xlsx.xlsx,"ATR 1. Point Township Dr, south of Ridge Rd",Point Township Dr,EB,2026-04-24,06:45:00,07:00:00,4/21/2026,10:00 AM,,,79,0,0,41,25,4,1,4,2,0,2,0,0
input_xlsx.xlsx,"ATR 1. Point Township Dr, south of Ridge Rd",Point Township Dr,EB,2026-04-24,07:00:00,07:15:00,4/21/2026,10:00 AM,,,84,1,0,47,27,1,3,0,1,1,2,1,0
input_xlsx.xlsx,"ATR 1. Point Township Dr, south of Ridge Rd",Point Township Dr,EB,2026-04-24,07:15:00,07:30:00,4/21/2026,10:00 AM,,,137,0,2,88,35,4,3,2,0,0,2,1,0
input_xlsx.xlsx,"ATR 1. Point Township Dr, south of Ridge Rd",Point Township Dr,EB,2026-04-24,07:30:00,07:45:00,4/21/2026,10:00 AM,,,84,0,0,50,26,4,2,1,0,0,1,0,0
input_xlsx.xlsx,"ATR 1. Point Township Dr, south of Ridge Rd",Point Township Dr,EB,2026-04-24,07:45:00,08:00:00,4/21/2026,10:00 AM,,,65,0,0,42,15,2,0,4,1,0,0,1,0
input_xlsx.xlsx,"ATR 1. Point Township Dr, south of Ridge Rd",Point Township Dr,EB,2026-04-24,08:00:00,08:15:00,4/21/2026,10:00 AM,,,85,0,0,56,21,2,0,2,1,0,2,1,0
input_xlsx.xlsx,"ATR 1. Point Township Dr, south of Ridge Rd",Point Township Dr,EB,2026-04-24,08:15:00,08:30:00,4/21/2026,10:00 AM,,,103,0,0,54,37,6,0,2,1,0,2,1,0
input_xlsx.xlsx,"ATR 1. Point Township Dr, south of Ridge Rd",Point Township Dr,EB,2026-04-24,08:30:00,08:45:00,4/21/2026,10:00 AM,,,74,0,0,40,23,5,1,0,2,1,1,1,0
input_xlsx.xlsx,"ATR 1. Point Township Dr, south of Ridge Rd",Point Township Dr,EB,2026-04-24,08:45:00,09:00:00,4/21/2026,10:00 AM,,,74,0,1,29,28,7,3,2,0,0,3,1,0
input_xlsx.xlsx,"ATR 1. Point Township Dr, south of Ridge Rd",Point Township Dr,EB,2026-04-24,09:00:00,09:15:00,4/21/2026,10:00 AM,,,83,0,0,43,17,13,2,1,1,2,3,1,0
input_xlsx.xlsx,"ATR 1. Point Township Dr, south of Ridge Rd",Point Township Dr,EB,2026-04-24,09:15:00,09:30:00,4/21/2026,10:00 AM,,,89,0,0,50,25,3,3,4,0,1,2,1,0
input_xlsx.xlsx,"ATR 1. Point Township Dr, south of Ridge Rd",Point Township Dr,EB,2026-04-24,09:30:00,09:45:00,4/21/2026,10:00 AM,,,76,0,0,40,25,6,1,1,0,2,1,0,0
input_xlsx.xlsx,"ATR 1. Point Township Dr, south of Ridge Rd",Point Township Dr,EB,2026-04-24,09:45:00,10:00:00,4/21/2026,10:00 AM,,,80,1,0,40,29,4,2,3,0,1,0,0,0
input_xlsx.xlsx,"ATR 1. Point Township Dr, south of Ridge Rd",Point Township Dr,EB,2026-04-24,10:00:00,10:15:00,4/21/2026,10:00 AM,,,70,0,0,39,24,1,0,2,2,1,1,0,0
input_xlsx.xlsx,"ATR 1. Point Township Dr, south of Ridge Rd",Point Township Dr,EB,2026-04-24,10:15:00,10:30:00,4/21/2026,10:00 AM,,,80,1,1,40,24,8,3,1,0,1,0,1,0
input_xlsx.xlsx,"ATR 1. Point Township Dr, south of Ridge Rd",Point Township Dr,EB,2026-04-24,10:30:00,10:45:00,4/21/2026,10:00 AM,,,79,0,0,35,28,8,3,1,0,2,0,2,0
input_xlsx.xlsx,"ATR 1. Point Township Dr, south of Ridge Rd",Point Township Dr,EB,2026-04-24,10:45:00,11:00:00,4/21/2026,10:00 AM,,,93,0,0,59,26,1,1,2,0,2,1,1,0
input_xlsx.xlsx,"ATR 1. Point Township Dr, south of Ridge Rd",Point Township Dr,EB,2026-04-24,11:00:00,11:15:00,4/21/2026,10:00 AM,,,22,0,0,12,8,1,1,0,0,0,0,0,0
