SourceFile,CountName,SiteName,Direction,CountDate,StartTime,EndTime,Volume,SiteCode,StationID
Input_xlxs.xlsx,Input_xlxs,Moose Lodge Rd,SB,2025-06-11,00:00:00,00:15:00,1,,
Input_xlxs.xlsx,Input_xlxs,Moose Lodge Rd,NB,2025-06-11,00:00:00,00:15:00,5,,
Input_xlxs.xlsx,Input_xlxs,Moose Lodge Rd,SB,2025-06-11,01:00:00,01:15:00,4,,
Input_xlxs.xlsx,Input_xlxs,Moose Lodge Rd,NB,2025-06-11,01:00:00,01:15:00,4,,
Input_xlxs.xlsx,Input_xlxs,Moose Lodge Rd,SB,2025-06-11,02:00:00,02:15:00,4,,
Input_xlxs.xlsx,Input_xlxs,Moose Lodge Rd,NB,2025-06-11,02:00:00,02:15:00,8,,
Input_xlxs.xlsx,Input_xlxs,Moose Lodge Rd,SB,2025-06-11,03:00:00,03:15:00,11,,
Input_xlxs.xlsx,Input_xlxs,Moose Lodge Rd,NB,2025-06-11,03:00:00,03:15:00,8,,
Input_xlxs.xlsx,Input_xlxs,Moose Lodge Rd,SB,2025-06-11,04:00:00,04:15:00,12,,
Input_xlxs.xlsx,Input_xlxs,Moose Lodge Rd,NB,2025-06-11,04:00:00,04:15:00,12,,
Input_xlxs.xlsx,Input_xlxs,Moose Lodge Rd,SB,2025-06-11,05:00:00,05:15:00,18,,
Input_xlxs.xlsx,Input_xlxs,Moose Lodge Rd,NB,2025-06-11,05:00:00,05:15:00,43,,
Input_xlxs.xlsx,Input_xlxs,Moose Lodge Rd,SB,2025-06-11,06:00:00,06:15:00,62,,
Input_xlxs.xlsx,Input_xlxs,Moose Lodge Rd,NB,2025-06-11,06:00:00,06:15:00,144,,
Input_xlxs.xlsx,Input_xlxs,Moose Lodge Rd,SB,2025-06-11,07:00:00,07:15:00,92,,
Input_xlxs.xlsx,Input_xlxs,Moose Lodge Rd,NB,2025-06-11,07:00:00,07:15:00,273,,
Input_xlxs.xlsx,Input_xlxs,Moose Lodge Rd,SB,2025-06-11,08:00:00,08:15:00,77,,
Input_xlxs.xlsx,Input_xlxs,Moose Lodge Rd,NB,2025-06-11,08:00:00,08:15:00,160,,
Input_xlxs.xlsx,Input_xlxs,Moose Lodge Rd,SB,2025-06-11,09:00:00,09:15:00,89,,
Input_xlxs.xlsx,Input_xlxs,Moose Lodge Rd,NB,2025-06-11,09:00:00,09:15:00,115,,
Input_xlxs.xlsx,Input_xlxs,Moose Lodge Rd,SB,2025-06-11,10:00:00,10:15:00,89,,
Input_xlxs.xlsx,Input_xlxs,Moose Lodge Rd,NB,2025-06-11,10:00:00,10:15:00,127,,
Input_xlxs.xlsx,Input_xlxs,Moose Lodge Rd,SB,2025-06-11,11:00:00,11:15:00,103,,
Input_xlxs.xlsx,Input_xlxs,Moose Lodge Rd,NB,2025-06-11,11:00:00,11:15:00,117,,
Input_xlxs.xlsx,Input_xlxs,Moose Lodge Rd,SB,2025-06-11,12:00:00,12:15:00,130,,
Input_xlxs.xlsx,Input_xlxs,Moose Lodge Rd,NB,2025-06-11,12:00:00,12:15:00,122,,
Input_xlxs.xlsx,Input_xlxs,Moose Lodge Rd,SB,2025-06-11,13:00:00,13:15:00,108,,
Input_xlxs.xlsx,Input_xlxs,Moose Lodge Rd,NB,2025-06-11,13:00:00,13:15:00,135,,
Input_xlxs.xlsx,Input_xlxs,Moose Lodge Rd,SB,2025-06-11,14:00:00,14:15:00,140,,
Input_xlxs.xlsx,Input_xlxs,Moose Lodge Rd,NB,2025-06-11,14:00:00,14:15:00,119,,
Input_xlxs.xlsx,Input_xlxs,Moose Lodge Rd,SB,2025-06-11,15:00:00,15:15:00,191,,
Input_xlxs.xlsx,Input_xlxs,Moose Lodge Rd,NB,2025-06-11,15:00:00,15:15:00,138,,
Input_xlxs.xlsx,Input_xlxs,Moose Lodge Rd,SB,2025-06-11,16:00:00,16:15:00,227,,
Input_xlxs.xlsx,Input_xlxs,Moose Lodge Rd,NB,2025-06-11,16:00:00,16:15:00,153,,
Input_xlxs.xlsx,Input_xlxs,Moose Lodge Rd,SB,2025-06-11,17:00:00,17:15:00,171,,
Input_xlxs.xlsx,Input_xlxs,Moose Lodge Rd,NB,2025-06-11,17:00:00,17:15:00,135,,
Input_xlxs.xlsx,Input_xlxs,Moose Lodge Rd,SB,2025-06-11,18:00:00,18:15:00,140,,
Input_xlxs.xlsx,Input_xlxs,Moose Lodge Rd,NB,2025-06-11,18:00:00,18:15:00,103,,
Input_xlxs.xlsx,Input_xlxs,Moose Lodge Rd,SB,2025-06-11,19:00:00,19:15:00,86,,
Input_xlxs.xlsx,Input_xlxs,Moose Lodge Rd,NB,2025-06-11,19:00:00,19:15:00,74,,
Input_xlxs.xlsx,Input_xlxs,Moose Lodge Rd,SB,2025-06-11,20:00:00,20:15:00,72,,
Input_xlxs.xlsx,Input_xlxs,Moose Lodge Rd,NB,2025-06-11,20:00:00,20:15:00,55,,
Input_xlxs.xlsx,Input_xlxs,Moose Lodge Rd,SB,2025-06-11,21:00:00,21:15:00,48,,
Input_xlxs.xlsx,Input_xlxs,Moose Lodge Rd,NB,2025-06-11,21:00:00,21:15:00,37,,
Input_xlxs.xlsx,Input_xlxs,Moose Lodge Rd,SB,2025-06-11,22:00:00,22:15:00,26,,
Input_xlxs.xlsx,Input_xlxs,Moose Lodge Rd,NB,2025-06-11,22:00:00,22:15:00,27,,
Input_xlxs.xlsx,Input_xlxs,Moose Lodge Rd,SB,2025-06-11,23:00:00,23:15:00,10,,
Input_xlxs.xlsx,Input_xlxs,Moose Lodge Rd,NB,2025-06-11,23:00:00,23:15:00,10,,
Input_xlxs.xlsx,Input_xlxs,Moose Lodge Rd,SB,2025-06-12,00:00:00,00:15:00,4,,
Input_xlxs.xlsx,Input_xlxs,Moose Lodge Rd,NB,2025-06-12,00:00:00,00:15:00,3,,
Input_xlxs.xlsx,Input_xlxs,Moose Lodge Rd,SB,2025-06-12,01:00:00,01:15:00,1,,
Input_xlxs.xlsx,Input_xlxs,Moose Lodge Rd,NB,2025-06-12,01:00:00,01:15:00,7,,
Input_xlxs.xlsx,Input_xlxs,Moose Lodge Rd,SB,2025-06-12,02:00:00,02:15:00,5,,
Input_xlxs.xlsx,Input_xlxs,Moose Lodge Rd,NB,2025-06-12,02:00:00,02:15:00,4,,
Input_xlxs.xlsx,Input_xlxs,Moose Lodge Rd,SB,2025-06-12,03:00:00,03:15:00,13,,
Input_xlxs.xlsx,Input_xlxs,Moose Lodge Rd,NB,2025-06-12,03:00:00,03:15:00,11,,
Input_xlxs.xlsx,Input_xlxs,Moose Lodge Rd,SB,2025-06-12,04:00:00,04:15:00,14,,
Input_xlxs.xlsx,Input_xlxs,Moose Lodge Rd,NB,2025-06-12,04:00:00,04:15:00,9,,
Input_xlxs.xlsx,Input_xlxs,Moose Lodge Rd,SB,2025-06-12,05:00:00,05:15:00,28,,
Input_xlxs.xlsx,Input_xlxs,Moose Lodge Rd,NB,2025-06-12,05:00:00,05:15:00,63,,
Input_xlxs.xlsx,Input_xlxs,Moose Lodge Rd,SB,2025-06-12,06:00:00,06:15:00,64,,
Input_xlxs.xlsx,Input_xlxs,Moose Lodge Rd,NB,2025-06-12,06:00:00,06:15:00,119,,
Input_xlxs.xlsx,Input_xlxs,Moose Lodge Rd,SB,2025-06-12,07:00:00,07:15:00,100,,
Input_xlxs.xlsx,Input_xlxs,Moose Lodge Rd,NB,2025-06-12,07:00:00,07:15:00,254,,
Input_xlxs.xlsx,Input_xlxs,Moose Lodge Rd,SB,2025-06-12,08:00:00,08:15:00,73,,
Input_xlxs.xlsx,Input_xlxs,Moose Lodge Rd,NB,2025-06-12,08:00:00,08:15:00,147,,
Input_xlxs.xlsx,Input_xlxs,Moose Lodge Rd,SB,2025-06-12,09:00:00,09:15:00,80,,
Input_xlxs.xlsx,Input_xlxs,Moose Lodge Rd,NB,2025-06-12,09:00:00,09:15:00,101,,
Input_xlxs.xlsx,Input_xlxs,Moose Lodge Rd,SB,2025-06-12,10:00:00,10:15:00,106,,
Input_xlxs.xlsx,Input_xlxs,Moose Lodge Rd,NB,2025-06-12,10:00:00,10:15:00,127,,
Input_xlxs.xlsx,Input_xlxs,Moose Lodge Rd,SB,2025-06-12,11:00:00,11:15:00,74,,
Input_xlxs.xlsx,Input_xlxs,Moose Lodge Rd,NB,2025-06-12,11:00:00,11:15:00,112,,
Input_xlxs.xlsx,Input_xlxs,Moose Lodge Rd,SB,2025-06-12,12:00:00,12:15:00,112,,
Input_xlxs.xlsx,Input_xlxs,Moose Lodge Rd,NB,2025-06-12,12:00:00,12:15:00,123,,
Input_xlxs.xlsx,Input_xlxs,Moose Lodge Rd,SB,2025-06-12,13:00:00,13:15:00,111,,
Input_xlxs.xlsx,Input_xlxs,Moose Lodge Rd,NB,2025-06-12,13:00:00,13:15:00,111,,
Input_xlxs.xlsx,Input_xlxs,Moose Lodge Rd,SB,2025-06-12,14:00:00,14:15:00,123,,
Input_xlxs.xlsx,Input_xlxs,Moose Lodge Rd,NB,2025-06-12,14:00:00,14:15:00,108,,
Input_xlxs.xlsx,Input_xlxs,Moose Lodge Rd,SB,2025-06-12,15:00:00,15:15:00,196,,
Input_xlxs.xlsx,Input_xlxs,Moose Lodge Rd,NB,2025-06-12,15:00:00,15:15:00,127,,
Input_xlxs.xlsx,Input_xlxs,Moose Lodge Rd,SB,2025-06-12,16:00:00,16:15:00,224,,
Input_xlxs.xlsx,Input_xlxs,Moose Lodge Rd,NB,2025-06-12,16:00:00,16:15:00,127,,
Input_xlxs.xlsx,Input_xlxs,Moose Lodge Rd,SB,2025-06-12,17:00:00,17:15:00,171,,
Input_xlxs.xlsx,Input_xlxs,Moose Lodge Rd,NB,2025-06-12,17:00:00,17:15:00,145,,
Input_xlxs.xlsx,Input_xlxs,Moose Lodge Rd,SB,2025-06-12,18:00:00,18:15:00,125,,
Input_xlxs.xlsx,Input_xlxs,Moose Lodge Rd,NB,2025-06-12,18:00:00,18:15:00,112,,
Input_xlxs.xlsx,Input_xlxs,Moose Lodge Rd,SB,2025-06-12,19:00:00,19:15:00,91,,
Input_xlxs.xlsx,Input_xlxs,Moose Lodge Rd,NB,2025-06-12,19:00:00,19:15:00,75,,
Input_xlxs.xlsx,Input_xlxs,Moose Lodge Rd,SB,2025-06-12,20:00:00,20:15:00,75,,
Input_xlxs.xlsx,Input_xlxs,Moose Lodge Rd,NB,2025-06-12,20:00:00,20:15:00,44,,
Input_xlxs.xlsx,Input_xlxs,Moose Lodge Rd,SB,2025-06-12,21:00:00,21:15:00,33,,
Input_xlxs.xlsx,Input_xlxs,Moose Lodge Rd,NB,2025-06-12,21:00:00,21:15:00,50,,
Input_xlxs.xlsx,Input_xlxs,Moose Lodge Rd,SB,2025-06-12,22:00:00,22:15:00,27,,
Input_xlxs.xlsx,Input_xlxs,Moose Lodge Rd,NB,2025-06-12,22:00:00,22:15:00,25,,
Input_xlxs.xlsx,Input_xlxs,Moose Lodge Rd,SB,2025-06-12,23:00:00,23:15:00,19,,
Input_xlxs.xlsx,Input_xlxs,Moose Lodge Rd,NB,2025-06-12,23:00:00,23:15:00,10,,
Input_xlxs.xlsx,Input_xlxs,Moose Lodge Rd,SB,2025-06-13,00:00:00,00:15:00,3,,
Input_xlxs.xlsx,Input_xlxs,Moose Lodge Rd,NB,2025-06-13,00:00:00,00:15:00,6,,
Input_xlxs.xlsx,Input_xlxs,Moose Lodge Rd,SB,2025-06-13,01:00:00,01:15:00,6,,
Input_xlxs.xlsx,Input_xlxs,Moose Lodge Rd,NB,2025-06-13,01:00:00,01:15:00,2,,
Input_xlxs.xlsx,Input_xlxs,Moose Lodge Rd,SB,2025-06-13,02:00:00,02:15:00,5,,
Input_xlxs.xlsx,Input_xlxs,Moose Lodge Rd,NB,2025-06-13,02:00:00,02:15:00,6,,
Input_xlxs.xlsx,Input_xlxs,Moose Lodge Rd,SB,2025-06-13,03:00:00,03:15:00,8,,
Input_xlxs.xlsx,Input_xlxs,Moose Lodge Rd,NB,2025-06-13,03:00:00,03:15:00,8,,
Input_xlxs.xlsx,Input_xlxs,Moose Lodge Rd,SB,2025-06-13,04:00:00,04:15:00,8,,
Input_xlxs.xlsx,Input_xlxs,Moose Lodge Rd,NB,2025-06-13,04:00:00,04:15:00,10,,
Input_xlxs.xlsx,Input_xlxs,Moose Lodge Rd,SB,2025-06-13,05:00:00,05:15:00,11,,
Input_xlxs.xlsx,Input_xlxs,Moose Lodge Rd,NB,2025-06-13,05:00:00,05:15:00,39,,
Input_xlxs.xlsx,Input_xlxs,Moose Lodge Rd,SB,2025-06-13,06:00:00,06:15:00,50,,
Input_xlxs.xlsx,Input_xlxs,Moose Lodge Rd,NB,2025-06-13,06:00:00,06:15:00,109,,
Input_xlxs.xlsx,Input_xlxs,Moose Lodge Rd,SB,2025-06-13,07:00:00,07:15:00,93,,
Input_xlxs.xlsx,Input_xlxs,Moose Lodge Rd,NB,2025-06-13,07:00:00,07:15:00,231,,
Input_xlxs.xlsx,Input_xlxs,Moose Lodge Rd,SB,2025-06-13,08:00:00,08:15:00,81,,
Input_xlxs.xlsx,Input_xlxs,Moose Lodge Rd,NB,2025-06-13,08:00:00,08:15:00,153,,
Input_xlxs.xlsx,Input_xlxs,Moose Lodge Rd,SB,2025-06-13,09:00:00,09:15:00,81,,
Input_xlxs.xlsx,Input_xlxs,Moose Lodge Rd,NB,2025-06-13,09:00:00,09:15:00,139,,
Input_xlxs.xlsx,Input_xlxs,Moose Lodge Rd,SB,2025-06-13,10:00:00,10:15:00,114,,
Input_xlxs.xlsx,Input_xlxs,Moose Lodge Rd,NB,2025-06-13,10:00:00,10:15:00,137,,
Input_xlxs.xlsx,Input_xlxs,Moose Lodge Rd,SB,2025-06-13,11:00:00,11:15:00,125,,
Input_xlxs.xlsx,Input_xlxs,Moose Lodge Rd,NB,2025-06-13,11:00:00,11:15:00,153,,
Input_xlxs.xlsx,Input_xlxs,Moose Lodge Rd,SB,2025-06-13,12:00:00,12:15:00,119,,
Input_xlxs.xlsx,Input_xlxs,Moose Lodge Rd,NB,2025-06-13,12:00:00,12:15:00,136,,
Input_xlxs.xlsx,Input_xlxs,Moose Lodge Rd,SB,2025-06-13,13:00:00,13:15:00,117,,
Input_xlxs.xlsx,Input_xlxs,Moose Lodge Rd,NB,2025-06-13,13:00:00,13:15:00,151,,
Input_xlxs.xlsx,Input_xlxs,Moose Lodge Rd,SB,2025-06-13,14:00:00,14:15:00,157,,
Input_xlxs.xlsx,Input_xlxs,Moose Lodge Rd,NB,2025-06-13,14:00:00,14:15:00,141,,
Input_xlxs.xlsx,Input_xlxs,Moose Lodge Rd,SB,2025-06-13,15:00:00,15:15:00,186,,
Input_xlxs.xlsx,Input_xlxs,Moose Lodge Rd,NB,2025-06-13,15:00:00,15:15:00,134,,
Input_xlxs.xlsx,Input_xlxs,Moose Lodge Rd,SB,2025-06-13,16:00:00,16:15:00,209,,
Input_xlxs.xlsx,Input_xlxs,Moose Lodge Rd,NB,2025-06-13,16:00:00,16:15:00,160,,
Input_xlxs.xlsx,Input_xlxs,Moose Lodge Rd,SB,2025-06-13,17:00:00,17:15:00,159,,
Input_xlxs.xlsx,Input_xlxs,Moose Lodge Rd,NB,2025-06-13,17:00:00,17:15:00,126,,
Input_xlxs.xlsx,Input_xlxs,Moose Lodge Rd,SB,2025-06-13,18:00:00,18:15:00,111,,
Input_xlxs.xlsx,Input_xlxs,Moose Lodge Rd,NB,2025-06-13,18:00:00,18:15:00,106,,
Input_xlxs.xlsx,Input_xlxs,Moose Lodge Rd,SB,2025-06-13,19:00:00,19:15:00,95,,
Input_xlxs.xlsx,Input_xlxs,Moose Lodge Rd,NB,2025-06-13,19:00:00,19:15:00,74,,
Input_xlxs.xlsx,Input_xlxs,Moose Lodge Rd,SB,2025-06-13,20:00:00,20:15:00,67,,
Input_xlxs.xlsx,Input_xlxs,Moose Lodge Rd,NB,2025-06-13,20:00:00,20:15:00,50,,
Input_xlxs.xlsx,Input_xlxs,Moose Lodge Rd,SB,2025-06-13,21:00:00,21:15:00,41,,
Input_xlxs.xlsx,Input_xlxs,Moose Lodge Rd,NB,2025-06-13,21:00:00,21:15:00,54,,
Input_xlxs.xlsx,Input_xlxs,Moose Lodge Rd,SB,2025-06-13,22:00:00,22:15:00,32,,
Input_xlxs.xlsx,Input_xlxs,Moose Lodge Rd,NB,2025-06-13,22:00:00,22:15:00,30,,
Input_xlxs.xlsx,Input_xlxs,Moose Lodge Rd,SB,2025-06-13,23:00:00,23:15:00,23,,
Input_xlxs.xlsx,Input_xlxs,Moose Lodge Rd,NB,2025-06-13,23:00:00,23:15:00,24,,
Input_xlxs.xlsx,Input_xlxs,Moose Lodge Rd,SB,2025-06-14,00:00:00,00:15:00,13,,
Input_xlxs.xlsx,Input_xlxs,Moose Lodge Rd,NB,2025-06-14,00:00:00,00:15:00,13,,
Input_xlxs.xlsx,Input_xlxs,Moose Lodge Rd,SB,2025-06-14,01:00:00,01:15:00,7,,
Input_xlxs.xlsx,Input_xlxs,Moose Lodge Rd,NB,2025-06-14,01:00:00,01:15:00,6,,
Input_xlxs.xlsx,Input_xlxs,Moose Lodge Rd,SB,2025-06-14,02:00:00,02:15:00,4,,
Input_xlxs.xlsx,Input_xlxs,Moose Lodge Rd,NB,2025-06-14,02:00:00,02:15:00,3,,
Input_xlxs.xlsx,Input_xlxs,Moose Lodge Rd,SB,2025-06-14,03:00:00,03:15:00,5,,
Input_xlxs.xlsx,Input_xlxs,Moose Lodge Rd,NB,2025-06-14,03:00:00,03:15:00,4,,
Input_xlxs.xlsx,Input_xlxs,Moose Lodge Rd,SB,2025-06-14,04:00:00,04:15:00,5,,
Input_xlxs.xlsx,Input_xlxs,Moose Lodge Rd,NB,2025-06-14,04:00:00,04:15:00,13,,
Input_xlxs.xlsx,Input_xlxs,Moose Lodge Rd,SB,2025-06-14,05:00:00,05:15:00,17,,
Input_xlxs.xlsx,Input_xlxs,Moose Lodge Rd,NB,2025-06-14,05:00:00,05:15:00,14,,
Input_xlxs.xlsx,Input_xlxs,Moose Lodge Rd,SB,2025-06-14,06:00:00,06:15:00,23,,
Input_xlxs.xlsx,Input_xlxs,Moose Lodge Rd,NB,2025-06-14,06:00:00,06:15:00,36,,
Input_xlxs.xlsx,Input_xlxs,Moose Lodge Rd,SB,2025-06-14,07:00:00,07:15:00,44,,
Input_xlxs.xlsx,Input_xlxs,Moose Lodge Rd,NB,2025-06-14,07:00:00,07:15:00,57,,
Input_xlxs.xlsx,Input_xlxs,Moose Lodge Rd,SB,2025-06-14,08:00:00,08:15:00,53,,
Input_xlxs.xlsx,Input_xlxs,Moose Lodge Rd,NB,2025-06-14,08:00:00,08:15:00,93,,
Input_xlxs.xlsx,Input_xlxs,Moose Lodge Rd,SB,2025-06-14,09:00:00,09:15:00,67,,
Input_xlxs.xlsx,Input_xlxs,Moose Lodge Rd,NB,2025-06-14,09:00:00,09:15:00,97,,
Input_xlxs.xlsx,Input_xlxs,Moose Lodge Rd,SB,2025-06-14,10:00:00,10:15:00,83,,
Input_xlxs.xlsx,Input_xlxs,Moose Lodge Rd,NB,2025-06-14,10:00:00,10:15:00,135,,
Input_xlxs.xlsx,Input_xlxs,Moose Lodge Rd,SB,2025-06-14,11:00:00,11:15:00,116,,
Input_xlxs.xlsx,Input_xlxs,Moose Lodge Rd,NB,2025-06-14,11:00:00,11:15:00,144,,
Input_xlxs.xlsx,Input_xlxs,Moose Lodge Rd,SB,2025-06-14,12:00:00,12:15:00,103,,
Input_xlxs.xlsx,Input_xlxs,Moose Lodge Rd,NB,2025-06-14,12:00:00,12:15:00,98,,
Input_xlxs.xlsx,Input_xlxs,Moose Lodge Rd,SB,2025-06-14,13:00:00,13:15:00,106,,
Input_xlxs.xlsx,Input_xlxs,Moose Lodge Rd,NB,2025-06-14,13:00:00,13:15:00,111,,
Input_xlxs.xlsx,Input_xlxs,Moose Lodge Rd,SB,2025-06-14,14:00:00,14:15:00,131,,
Input_xlxs.xlsx,Input_xlxs,Moose Lodge Rd,NB,2025-06-14,14:00:00,14:15:00,112,,
Input_xlxs.xlsx,Input_xlxs,Moose Lodge Rd,SB,2025-06-14,15:00:00,15:15:00,101,,
Input_xlxs.xlsx,Input_xlxs,Moose Lodge Rd,NB,2025-06-14,15:00:00,15:15:00,113,,
Input_xlxs.xlsx,Input_xlxs,Moose Lodge Rd,SB,2025-06-14,16:00:00,16:15:00,99,,
Input_xlxs.xlsx,Input_xlxs,Moose Lodge Rd,NB,2025-06-14,16:00:00,16:15:00,100,,
Input_xlxs.xlsx,Input_xlxs,Moose Lodge Rd,SB,2025-06-14,17:00:00,17:15:00,97,,
Input_xlxs.xlsx,Input_xlxs,Moose Lodge Rd,NB,2025-06-14,17:00:00,17:15:00,100,,
Input_xlxs.xlsx,Input_xlxs,Moose Lodge Rd,SB,2025-06-14,18:00:00,18:15:00,80,,
Input_xlxs.xlsx,Input_xlxs,Moose Lodge Rd,NB,2025-06-14,18:00:00,18:15:00,67,,
Input_xlxs.xlsx,Input_xlxs,Moose Lodge Rd,SB,2025-06-14,19:00:00,19:15:00,66,,
Input_xlxs.xlsx,Input_xlxs,Moose Lodge Rd,NB,2025-06-14,19:00:00,19:15:00,58,,
Input_xlxs.xlsx,Input_xlxs,Moose Lodge Rd,SB,2025-06-14,20:00:00,20:15:00,56,,
Input_xlxs.xlsx,Input_xlxs,Moose Lodge Rd,NB,2025-06-14,20:00:00,20:15:00,43,,
Input_xlxs.xlsx,Input_xlxs,Moose Lodge Rd,SB,2025-06-14,21:00:00,21:15:00,39,,
Input_xlxs.xlsx,Input_xlxs,Moose Lodge Rd,NB,2025-06-14,21:00:00,21:15:00,43,,
Input_xlxs.xlsx,Input_xlxs,Moose Lodge Rd,SB,2025-06-14,22:00:00,22:15:00,26,,
Input_xlxs.xlsx,Input_xlxs,Moose Lodge Rd,NB,2025-06-14,22:00:00,22:15:00,32,,
Input_xlxs.xlsx,Input_xlxs,Moose Lodge Rd,SB,2025-06-14,23:00:00,23:15:00,13,,
Input_xlxs.xlsx,Input_xlxs,Moose Lodge Rd,NB,2025-06-14,23:00:00,23:15:00,21,,
Input_xlxs.xlsx,Input_xlxs,Moose Lodge Rd,SB,2025-06-15,00:00:00,00:15:00,17,,
Input_xlxs.xlsx,Input_xlxs,Moose Lodge Rd,NB,2025-06-15,00:00:00,00:15:00,7,,
Input_xlxs.xlsx,Input_xlxs,Moose Lodge Rd,SB,2025-06-15,01:00:00,01:15:00,7,,
Input_xlxs.xlsx,Input_xlxs,Moose Lodge Rd,NB,2025-06-15,01:00:00,01:15:00,4,,
Input_xlxs.xlsx,Input_xlxs,Moose Lodge Rd,SB,2025-06-15,02:00:00,02:15:00,8,,
Input_xlxs.xlsx,Input_xlxs,Moose Lodge Rd,NB,2025-06-15,02:00:00,02:15:00,11,,
Input_xlxs.xlsx,Input_xlxs,Moose Lodge Rd,SB,2025-06-15,03:00:00,03:15:00,2,,
Input_xlxs.xlsx,Input_xlxs,Moose Lodge Rd,NB,2025-06-15,03:00:00,03:15:00,4,,
Input_xlxs.xlsx,Input_xlxs,Moose Lodge Rd,SB,2025-06-15,04:00:00,04:15:00,4,,
Input_xlxs.xlsx,Input_xlxs,Moose Lodge Rd,NB,2025-06-15,04:00:00,04:15:00,4,,
Input_xlxs.xlsx,Input_xlxs,Moose Lodge Rd,SB,2025-06-15,05:00:00,05:15:00,0,,
Input_xlxs.xlsx,Input_xlxs,Moose Lodge Rd,NB,2025-06-15,05:00:00,05:15:00,7,,
Input_xlxs.xlsx,Input_xlxs,Moose Lodge Rd,SB,2025-06-15,06:00:00,06:15:00,7,,
Input_xlxs.xlsx,Input_xlxs,Moose Lodge Rd,NB,2025-06-15,06:00:00,06:15:00,24,,
Input_xlxs.xlsx,Input_xlxs,Moose Lodge Rd,SB,2025-06-15,07:00:00,07:15:00,15,,
Input_xlxs.xlsx,Input_xlxs,Moose Lodge Rd,NB,2025-06-15,07:00:00,07:15:00,28,,
Input_xlxs.xlsx,Input_xlxs,Moose Lodge Rd,SB,2025-06-15,08:00:00,08:15:00,24,,
Input_xlxs.xlsx,Input_xlxs,Moose Lodge Rd,NB,2025-06-15,08:00:00,08:15:00,54,,
Input_xlxs.xlsx,Input_xlxs,Moose Lodge Rd,SB,2025-06-15,09:00:00,09:15:00,48,,
Input_xlxs.xlsx,Input_xlxs,Moose Lodge Rd,NB,2025-06-15,09:00:00,09:15:00,64,,
Input_xlxs.xlsx,Input_xlxs,Moose Lodge Rd,SB,2025-06-15,10:00:00,10:15:00,68,,
Input_xlxs.xlsx,Input_xlxs,Moose Lodge Rd,NB,2025-06-15,10:00:00,10:15:00,83,,
Input_xlxs.xlsx,Input_xlxs,Moose Lodge Rd,SB,2025-06-15,11:00:00,11:15:00,65,,
Input_xlxs.xlsx,Input_xlxs,Moose Lodge Rd,NB,2025-06-15,11:00:00,11:15:00,65,,
Input_xlxs.xlsx,Input_xlxs,Moose Lodge Rd,SB,2025-06-15,12:00:00,12:15:00,76,,
Input_xlxs.xlsx,Input_xlxs,Moose Lodge Rd,NB,2025-06-15,12:00:00,12:15:00,93,,
Input_xlxs.xlsx,Input_xlxs,Moose Lodge Rd,SB,2025-06-15,13:00:00,13:15:00,100,,
Input_xlxs.xlsx,Input_xlxs,Moose Lodge Rd,NB,2025-06-15,13:00:00,13:15:00,92,,
Input_xlxs.xlsx,Input_xlxs,Moose Lodge Rd,SB,2025-06-15,14:00:00,14:15:00,94,,
Input_xlxs.xlsx,Input_xlxs,Moose Lodge Rd,NB,2025-06-15,14:00:00,14:15:00,99,,
Input_xlxs.xlsx,Input_xlxs,Moose Lodge Rd,SB,2025-06-15,15:00:00,15:15:00,106,,
Input_xlxs.xlsx,Input_xlxs,Moose Lodge Rd,NB,2025-06-15,15:00:00,15:15:00,98,,
Input_xlxs.xlsx,Input_xlxs,Moose Lodge Rd,SB,2025-06-15,16:00:00,16:15:00,81,,
Input_xlxs.xlsx,Input_xlxs,Moose Lodge Rd,NB,2025-06-15,16:00:00,16:15:00,86,,
Input_xlxs.xlsx,Input_xlxs,Moose Lodge Rd,SB,2025-06-15,17:00:00,17:15:00,62,,
Input_xlxs.xlsx,Input_xlxs,Moose Lodge Rd,NB,2025-06-15,17:00:00,17:15:00,99,,
Input_xlxs.xlsx,Input_xlxs,Moose Lodge Rd,SB,2025-06-15,18:00:00,18:15:00,67,,
Input_xlxs.xlsx,Input_xlxs,Moose Lodge Rd,NB,2025-06-15,18:00:00,18:15:00,66,,
Input_xlxs.xlsx,Input_xlxs,Moose Lodge Rd,SB,2025-06-15,19:00:00,19:15:00,71,,
Input_xlxs.xlsx,Input_xlxs,Moose Lodge Rd,NB,2025-06-15,19:00:00,19:15:00,66,,
Input_xlxs.xlsx,Input_xlxs,Moose Lodge Rd,SB,2025-06-15,20:00:00,20:15:00,41,,
Input_xlxs.xlsx,Input_xlxs,Moose Lodge Rd,NB,2025-06-15,20:00:00,20:15:00,41,,
Input_xlxs.xlsx,Input_xlxs,Moose Lodge Rd,SB,2025-06-15,21:00:00,21:15:00,29,,
Input_xlxs.xlsx,Input_xlxs,Moose Lodge Rd,NB,2025-06-15,21:00:00,21:15:00,31,,
Input_xlxs.xlsx,Input_xlxs,Moose Lodge Rd,SB,2025-06-15,22:00:00,22:15:00,17,,
Input_xlxs.xlsx,Input_xlxs,Moose Lodge Rd,NB,2025-06-15,22:00:00,22:15:00,18,,
Input_xlxs.xlsx,Input_xlxs,Moose Lodge Rd,SB,2025-06-15,23:00:00,23:15:00,12,,
Input_xlxs.xlsx,Input_xlxs,Moose Lodge Rd,NB,2025-06-15,23:00:00,23:15:00,14,,
Input_xlxs.xlsx,Input_xlxs,Moose Lodge Rd,SB,2025-06-16,00:00:00,00:15:00,7,,
Input_xlxs.xlsx,Input_xlxs,Moose Lodge Rd,NB,2025-06-16,00:00:00,00:15:00,3,,
Input_xlxs.xlsx,Input_xlxs,Moose Lodge Rd,SB,2025-06-16,01:00:00,01:15:00,4,,
Input_xlxs.xlsx,Input_xlxs,Moose Lodge Rd,NB,2025-06-16,01:00:00,01:15:00,7,,
Input_xlxs.xlsx,Input_xlxs,Moose Lodge Rd,SB,2025-06-16,02:00:00,02:15:00,8,,
Input_xlxs.xlsx,Input_xlxs,Moose Lodge Rd,NB,2025-06-16,02:00:00,02:15:00,5,,
Input_xlxs.xlsx,Input_xlxs,Moose Lodge Rd,SB,2025-06-16,03:00:00,03:15:00,7,,
Input_xlxs.xlsx,Input_xlxs,Moose Lodge Rd,NB,2025-06-16,03:00:00,03:15:00,5,,
Input_xlxs.xlsx,Input_xlxs,Moose Lodge Rd,SB,2025-06-16,04:00:00,04:15:00,11,,
Input_xlxs.xlsx,Input_xlxs,Moose Lodge Rd,NB,2025-06-16,04:00:00,04:15:00,17,,
Input_xlxs.xlsx,Input_xlxs,Moose Lodge Rd,SB,2025-06-16,05:00:00,05:15:00,17,,
Input_xlxs.xlsx,Input_xlxs,Moose Lodge Rd,NB,2025-06-16,05:00:00,05:15:00,48,,
Input_xlxs.xlsx,Input_xlxs,Moose Lodge Rd,SB,2025-06-16,06:00:00,06:15:00,48,,
Input_xlxs.xlsx,Input_xlxs,Moose Lodge Rd,NB,2025-06-16,06:00:00,06:15:00,127,,
Input_xlxs.xlsx,Input_xlxs,Moose Lodge Rd,SB,2025-06-16,07:00:00,07:15:00,88,,
Input_xlxs.xlsx,Input_xlxs,Moose Lodge Rd,NB,2025-06-16,07:00:00,07:15:00,237,,
Input_xlxs.xlsx,Input_xlxs,Moose Lodge Rd,SB,2025-06-16,08:00:00,08:15:00,68,,
Input_xlxs.xlsx,Input_xlxs,Moose Lodge Rd,NB,2025-06-16,08:00:00,08:15:00,155,,
Input_xlxs.xlsx,Input_xlxs,Moose Lodge Rd,SB,2025-06-16,09:00:00,09:15:00,80,,
Input_xlxs.xlsx,Input_xlxs,Moose Lodge Rd,NB,2025-06-16,09:00:00,09:15:00,110,,
Input_xlxs.xlsx,Input_xlxs,Moose Lodge Rd,SB,2025-06-16,10:00:00,10:15:00,86,,
Input_xlxs.xlsx,Input_xlxs,Moose Lodge Rd,NB,2025-06-16,10:00:00,10:15:00,101,,
Input_xlxs.xlsx,Input_xlxs,Moose Lodge Rd,SB,2025-06-16,11:00:00,11:15:00,74,,
Input_xlxs.xlsx,Input_xlxs,Moose Lodge Rd,NB,2025-06-16,11:00:00,11:15:00,90,,
Input_xlxs.xlsx,Input_xlxs,Moose Lodge Rd,SB,2025-06-16,12:00:00,12:15:00,118,,
Input_xlxs.xlsx,Input_xlxs,Moose Lodge Rd,NB,2025-06-16,12:00:00,12:15:00,100,,
Input_xlxs.xlsx,Input_xlxs,Moose Lodge Rd,SB,2025-06-16,13:00:00,13:15:00,96,,
Input_xlxs.xlsx,Input_xlxs,Moose Lodge Rd,NB,2025-06-16,13:00:00,13:15:00,109,,
Input_xlxs.xlsx,Input_xlxs,Moose Lodge Rd,SB,2025-06-16,14:00:00,14:15:00,126,,
Input_xlxs.xlsx,Input_xlxs,Moose Lodge Rd,NB,2025-06-16,14:00:00,14:15:00,115,,
Input_xlxs.xlsx,Input_xlxs,Moose Lodge Rd,SB,2025-06-16,15:00:00,15:15:00,127,,
Input_xlxs.xlsx,Input_xlxs,Moose Lodge Rd,NB,2025-06-16,15:00:00,15:15:00,119,,
Input_xlxs.xlsx,Input_xlxs,Moose Lodge Rd,SB,2025-06-16,16:00:00,16:15:00,205,,
Input_xlxs.xlsx,Input_xlxs,Moose Lodge Rd,NB,2025-06-16,16:00:00,16:15:00,127,,
Input_xlxs.xlsx,Input_xlxs,Moose Lodge Rd,SB,2025-06-16,17:00:00,17:15:00,175,,
Input_xlxs.xlsx,Input_xlxs,Moose Lodge Rd,NB,2025-06-16,17:00:00,17:15:00,121,,
Input_xlxs.xlsx,Input_xlxs,Moose Lodge Rd,SB,2025-06-16,18:00:00,18:15:00,82,,
Input_xlxs.xlsx,Input_xlxs,Moose Lodge Rd,NB,2025-06-16,18:00:00,18:15:00,70,,
Input_xlxs.xlsx,Input_xlxs,Moose Lodge Rd,SB,2025-06-16,19:00:00,19:15:00,62,,
Input_xlxs.xlsx,Input_xlxs,Moose Lodge Rd,NB,2025-06-16,19:00:00,19:15:00,47,,
Input_xlxs.xlsx,Input_xlxs,Moose Lodge Rd,SB,2025-06-16,20:00:00,20:15:00,47,,
Input_xlxs.xlsx,Input_xlxs,Moose Lodge Rd,NB,2025-06-16,20:00:00,20:15:00,30,,
Input_xlxs.xlsx,Input_xlxs,Moose Lodge Rd,SB,2025-06-16,21:00:00,21:15:00,24,,
Input_xlxs.xlsx,Input_xlxs,Moose Lodge Rd,NB,2025-06-16,21:00:00,21:15:00,34,,
Input_xlxs.xlsx,Input_xlxs,Moose Lodge Rd,SB,2025-06-16,22:00:00,22:15:00,16,,
Input_xlxs.xlsx,Input_xlxs,Moose Lodge Rd,NB,2025-06-16,22:00:00,22:15:00,20,,
Input_xlxs.xlsx,Input_xlxs,Moose Lodge Rd,SB,2025-06-16,23:00:00,23:15:00,9,,
Input_xlxs.xlsx,Input_xlxs,Moose Lodge Rd,NB,2025-06-16,23:00:00,23:15:00,7,,
Input_xlxs.xlsx,Input_xlxs,Moose Lodge Rd,SB,2025-06-17,00:00:00,00:15:00,8,,
Input_xlxs.xlsx,Input_xlxs,Moose Lodge Rd,NB,2025-06-17,00:00:00,00:15:00,6,,
Input_xlxs.xlsx,Input_xlxs,Moose Lodge Rd,SB,2025-06-17,01:00:00,01:15:00,3,,
Input_xlxs.xlsx,Input_xlxs,Moose Lodge Rd,NB,2025-06-17,01:00:00,01:15:00,6,,
Input_xlxs.xlsx,Input_xlxs,Moose Lodge Rd,SB,2025-06-17,02:00:00,02:15:00,7,,
Input_xlxs.xlsx,Input_xlxs,Moose Lodge Rd,NB,2025-06-17,02:00:00,02:15:00,6,,
Input_xlxs.xlsx,Input_xlxs,Moose Lodge Rd,SB,2025-06-17,03:00:00,03:15:00,9,,
Input_xlxs.xlsx,Input_xlxs,Moose Lodge Rd,NB,2025-06-17,03:00:00,03:15:00,6,,
Input_xlxs.xlsx,Input_xlxs,Moose Lodge Rd,SB,2025-06-17,04:00:00,04:15:00,10,,
Input_xlxs.xlsx,Input_xlxs,Moose Lodge Rd,NB,2025-06-17,04:00:00,04:15:00,10,,
Input_xlxs.xlsx,Input_xlxs,Moose Lodge Rd,SB,2025-06-17,05:00:00,05:15:00,22,,
Input_xlxs.xlsx,Input_xlxs,Moose Lodge Rd,NB,2025-06-17,05:00:00,05:15:00,56,,
Input_xlxs.xlsx,Input_xlxs,Moose Lodge Rd,SB,2025-06-17,06:00:00,06:15:00,60,,
Input_xlxs.xlsx,Input_xlxs,Moose Lodge Rd,NB,2025-06-17,06:00:00,06:15:00,117,,
Input_xlxs.xlsx,Input_xlxs,Moose Lodge Rd,SB,2025-06-17,07:00:00,07:15:00,74,,
Input_xlxs.xlsx,Input_xlxs,Moose Lodge Rd,NB,2025-06-17,07:00:00,07:15:00,233,,
Input_xlxs.xlsx,Input_xlxs,Moose Lodge Rd,SB,2025-06-17,08:00:00,08:15:00,66,,
Input_xlxs.xlsx,Input_xlxs,Moose Lodge Rd,NB,2025-06-17,08:00:00,08:15:00,167,,
Input_xlxs.xlsx,Input_xlxs,Moose Lodge Rd,SB,2025-06-17,09:00:00,09:15:00,90,,
Input_xlxs.xlsx,Input_xlxs,Moose Lodge Rd,NB,2025-06-17,09:00:00,09:15:00,116,,
Input_xlxs.xlsx,Input_xlxs,Moose Lodge Rd,SB,2025-06-17,10:00:00,10:15:00,75,,
Input_xlxs.xlsx,Input_xlxs,Moose Lodge Rd,NB,2025-06-17,10:00:00,10:15:00,100,,
Input_xlxs.xlsx,Input_xlxs,Moose Lodge Rd,SB,2025-06-17,11:00:00,11:15:00,84,,
Input_xlxs.xlsx,Input_xlxs,Moose Lodge Rd,NB,2025-06-17,11:00:00,11:15:00,114,,
Input_xlxs.xlsx,Input_xlxs,Moose Lodge Rd,SB,2025-06-17,12:00:00,12:15:00,109,,
Input_xlxs.xlsx,Input_xlxs,Moose Lodge Rd,NB,2025-06-17,12:00:00,12:15:00,117,,
Input_xlxs.xlsx,Input_xlxs,Moose Lodge Rd,SB,2025-06-17,13:00:00,13:15:00,102,,
Input_xlxs.xlsx,Input_xlxs,Moose Lodge Rd,NB,2025-06-17,13:00:00,13:15:00,123,,
Input_xlxs.xlsx,Input_xlxs,Moose Lodge Rd,SB,2025-06-17,14:00:00,14:15:00,121,,
Input_xlxs.xlsx,Input_xlxs,Moose Lodge Rd,NB,2025-06-17,14:00:00,14:15:00,135,,
Input_xlxs.xlsx,Input_xlxs,Moose Lodge Rd,SB,2025-06-17,15:00:00,15:15:00,187,,
Input_xlxs.xlsx,Input_xlxs,Moose Lodge Rd,NB,2025-06-17,15:00:00,15:15:00,120,,
Input_xlxs.xlsx,Input_xlxs,Moose Lodge Rd,SB,2025-06-17,16:00:00,16:15:00,232,,
Input_xlxs.xlsx,Input_xlxs,Moose Lodge Rd,NB,2025-06-17,16:00:00,16:15:00,144,,
Input_xlxs.xlsx,Input_xlxs,Moose Lodge Rd,SB,2025-06-17,17:00:00,17:15:00,168,,
Input_xlxs.xlsx,Input_xlxs,Moose Lodge Rd,NB,2025-06-17,17:00:00,17:15:00,130,,
Input_xlxs.xlsx,Input_xlxs,Moose Lodge Rd,SB,2025-06-17,18:00:00,18:15:00,101,,
Input_xlxs.xlsx,Input_xlxs,Moose Lodge Rd,NB,2025-06-17,18:00:00,18:15:00,85,,
Input_xlxs.xlsx,Input_xlxs,Moose Lodge Rd,SB,2025-06-17,19:00:00,19:15:00,73,,
Input_xlxs.xlsx,Input_xlxs,Moose Lodge Rd,NB,2025-06-17,19:00:00,19:15:00,51,,
Input_xlxs.xlsx,Input_xlxs,Moose Lodge Rd,SB,2025-06-17,20:00:00,20:15:00,57,,
Input_xlxs.xlsx,Input_xlxs,Moose Lodge Rd,NB,2025-06-17,20:00:00,20:15:00,44,,
Input_xlxs.xlsx,Input_xlxs,Moose Lodge Rd,SB,2025-06-17,21:00:00,21:15:00,29,,
Input_xlxs.xlsx,Input_xlxs,Moose Lodge Rd,NB,2025-06-17,21:00:00,21:15:00,35,,
Input_xlxs.xlsx,Input_xlxs,Moose Lodge Rd,SB,2025-06-17,22:00:00,22:15:00,25,,
Input_xlxs.xlsx,Input_xlxs,Moose Lodge Rd,NB,2025-06-17,22:00:00,22:15:00,23,,
Input_xlxs.xlsx,Input_xlxs,Moose Lodge Rd,SB,2025-06-17,23:00:00,23:15:00,15,,
Input_xlxs.xlsx,Input_xlxs,Moose Lodge Rd,NB,2025-06-17,23:00:00,23:15:00,7,,
