SourceFile,CountName,SiteName,Direction,CountDate,StartTime,EndTime,IntervalTotal,SiteCode,StationID,Len_0_TO_40,Len_GT40_TO_42,Len_GT42_TO_44,Len_GT44_TO_46,Len_GT46_TO_48,Len_GT48_TO_50,Len_GT50_TO_52,Len_GT52_TO_54,Len_GT54_TO_56,Len_GT56_TO_58,Len_GT58_TO_60,Len_GT60_TO_62,Len_GT_62
Input_xlxs.xlsx,Input_xlxs,Moose Lodge Rd,SB,2025-06-11,00:00:00,00:15:00,1,,,0,0,0,0,0,0,0,0,0,0,1,0,0
Input_xlxs.xlsx,Input_xlxs,Moose Lodge Rd,SB,2025-06-11,01:00:00,01:15:00,4,,,1,0,0,0,0,1,2,0,0,0,0,0,0
Input_xlxs.xlsx,Input_xlxs,Moose Lodge Rd,SB,2025-06-11,02:00:00,02:15:00,4,,,1,0,0,1,0,0,1,0,0,0,1,0,0
Input_xlxs.xlsx,Input_xlxs,Moose Lodge Rd,SB,2025-06-11,03:00:00,03:15:00,11,,,0,0,0,0,1,3,1,1,1,1,0,1,2
Input_xlxs.xlsx,Input_xlxs,Moose Lodge Rd,SB,2025-06-11,04:00:00,04:15:00,12,,,0,1,0,3,1,1,0,1,1,0,1,0,3
Input_xlxs.xlsx,Input_xlxs,Moose Lodge Rd,SB,2025-06-11,05:00:00,05:15:00,18,,,1,1,0,1,1,1,1,2,3,0,3,1,3
Input_xlxs.xlsx,Input_xlxs,Moose Lodge Rd,SB,2025-06-11,06:00:00,06:15:00,62,,,1,0,0,2,5,3,9,4,11,5,12,4,6
Input_xlxs.xlsx,Input_xlxs,Moose Lodge Rd,SB,2025-06-11,07:00:00,07:15:00,92,,,3,4,0,5,4,10,7,14,9,9,12,7,8
Input_xlxs.xlsx,Input_xlxs,Moose Lodge Rd,SB,2025-06-11,08:00:00,08:15:00,77,,,1,2,2,4,8,10,9,13,6,4,5,6,7
Input_xlxs.xlsx,Input_xlxs,Moose Lodge Rd,SB,2025-06-11,09:00:00,09:15:00,89,,,6,5,8,4,6,9,10,10,6,7,6,6,6
Input_xlxs.xlsx,Input_xlxs,Moose Lodge Rd,SB,2025-06-11,10:00:00,10:15:00,89,,,5,0,5,8,7,15,7,8,8,8,4,5,9
Input_xlxs.xlsx,Input_xlxs,Moose Lodge Rd,SB,2025-06-11,11:00:00,11:15:00,103,,,1,1,1,6,14,10,5,11,14,15,11,5,9
Input_xlxs.xlsx,Input_xlxs,Moose Lodge Rd,SB,2025-06-11,12:00:00,12:15:00,130,,,4,2,5,5,7,22,18,17,12,18,9,2,9
Input_xlxs.xlsx,Input_xlxs,Moose Lodge Rd,SB,2025-06-11,13:00:00,13:15:00,108,,,3,4,3,7,5,13,18,11,13,11,11,4,5
Input_xlxs.xlsx,Input_xlxs,Moose Lodge Rd,SB,2025-06-11,14:00:00,14:15:00,140,,,5,1,3,6,18,4,29,19,26,8,7,4,10
Input_xlxs.xlsx,Input_xlxs,Moose Lodge Rd,SB,2025-06-11,15:00:00,15:15:00,191,,,5,4,3,4,12,19,18,36,23,25,17,13,12
Input_xlxs.xlsx,Input_xlxs,Moose Lodge Rd,SB,2025-06-11,16:00:00,16:15:00,227,,,5,7,7,5,16,23,27,41,28,22,21,6,19
Input_xlxs.xlsx,Input_xlxs,Moose Lodge Rd,SB,2025-06-11,17:00:00,17:15:00,171,,,1,1,1,5,11,13,19,23,27,25,18,14,13
Input_xlxs.xlsx,Input_xlxs,Moose Lodge Rd,SB,2025-06-11,18:00:00,18:15:00,140,,,2,2,2,2,5,9,18,12,23,25,13,12,15
Input_xlxs.xlsx,Input_xlxs,Moose Lodge Rd,SB,2025-06-11,19:00:00,19:15:00,86,,,0,1,1,2,4,8,17,14,18,3,6,3,9
Input_xlxs.xlsx,Input_xlxs,Moose Lodge Rd,SB,2025-06-11,20:00:00,20:15:00,72,,,0,1,5,3,5,9,10,9,10,9,5,2,4
Input_xlxs.xlsx,Input_xlxs,Moose Lodge Rd,SB,2025-06-11,21:00:00,21:15:00,48,,,0,0,1,3,8,6,4,8,4,6,2,0,6
Input_xlxs.xlsx,Input_xlxs,Moose Lodge Rd,SB,2025-06-11,22:00:00,22:15:00,26,,,1,1,3,2,3,1,2,1,1,4,1,1,5
Input_xlxs.xlsx,Input_xlxs,Moose Lodge Rd,SB,2025-06-11,23:00:00,23:15:00,10,,,0,0,0,4,0,2,1,0,1,2,0,0,0
Input_xlxs.xlsx,Input_xlxs,Moose Lodge Rd,SB,2025-06-12,00:00:00,00:15:00,4,,,0,1,0,0,1,1,0,0,0,0,0,0,1
Input_xlxs.xlsx,Input_xlxs,Moose Lodge Rd,SB,2025-06-12,01:00:00,01:15:00,1,,,0,0,0,0,1,0,0,0,0,0,0,0,0
Input_xlxs.xlsx,Input_xlxs,Moose Lodge Rd,SB,2025-06-12,02:00:00,02:15:00,5,,,0,1,1,1,0,0,0,0,2,0,0,0,0
Input_xlxs.xlsx,Input_xlxs,Moose Lodge Rd,SB,2025-06-12,03:00:00,03:15:00,13,,,0,0,1,1,2,5,2,0,1,1,0,0,0
Input_xlxs.xlsx,Input_xlxs,Moose Lodge Rd,SB,2025-06-12,04:00:00,04:15:00,14,,,0,0,3,1,1,2,3,0,1,0,1,0,2
Input_xlxs.xlsx,Input_xlxs,Moose Lodge Rd,SB,2025-06-12,05:00:00,05:15:00,28,,,2,0,2,2,7,4,1,1,3,3,1,1,1
Input_xlxs.xlsx,Input_xlxs,Moose Lodge Rd,SB,2025-06-12,06:00:00,06:15:00,64,,,1,0,0,5,5,6,8,10,5,8,4,4,8
Input_xlxs.xlsx,Input_xlxs,Moose Lodge Rd,SB,2025-06-12,07:00:00,07:15:00,100,,,6,1,4,3,4,12,9,11,9,13,6,6,16
Input_xlxs.xlsx,Input_xlxs,Moose Lodge Rd,SB,2025-06-12,08:00:00,08:15:00,73,,,1,1,3,3,6,7,15,11,13,4,4,2,3
Input_xlxs.xlsx,Input_xlxs,Moose Lodge Rd,SB,2025-06-12,09:00:00,09:15:00,80,,,15,0,2,3,12,8,8,12,3,6,3,4,4
Input_xlxs.xlsx,Input_xlxs,Moose Lodge Rd,SB,2025-06-12,10:00:00,10:15:00,106,,,17,1,5,7,9,9,13,14,6,8,7,7,3
Input_xlxs.xlsx,Input_xlxs,Moose Lodge Rd,SB,2025-06-12,11:00:00,11:15:00,74,,,7,3,4,4,2,12,6,9,10,6,5,4,2
Input_xlxs.xlsx,Input_xlxs,Moose Lodge Rd,SB,2025-06-12,12:00:00,12:15:00,112,,,8,4,5,8,13,12,15,10,10,10,7,2,8
Input_xlxs.xlsx,Input_xlxs,Moose Lodge Rd,SB,2025-06-12,13:00:00,13:15:00,111,,,13,4,7,11,13,18,15,10,6,3,4,3,4
Input_xlxs.xlsx,Input_xlxs,Moose Lodge Rd,SB,2025-06-12,14:00:00,14:15:00,123,,,5,2,4,6,12,13,14,19,15,13,6,6,8
Input_xlxs.xlsx,Input_xlxs,Moose Lodge Rd,SB,2025-06-12,15:00:00,15:15:00,196,,,3,3,2,6,14,11,39,28,31,21,16,9,13
Input_xlxs.xlsx,Input_xlxs,Moose Lodge Rd,SB,2025-06-12,16:00:00,16:15:00,224,,,5,0,7,7,11,14,24,44,36,28,21,10,17
Input_xlxs.xlsx,Input_xlxs,Moose Lodge Rd,SB,2025-06-12,17:00:00,17:15:00,171,,,2,0,4,6,5,13,24,25,32,22,17,12,9
Input_xlxs.xlsx,Input_xlxs,Moose Lodge Rd,SB,2025-06-12,18:00:00,18:15:00,125,,,2,1,3,10,11,9,17,16,11,11,13,6,15
Input_xlxs.xlsx,Input_xlxs,Moose Lodge Rd,SB,2025-06-12,19:00:00,19:15:00,91,,,7,0,4,2,6,9,6,14,13,7,9,7,7
Input_xlxs.xlsx,Input_xlxs,Moose Lodge Rd,SB,2025-06-12,20:00:00,20:15:00,75,,,1,1,1,6,5,8,15,13,9,8,2,4,2
Input_xlxs.xlsx,Input_xlxs,Moose Lodge Rd,SB,2025-06-12,21:00:00,21:15:00,33,,,0,1,6,6,3,1,3,1,4,3,4,1,0
Input_xlxs.xlsx,Input_xlxs,Moose Lodge Rd,SB,2025-06-12,22:00:00,22:15:00,27,,,3,1,3,3,2,2,0,1,3,3,1,1,4
Input_xlxs.xlsx,Input_xlxs,Moose Lodge Rd,SB,2025-06-12,23:00:00,23:15:00,19,,,0,0,1,2,2,5,3,2,3,0,0,0,1
Input_xlxs.xlsx,Input_xlxs,Moose Lodge Rd,SB,2025-06-13,00:00:00,00:15:00,3,,,0,0,0,1,1,0,0,1,0,0,0,0,0
Input_xlxs.xlsx,Input_xlxs,Moose Lodge Rd,SB,2025-06-13,01:00:00,01:15:00,6,,,0,0,1,0,1,1,1,1,0,1,0,0,0
Input_xlxs.xlsx,Input_xlxs,Moose Lodge Rd,SB,2025-06-13,02:00:00,02:15:00,5,,,0,0,0,0,0,0,0,0,0,1,1,0,3
Input_xlxs.xlsx,Input_xlxs,Moose Lodge Rd,SB,2025-06-13,03:00:00,03:15:00,8,,,0,0,1,0,0,1,1,1,0,1,1,1,1
Input_xlxs.xlsx,Input_xlxs,Moose Lodge Rd,SB,2025-06-13,04:00:00,04:15:00,8,,,0,0,0,0,0,0,0,1,4,1,0,0,2
Input_xlxs.xlsx,Input_xlxs,Moose Lodge Rd,SB,2025-06-13,05:00:00,05:15:00,11,,,0,0,1,0,1,0,1,2,0,1,3,1,1
Input_xlxs.xlsx,Input_xlxs,Moose Lodge Rd,SB,2025-06-13,06:00:00,06:15:00,50,,,0,1,2,0,0,8,7,7,10,5,1,2,7
Input_xlxs.xlsx,Input_xlxs,Moose Lodge Rd,SB,2025-06-13,07:00:00,07:15:00,93,,,4,0,0,4,8,3,15,9,12,9,8,7,14
Input_xlxs.xlsx,Input_xlxs,Moose Lodge Rd,SB,2025-06-13,08:00:00,08:15:00,81,,,2,3,3,4,9,11,8,9,10,6,4,5,7
Input_xlxs.xlsx,Input_xlxs,Moose Lodge Rd,SB,2025-06-13,09:00:00,09:15:00,81,,,3,0,3,2,6,7,9,16,11,11,5,2,6
Input_xlxs.xlsx,Input_xlxs,Moose Lodge Rd,SB,2025-06-13,10:00:00,10:15:00,114,,,3,2,5,9,12,10,18,16,13,7,4,4,11
Input_xlxs.xlsx,Input_xlxs,Moose Lodge Rd,SB,2025-06-13,11:00:00,11:15:00,125,,,5,2,5,5,10,13,17,21,5,13,10,8,11
Input_xlxs.xlsx,Input_xlxs,Moose Lodge Rd,SB,2025-06-13,12:00:00,12:15:00,119,,,8,2,5,5,15,16,11,21,12,9,2,6,7
Input_xlxs.xlsx,Input_xlxs,Moose Lodge Rd,SB,2025-06-13,13:00:00,13:15:00,117,,,13,7,7,5,13,14,11,16,5,7,6,8,5
Input_xlxs.xlsx,Input_xlxs,Moose Lodge Rd,SB,2025-06-13,14:00:00,14:15:00,157,,,5,3,3,2,10,23,22,22,23,14,9,9,12
Input_xlxs.xlsx,Input_xlxs,Moose Lodge Rd,SB,2025-06-13,15:00:00,15:15:00,186,,,8,1,4,9,11,17,28,27,19,22,18,7,15
Input_xlxs.xlsx,Input_xlxs,Moose Lodge Rd,SB,2025-06-13,16:00:00,16:15:00,209,,,4,2,4,13,13,24,27,29,24,25,11,15,18
Input_xlxs.xlsx,Input_xlxs,Moose Lodge Rd,SB,2025-06-13,17:00:00,17:15:00,159,,,5,3,3,5,9,13,21,21,17,19,13,12,18
Input_xlxs.xlsx,Input_xlxs,Moose Lodge Rd,SB,2025-06-13,18:00:00,18:15:00,111,,,2,1,3,5,3,17,14,11,15,13,9,6,12
Input_xlxs.xlsx,Input_xlxs,Moose Lodge Rd,SB,2025-06-13,19:00:00,19:15:00,95,,,2,0,0,6,7,9,20,12,11,4,7,5,12
Input_xlxs.xlsx,Input_xlxs,Moose Lodge Rd,SB,2025-06-13,20:00:00,20:15:00,67,,,2,2,5,3,7,7,9,6,8,9,5,1,3
Input_xlxs.xlsx,Input_xlxs,Moose Lodge Rd,SB,2025-06-13,21:00:00,21:15:00,41,,,2,1,0,6,8,1,3,7,7,1,2,2,1
Input_xlxs.xlsx,Input_xlxs,Moose Lodge Rd,SB,2025-06-13,22:00:00,22:15:00,32,,,1,1,1,0,2,2,5,2,4,3,3,3,5
Input_xlxs.xlsx,Input_xlxs,Moose Lodge Rd,SB,2025-06-13,23:00:00,23:15:00,23,,,1,1,0,4,1,4,5,2,1,0,2,0,2
Input_xlxs.xlsx,Input_xlxs,Moose Lodge Rd,SB,2025-06-14,00:00:00,00:15:00,13,,,1,3,2,0,1,3,0,0,0,1,1,0,1
Input_xlxs.xlsx,Input_xlxs,Moose Lodge Rd,SB,2025-06-14,01:00:00,01:15:00,7,,,2,0,1,0,0,0,1,0,2,0,1,0,0
Input_xlxs.xlsx,Input_xlxs,Moose Lodge Rd,SB,2025-06-14,02:00:00,02:15:00,4,,,0,0,1,0,1,0,0,0,1,0,0,1,0
Input_xlxs.xlsx,Input_xlxs,Moose Lodge Rd,SB,2025-06-14,03:00:00,03:15:00,5,,,0,0,0,0,0,1,0,1,1,0,1,1,0
Input_xlxs.xlsx,Input_xlxs,Moose Lodge Rd,SB,2025-06-14,04:00:00,04:15:00,5,,,0,0,0,1,2,0,1,0,1,0,0,0,0
Input_xlxs.xlsx,Input_xlxs,Moose Lodge Rd,SB,2025-06-14,05:00:00,05:15:00,17,,,0,0,1,0,1,3,3,1,1,2,1,3,1
Input_xlxs.xlsx,Input_xlxs,Moose Lodge Rd,SB,2025-06-14,06:00:00,06:15:00,23,,,2,0,0,1,1,2,4,2,2,3,4,0,2
Input_xlxs.xlsx,Input_xlxs,Moose Lodge Rd,SB,2025-06-14,07:00:00,07:15:00,44,,,0,0,4,3,4,1,1,8,6,5,5,2,5
Input_xlxs.xlsx,Input_xlxs,Moose Lodge Rd,SB,2025-06-14,08:00:00,08:15:00,53,,,0,0,2,4,4,9,7,4,6,3,2,5,7
Input_xlxs.xlsx,Input_xlxs,Moose Lodge Rd,SB,2025-06-14,09:00:00,09:15:00,67,,,1,2,2,6,4,3,6,7,14,8,2,1,11
Input_xlxs.xlsx,Input_xlxs,Moose Lodge Rd,SB,2025-06-14,10:00:00,10:15:00,83,,,1,2,5,8,7,10,5,12,9,7,6,4,7
Input_xlxs.xlsx,Input_xlxs,Moose Lodge Rd,SB,2025-06-14,11:00:00,11:15:00,116,,,4,3,3,5,9,17,24,16,7,13,5,2,8
Input_xlxs.xlsx,Input_xlxs,Moose Lodge Rd,SB,2025-06-14,12:00:00,12:15:00,103,,,3,2,8,1,8,15,16,13,10,10,4,4,9
Input_xlxs.xlsx,Input_xlxs,Moose Lodge Rd,SB,2025-06-14,13:00:00,13:15:00,106,,,5,3,4,4,8,7,12,25,11,11,5,5,6
Input_xlxs.xlsx,Input_xlxs,Moose Lodge Rd,SB,2025-06-14,14:00:00,14:15:00,131,,,3,4,2,7,8,16,17,11,18,18,10,7,10
Input_xlxs.xlsx,Input_xlxs,Moose Lodge Rd,SB,2025-06-14,15:00:00,15:15:00,101,,,1,0,0,3,10,9,13,21,10,13,7,9,5
Input_xlxs.xlsx,Input_xlxs,Moose Lodge Rd,SB,2025-06-14,16:00:00,16:15:00,99,,,1,1,0,8,5,12,14,14,10,11,6,5,12
Input_xlxs.xlsx,Input_xlxs,Moose Lodge Rd,SB,2025-06-14,17:00:00,17:15:00,97,,,1,1,7,1,9,6,16,13,9,10,8,6,10
Input_xlxs.xlsx,Input_xlxs,Moose Lodge Rd,SB,2025-06-14,18:00:00,18:15:00,80,,,4,1,0,0,7,7,8,10,11,7,10,3,12
Input_xlxs.xlsx,Input_xlxs,Moose Lodge Rd,SB,2025-06-14,19:00:00,19:15:00,66,,,2,0,1,3,5,5,6,4,11,9,7,3,10
Input_xlxs.xlsx,Input_xlxs,Moose Lodge Rd,SB,2025-06-14,20:00:00,20:15:00,56,,,0,0,0,3,5,6,8,10,8,3,3,2,8
Input_xlxs.xlsx,Input_xlxs,Moose Lodge Rd,SB,2025-06-14,21:00:00,21:15:00,39,,,0,1,2,0,4,5,3,4,7,4,5,1,3
Input_xlxs.xlsx,Input_xlxs,Moose Lodge Rd,SB,2025-06-14,22:00:00,22:15:00,26,,,1,1,0,2,2,2,4,4,2,1,1,1,5
Input_xlxs.xlsx,Input_xlxs,Moose Lodge Rd,SB,2025-06-14,23:00:00,23:15:00,13,,,1,1,0,1,1,2,2,1,2,1,0,1,0
Input_xlxs.xlsx,Input_xlxs,Moose Lodge Rd,SB,2025-06-15,00:00:00,00:15:00,17,,,1,0,1,0,3,1,1,2,1,2,0,1,4
Input_xlxs.xlsx,Input_xlxs,Moose Lodge Rd,SB,2025-06-15,01:00:00,01:15:00,7,,,2,0,1,0,0,2,0,0,1,0,0,1,0
Input_xlxs.xlsx,Input_xlxs,Moose Lodge Rd,SB,2025-06-15,02:00:00,02:15:00,8,,,1,1,0,0,1,2,1,1,1,0,0,0,0
Input_xlxs.xlsx,Input_xlxs,Moose Lodge Rd,SB,2025-06-15,03:00:00,03:15:00,2,,,0,0,0,1,0,0,0,0,0,0,1,0,0
Input_xlxs.xlsx,Input_xlxs,Moose Lodge Rd,SB,2025-06-15,04:00:00,04:15:00,4,,,0,0,1,0,0,1,0,1,0,0,0,0,1
Input_xlxs.xlsx,Input_xlxs,Moose Lodge Rd,SB,2025-06-15,05:00:00,05:15:00,0,,,0,0,0,0,0,0,0,0,0,0,0,0,0
Input_xlxs.xlsx,Input_xlxs,Moose Lodge Rd,SB,2025-06-15,06:00:00,06:15:00,7,,,0,1,0,0,0,0,0,2,0,1,2,0,1
Input_xlxs.xlsx,Input_xlxs,Moose Lodge Rd,SB,2025-06-15,07:00:00,07:15:00,15,,,0,0,0,0,2,1,1,0,3,2,1,1,4
Input_xlxs.xlsx,Input_xlxs,Moose Lodge Rd,SB,2025-06-15,08:00:00,08:15:00,24,,,1,1,0,0,0,1,5,3,1,4,3,2,3
Input_xlxs.xlsx,Input_xlxs,Moose Lodge Rd,SB,2025-06-15,09:00:00,09:15:00,48,,,1,0,2,3,3,4,3,6,9,3,4,4,6
Input_xlxs.xlsx,Input_xlxs,Moose Lodge Rd,SB,2025-06-15,10:00:00,10:15:00,68,,,0,1,0,2,6,5,11,9,9,9,7,4,5
Input_xlxs.xlsx,Input_xlxs,Moose Lodge Rd,SB,2025-06-15,11:00:00,11:15:00,65,,,0,1,2,6,5,10,9,10,5,4,4,6,3
Input_xlxs.xlsx,Input_xlxs,Moose Lodge Rd,SB,2025-06-15,12:00:00,12:15:00,76,,,2,0,1,7,7,8,6,8,8,10,3,5,11
Input_xlxs.xlsx,Input_xlxs,Moose Lodge Rd,SB,2025-06-15,13:00:00,13:15:00,100,,,1,0,4,3,7,11,10,7,12,11,10,6,18
Input_xlxs.xlsx,Input_xlxs,Moose Lodge Rd,SB,2025-06-15,14:00:00,14:15:00,94,,,3,3,4,6,5,5,14,10,11,13,3,8,9
Input_xlxs.xlsx,Input_xlxs,Moose Lodge Rd,SB,2025-06-15,15:00:00,15:15:00,106,,,0,2,2,2,6,10,9,10,22,21,12,6,4
Input_xlxs.xlsx,Input_xlxs,Moose Lodge Rd,SB,2025-06-15,16:00:00,16:15:00,81,,,5,0,1,7,6,4,7,5,10,14,6,8,8
Input_xlxs.xlsx,Input_xlxs,Moose Lodge Rd,SB,2025-06-15,17:00:00,17:15:00,62,,,1,1,1,0,3,11,5,7,8,6,7,3,9
Input_xlxs.xlsx,Input_xlxs,Moose Lodge Rd,SB,2025-06-15,18:00:00,18:15:00,67,,,0,1,0,2,4,10,7,8,9,7,8,4,7
Input_xlxs.xlsx,Input_xlxs,Moose Lodge Rd,SB,2025-06-15,19:00:00,19:15:00,71,,,1,0,5,5,3,11,5,8,11,8,6,1,7
Input_xlxs.xlsx,Input_xlxs,Moose Lodge Rd,SB,2025-06-15,20:00:00,20:15:00,41,,,2,0,0,8,3,3,5,6,2,4,2,3,3
Input_xlxs.xlsx,Input_xlxs,Moose Lodge Rd,SB,2025-06-15,21:00:00,21:15:00,29,,,1,1,2,0,2,3,7,2,3,1,1,0,6
Input_xlxs.xlsx,Input_xlxs,Moose Lodge Rd,SB,2025-06-15,22:00:00,22:15:00,17,,,0,1,0,0,1,1,2,4,1,2,1,3,1
Input_xlxs.xlsx,Input_xlxs,Moose Lodge Rd,SB,2025-06-15,23:00:00,23:15:00,12,,,2,0,1,2,0,0,1,0,0,1,4,1,0
Input_xlxs.xlsx,Input_xlxs,Moose Lodge Rd,SB,2025-06-16,00:00:00,00:15:00,7,,,1,0,1,1,0,0,0,0,1,0,1,1,1
Input_xlxs.xlsx,Input_xlxs,Moose Lodge Rd,SB,2025-06-16,01:00:00,01:15:00,4,,,0,0,0,1,1,0,0,0,0,0,0,0,2
Input_xlxs.xlsx,Input_xlxs,Moose Lodge Rd,SB,2025-06-16,02:00:00,02:15:00,8,,,3,1,0,0,1,2,1,0,0,0,0,0,0
Input_xlxs.xlsx,Input_xlxs,Moose Lodge Rd,SB,2025-06-16,03:00:00,03:15:00,7,,,2,0,0,0,1,0,1,3,0,0,0,0,0
Input_xlxs.xlsx,Input_xlxs,Moose Lodge Rd,SB,2025-06-16,04:00:00,04:15:00,11,,,0,1,1,0,2,0,0,0,3,1,1,0,2
Input_xlxs.xlsx,Input_xlxs,Moose Lodge Rd,SB,2025-06-16,05:00:00,05:15:00,17,,,0,1,0,1,1,2,3,3,2,1,1,0,2
Input_xlxs.xlsx,Input_xlxs,Moose Lodge Rd,SB,2025-06-16,06:00:00,06:15:00,48,,,0,0,1,4,2,4,4,4,6,7,7,0,9
Input_xlxs.xlsx,Input_xlxs,Moose Lodge Rd,SB,2025-06-16,07:00:00,07:15:00,88,,,5,1,5,3,6,9,9,7,10,11,5,7,10
Input_xlxs.xlsx,Input_xlxs,Moose Lodge Rd,SB,2025-06-16,08:00:00,08:15:00,68,,,3,2,2,3,7,13,4,6,12,4,3,7,2
Input_xlxs.xlsx,Input_xlxs,Moose Lodge Rd,SB,2025-06-16,09:00:00,09:15:00,80,,,2,1,3,7,10,13,12,9,5,8,2,4,4
Input_xlxs.xlsx,Input_xlxs,Moose Lodge Rd,SB,2025-06-16,10:00:00,10:15:00,86,,,0,2,1,3,4,9,15,14,17,7,8,1,5
Input_xlxs.xlsx,Input_xlxs,Moose Lodge Rd,SB,2025-06-16,11:00:00,11:15:00,74,,,5,2,0,9,11,6,7,7,9,9,4,1,4
Input_xlxs.xlsx,Input_xlxs,Moose Lodge Rd,SB,2025-06-16,12:00:00,12:15:00,118,,,6,0,3,11,12,8,18,17,17,15,5,1,5
Input_xlxs.xlsx,Input_xlxs,Moose Lodge Rd,SB,2025-06-16,13:00:00,13:15:00,96,,,3,3,4,13,13,15,11,14,6,4,5,3,2
Input_xlxs.xlsx,Input_xlxs,Moose Lodge Rd,SB,2025-06-16,14:00:00,14:15:00,126,,,3,5,8,11,14,20,18,15,14,6,5,2,5
Input_xlxs.xlsx,Input_xlxs,Moose Lodge Rd,SB,2025-06-16,15:00:00,15:15:00,127,,,6,2,1,3,12,9,16,26,18,7,12,5,10
Input_xlxs.xlsx,Input_xlxs,Moose Lodge Rd,SB,2025-06-16,16:00:00,16:15:00,205,,,3,1,2,2,7,28,32,27,29,24,18,16,16
Input_xlxs.xlsx,Input_xlxs,Moose Lodge Rd,SB,2025-06-16,17:00:00,17:15:00,175,,,3,1,5,5,10,19,23,25,27,15,12,9,21
Input_xlxs.xlsx,Input_xlxs,Moose Lodge Rd,SB,2025-06-16,18:00:00,18:15:00,82,,,2,2,0,3,2,4,16,12,9,9,8,4,11
Input_xlxs.xlsx,Input_xlxs,Moose Lodge Rd,SB,2025-06-16,19:00:00,19:15:00,62,,,1,1,2,2,6,1,8,7,10,10,6,3,5
Input_xlxs.xlsx,Input_xlxs,Moose Lodge Rd,SB,2025-06-16,20:00:00,20:15:00,47,,,1,0,0,3,5,5,7,7,4,5,3,4,3
Input_xlxs.xlsx,Input_xlxs,Moose Lodge Rd,SB,2025-06-16,21:00:00,21:15:00,24,,,1,1,1,0,3,2,4,6,3,1,1,0,1
Input_xlxs.xlsx,Input_xlxs,Moose Lodge Rd,SB,2025-06-16,22:00:00,22:15:00,16,,,2,1,0,3,3,3,1,2,1,0,0,0,0
Input_xlxs.xlsx,Input_xlxs,Moose Lodge Rd,SB,2025-06-16,23:00:00,23:15:00,9,,,0,1,3,0,0,2,1,1,1,0,0,0,0
Input_xlxs.xlsx,Input_xlxs,Moose Lodge Rd,SB,2025-06-17,00:00:00,00:15:00,8,,,0,0,0,1,1,3,0,1,1,0,0,0,1
Input_xlxs.xlsx,Input_xlxs,Moose Lodge Rd,SB,2025-06-17,01:00:00,01:15:00,3,,,0,0,0,0,1,0,0,0,0,2,0,0,0
Input_xlxs.xlsx,Input_xlxs,Moose Lodge Rd,SB,2025-06-17,02:00:00,02:15:00,7,,,2,0,0,0,0,0,1,0,2,0,2,0,0
Input_xlxs.xlsx,Input_xlxs,Moose Lodge Rd,SB,2025-06-17,03:00:00,03:15:00,9,,,1,1,2,0,0,1,0,1,2,0,0,1,0
Input_xlxs.xlsx,Input_xlxs,Moose Lodge Rd,SB,2025-06-17,04:00:00,04:15:00,10,,,0,0,0,0,0,2,1,0,1,0,1,1,4
Input_xlxs.xlsx,Input_xlxs,Moose Lodge Rd,SB,2025-06-17,05:00:00,05:15:00,22,,,1,1,0,0,3,2,1,0,0,5,1,1,7
Input_xlxs.xlsx,Input_xlxs,Moose Lodge Rd,SB,2025-06-17,06:00:00,06:15:00,60,,,2,1,1,1,1,4,8,7,10,4,3,3,15
Input_xlxs.xlsx,Input_xlxs,Moose Lodge Rd,SB,2025-06-17,07:00:00,07:15:00,74,,,1,0,1,2,5,5,7,3,12,12,5,15,6
Input_xlxs.xlsx,Input_xlxs,Moose Lodge Rd,SB,2025-06-17,08:00:00,08:15:00,66,,,3,0,2,1,2,6,5,13,12,9,6,3,4
Input_xlxs.xlsx,Input_xlxs,Moose Lodge Rd,SB,2025-06-17,09:00:00,09:15:00,90,,,3,2,1,3,10,7,8,10,9,16,6,6,9
Input_xlxs.xlsx,Input_xlxs,Moose Lodge Rd,SB,2025-06-17,10:00:00,10:15:00,75,,,2,0,3,4,6,9,11,13,6,11,4,3,3
Input_xlxs.xlsx,Input_xlxs,Moose Lodge Rd,SB,2025-06-17,11:00:00,11:15:00,84,,,5,1,2,4,6,10,11,16,7,9,2,5,6
Input_xlxs.xlsx,Input_xlxs,Moose Lodge Rd,SB,2025-06-17,12:00:00,12:15:00,109,,,3,1,5,5,6,9,15,13,14,18,9,4,7
Input_xlxs.xlsx,Input_xlxs,Moose Lodge Rd,SB,2025-06-17,13:00:00,13:15:00,102,,,5,1,2,3,16,6,18,14,12,10,4,2,9
Input_xlxs.xlsx,Input_xlxs,Moose Lodge Rd,SB,2025-06-17,14:00:00,14:15:00,121,,,2,0,0,2,8,12,23,13,16,15,7,8,15
Input_xlxs.xlsx,Input_xlxs,Moose Lodge Rd,SB,2025-06-17,15:00:00,15:15:00,187,,,5,0,1,9,12,24,21,23,22,21,20,11,18
Input_xlxs.xlsx,Input_xlxs,Moose Lodge Rd,SB,2025-06-17,16:00:00,16:15:00,232,,,3,0,3,13,10,22,30,37,43,26,17,12,16
Input_xlxs.xlsx,Input_xlxs,Moose Lodge Rd,SB,2025-06-17,17:00:00,17:15:00,168,,,4,2,7,5,12,19,23,23,19,20,8,8,18
Input_xlxs.xlsx,Input_xlxs,Moose Lodge Rd,SB,2025-06-17,18:00:00,18:15:00,101,,,1,2,4,2,6,6,14,12,21,9,10,7,7
Input_xlxs.xlsx,Input_xlxs,Moose Lodge Rd,SB,2025-06-17,19:00:00,19:15:00,73,,,1,0,0,0,4,8,13,8,8,9,4,5,13
Input_xlxs.xlsx,Input_xlxs,Moose Lodge Rd,SB,2025-06-17,20:00:00,20:15:00,57,,,1,1,2,2,1,4,12,9,10,3,5,1,6
Input_xlxs.xlsx,Input_xlxs,Moose Lodge Rd,SB,2025-06-17,21:00:00,21:15:00,29,,,0,1,2,3,1,1,5,6,3,3,1,0,3
Input_xlxs.xlsx,Input_xlxs,Moose Lodge Rd,SB,2025-06-17,22:00:00,22:15:00,25,,,2,1,1,2,2,2,3,4,3,1,1,2,1
Input_xlxs.xlsx,Input_xlxs,Moose Lodge Rd,SB,2025-06-17,23:00:00,23:15:00,15,,,0,0,0,3,2,6,3,1,0,0,0,0,0
Input_xlxs.xlsx,Input_xlxs,Moose Lodge Rd,NB,2025-06-11,00:00:00,00:15:00,5,,,0,1,0,0,0,0,0,0,2,0,0,1,1
Input_xlxs.xlsx,Input_xlxs,Moose Lodge Rd,NB,2025-06-11,01:00:00,01:15:00,4,,,1,0,1,0,0,0,0,0,0,1,0,1,0
Input_xlxs.xlsx,Input_xlxs,Moose Lodge Rd,NB,2025-06-11,02:00:00,02:15:00,8,,,0,0,0,0,0,0,1,1,1,0,2,2,1
Input_xlxs.xlsx,Input_xlxs,Moose Lodge Rd,NB,2025-06-11,03:00:00,03:15:00,8,,,0,0,0,0,0,1,0,1,1,0,1,0,4
Input_xlxs.xlsx,Input_xlxs,Moose Lodge Rd,NB,2025-06-11,04:00:00,04:15:00,12,,,0,0,2,0,1,0,2,0,2,0,3,0,2
Input_xlxs.xlsx,Input_xlxs,Moose Lodge Rd,NB,2025-06-11,05:00:00,05:15:00,43,,,0,0,0,1,2,5,2,2,4,7,6,4,10
Input_xlxs.xlsx,Input_xlxs,Moose Lodge Rd,NB,2025-06-11,06:00:00,06:15:00,144,,,1,0,1,3,3,7,9,19,23,15,13,15,35
Input_xlxs.xlsx,Input_xlxs,Moose Lodge Rd,NB,2025-06-11,07:00:00,07:15:00,273,,,1,2,3,5,6,14,16,35,45,45,46,22,33
Input_xlxs.xlsx,Input_xlxs,Moose Lodge Rd,NB,2025-06-11,08:00:00,08:15:00,160,,,1,0,1,3,7,5,12,24,21,23,18,9,36
Input_xlxs.xlsx,Input_xlxs,Moose Lodge Rd,NB,2025-06-11,09:00:00,09:15:00,115,,,1,0,1,1,2,9,13,22,27,12,11,5,11
Input_xlxs.xlsx,Input_xlxs,Moose Lodge Rd,NB,2025-06-11,10:00:00,10:15:00,127,,,0,0,0,8,13,16,13,18,12,15,12,9,11
Input_xlxs.xlsx,Input_xlxs,Moose Lodge Rd,NB,2025-06-11,11:00:00,11:15:00,117,,,3,0,0,4,5,9,12,10,14,17,17,5,21
Input_xlxs.xlsx,Input_xlxs,Moose Lodge Rd,NB,2025-06-11,12:00:00,12:15:00,122,,,2,0,1,8,4,7,17,20,17,8,10,10,18
Input_xlxs.xlsx,Input_xlxs,Moose Lodge Rd,NB,2025-06-11,13:00:00,13:15:00,135,,,1,0,0,2,4,7,15,18,23,15,21,11,18
Input_xlxs.xlsx,Input_xlxs,Moose Lodge Rd,NB,2025-06-11,14:00:00,14:15:00,119,,,0,1,1,3,9,6,15,20,16,15,12,11,10
Input_xlxs.xlsx,Input_xlxs,Moose Lodge Rd,NB,2025-06-11,15:00:00,15:15:00,138,,,2,0,1,1,7,9,21,15,15,17,22,12,16
Input_xlxs.xlsx,Input_xlxs,Moose Lodge Rd,NB,2025-06-11,16:00:00,16:15:00,153,,,2,0,0,4,1,5,20,24,37,23,9,12,16
Input_xlxs.xlsx,Input_xlxs,Moose Lodge Rd,NB,2025-06-11,17:00:00,17:15:00,135,,,4,0,2,4,4,5,11,17,15,14,15,17,27
Input_xlxs.xlsx,Input_xlxs,Moose Lodge Rd,NB,2025-06-11,18:00:00,18:15:00,103,,,0,0,0,2,4,6,7,13,5,11,15,4,36
Input_xlxs.xlsx,Input_xlxs,Moose Lodge Rd,NB,2025-06-11,19:00:00,19:15:00,74,,,0,0,0,0,6,1,2,11,6,14,5,10,19
Input_xlxs.xlsx,Input_xlxs,Moose Lodge Rd,NB,2025-06-11,20:00:00,20:15:00,55,,,0,0,1,0,0,3,10,6,7,5,7,9,7
Input_xlxs.xlsx,Input_xlxs,Moose Lodge Rd,NB,2025-06-11,21:00:00,21:15:00,37,,,1,1,2,0,4,1,1,7,3,4,5,2,6
Input_xlxs.xlsx,Input_xlxs,Moose Lodge Rd,NB,2025-06-11,22:00:00,22:15:00,27,,,1,1,2,3,2,1,4,5,1,2,3,0,2
Input_xlxs.xlsx,Input_xlxs,Moose Lodge Rd,NB,2025-06-11,23:00:00,23:15:00,10,,,0,0,0,0,0,0,2,1,0,0,3,1,3
Input_xlxs.xlsx,Input_xlxs,Moose Lodge Rd,NB,2025-06-12,00:00:00,00:15:00,3,,,0,0,0,0,0,0,0,1,1,0,0,0,1
Input_xlxs.xlsx,Input_xlxs,Moose Lodge Rd,NB,2025-06-12,01:00:00,01:15:00,7,,,0,0,0,0,0,0,1,1,2,1,0,0,2
Input_xlxs.xlsx,Input_xlxs,Moose Lodge Rd,NB,2025-06-12,02:00:00,02:15:00,4,,,0,0,0,0,0,0,0,2,0,0,0,0,2
Input_xlxs.xlsx,Input_xlxs,Moose Lodge Rd,NB,2025-06-12,03:00:00,03:15:00,11,,,1,0,0,0,0,0,1,1,1,1,2,0,4
Input_xlxs.xlsx,Input_xlxs,Moose Lodge Rd,NB,2025-06-12,04:00:00,04:15:00,9,,,0,0,0,1,0,1,1,2,0,3,1,0,0
Input_xlxs.xlsx,Input_xlxs,Moose Lodge Rd,NB,2025-06-12,05:00:00,05:15:00,63,,,1,1,0,3,3,4,4,9,8,9,8,5,8
Input_xlxs.xlsx,Input_xlxs,Moose Lodge Rd,NB,2025-06-12,06:00:00,06:15:00,119,,,2,0,1,0,0,1,9,5,25,18,15,14,29
Input_xlxs.xlsx,Input_xlxs,Moose Lodge Rd,NB,2025-06-12,07:00:00,07:15:00,254,,,16,2,2,0,1,4,10,21,24,41,39,32,62
Input_xlxs.xlsx,Input_xlxs,Moose Lodge Rd,NB,2025-06-12,08:00:00,08:15:00,147,,,4,0,1,3,5,7,10,12,21,19,13,15,37
Input_xlxs.xlsx,Input_xlxs,Moose Lodge Rd,NB,2025-06-12,09:00:00,09:15:00,101,,,3,0,3,2,4,14,7,20,10,13,4,3,18
Input_xlxs.xlsx,Input_xlxs,Moose Lodge Rd,NB,2025-06-12,10:00:00,10:15:00,127,,,10,2,2,5,11,19,21,14,14,10,4,5,10
Input_xlxs.xlsx,Input_xlxs,Moose Lodge Rd,NB,2025-06-12,11:00:00,11:15:00,112,,,2,0,1,4,5,6,9,11,18,11,15,7,23
Input_xlxs.xlsx,Input_xlxs,Moose Lodge Rd,NB,2025-06-12,12:00:00,12:15:00,123,,,3,1,7,2,2,8,20,20,18,14,8,7,13
Input_xlxs.xlsx,Input_xlxs,Moose Lodge Rd,NB,2025-06-12,13:00:00,13:15:00,111,,,1,3,1,4,4,6,10,18,14,19,8,9,14
Input_xlxs.xlsx,Input_xlxs,Moose Lodge Rd,NB,2025-06-12,14:00:00,14:15:00,108,,,4,0,0,3,4,5,8,11,21,15,12,9,16
Input_xlxs.xlsx,Input_xlxs,Moose Lodge Rd,NB,2025-06-12,15:00:00,15:15:00,127,,,3,0,0,0,4,4,10,14,20,18,22,8,24
Input_xlxs.xlsx,Input_xlxs,Moose Lodge Rd,NB,2025-06-12,16:00:00,16:15:00,127,,,4,1,1,1,3,8,16,14,12,24,13,15,15
Input_xlxs.xlsx,Input_xlxs,Moose Lodge Rd,NB,2025-06-12,17:00:00,17:15:00,145,,,0,1,1,1,4,7,12,17,19,20,19,16,28
Input_xlxs.xlsx,Input_xlxs,Moose Lodge Rd,NB,2025-06-12,18:00:00,18:15:00,112,,,3,0,1,1,1,11,11,8,14,12,13,12,25
Input_xlxs.xlsx,Input_xlxs,Moose Lodge Rd,NB,2025-06-12,19:00:00,19:15:00,75,,,2,1,1,0,3,5,2,3,17,10,8,4,19
Input_xlxs.xlsx,Input_xlxs,Moose Lodge Rd,NB,2025-06-12,20:00:00,20:15:00,44,,,2,0,2,1,0,6,5,3,6,7,4,1,7
Input_xlxs.xlsx,Input_xlxs,Moose Lodge Rd,NB,2025-06-12,21:00:00,21:15:00,50,,,2,0,0,3,3,4,9,6,8,6,1,5,3
Input_xlxs.xlsx,Input_xlxs,Moose Lodge Rd,NB,2025-06-12,22:00:00,22:15:00,25,,,0,0,1,0,0,3,3,6,1,1,1,2,7
Input_xlxs.xlsx,Input_xlxs,Moose Lodge Rd,NB,2025-06-12,23:00:00,23:15:00,10,,,0,0,0,1,0,1,1,1,1,2,0,1,2
Input_xlxs.xlsx,Input_xlxs,Moose Lodge Rd,NB,2025-06-13,00:00:00,00:15:00,6,,,0,0,0,0,0,0,1,1,2,2,0,0,0
Input_xlxs.xlsx,Input_xlxs,Moose Lodge Rd,NB,2025-06-13,01:00:00,01:15:00,2,,,0,0,0,0,0,0,0,1,1,0,0,0,0
Input_xlxs.xlsx,Input_xlxs,Moose Lodge Rd,NB,2025-06-13,02:00:00,02:15:00,6,,,0,0,0,1,0,0,0,0,2,0,0,1,2
Input_xlxs.xlsx,Input_xlxs,Moose Lodge Rd,NB,2025-06-13,03:00:00,03:15:00,8,,,0,0,0,0,0,0,0,0,1,2,2,1,2
Input_xlxs.xlsx,Input_xlxs,Moose Lodge Rd,NB,2025-06-13,04:00:00,04:15:00,10,,,1,0,0,1,1,1,0,0,0,4,0,1,1
Input_xlxs.xlsx,Input_xlxs,Moose Lodge Rd,NB,2025-06-13,05:00:00,05:15:00,39,,,0,0,0,0,1,0,3,4,7,5,3,5,11
Input_xlxs.xlsx,Input_xlxs,Moose Lodge Rd,NB,2025-06-13,06:00:00,06:15:00,109,,,0,0,0,0,2,7,3,17,18,14,14,14,20
Input_xlxs.xlsx,Input_xlxs,Moose Lodge Rd,NB,2025-06-13,07:00:00,07:15:00,231,,,8,2,3,8,8,8,19,22,29,35,30,25,34
Input_xlxs.xlsx,Input_xlxs,Moose Lodge Rd,NB,2025-06-13,08:00:00,08:15:00,153,,,1,0,3,8,9,11,11,24,23,16,14,8,25
Input_xlxs.xlsx,Input_xlxs,Moose Lodge Rd,NB,2025-06-13,09:00:00,09:15:00,139,,,2,1,2,1,11,11,13,16,19,19,15,8,21
Input_xlxs.xlsx,Input_xlxs,Moose Lodge Rd,NB,2025-06-13,10:00:00,10:15:00,137,,,7,0,0,3,5,11,10,18,25,20,12,10,16
Input_xlxs.xlsx,Input_xlxs,Moose Lodge Rd,NB,2025-06-13,11:00:00,11:15:00,153,,,16,0,2,4,10,8,12,27,20,15,16,2,21
Input_xlxs.xlsx,Input_xlxs,Moose Lodge Rd,NB,2025-06-13,12:00:00,12:15:00,136,,,8,2,1,2,9,7,10,21,18,19,19,5,15
Input_xlxs.xlsx,Input_xlxs,Moose Lodge Rd,NB,2025-06-13,13:00:00,13:15:00,151,,,6,0,5,9,7,11,19,16,19,17,13,7,22
Input_xlxs.xlsx,Input_xlxs,Moose Lodge Rd,NB,2025-06-13,14:00:00,14:15:00,141,,,3,1,3,6,4,12,18,16,13,16,16,11,22
Input_xlxs.xlsx,Input_xlxs,Moose Lodge Rd,NB,2025-06-13,15:00:00,15:15:00,134,,,2,0,0,4,7,13,15,24,24,12,16,6,11
Input_xlxs.xlsx,Input_xlxs,Moose Lodge Rd,NB,2025-06-13,16:00:00,16:15:00,160,,,0,0,1,8,8,7,18,23,28,21,20,15,11
Input_xlxs.xlsx,Input_xlxs,Moose Lodge Rd,NB,2025-06-13,17:00:00,17:15:00,126,,,0,0,2,0,4,8,13,13,20,14,22,9,21
Input_xlxs.xlsx,Input_xlxs,Moose Lodge Rd,NB,2025-06-13,18:00:00,18:15:00,106,,,2,0,0,1,1,6,11,14,10,13,14,7,27
Input_xlxs.xlsx,Input_xlxs,Moose Lodge Rd,NB,2025-06-13,19:00:00,19:15:00,74,,,0,0,0,0,2,6,4,8,10,13,3,6,22
Input_xlxs.xlsx,Input_xlxs,Moose Lodge Rd,NB,2025-06-13,20:00:00,20:15:00,50,,,2,0,0,5,2,2,3,3,5,4,5,6,13
Input_xlxs.xlsx,Input_xlxs,Moose Lodge Rd,NB,2025-06-13,21:00:00,21:15:00,54,,,2,0,3,5,1,3,6,7,7,8,1,3,8
Input_xlxs.xlsx,Input_xlxs,Moose Lodge Rd,NB,2025-06-13,22:00:00,22:15:00,30,,,0,1,1,4,1,3,6,0,1,5,5,2,1
Input_xlxs.xlsx,Input_xlxs,Moose Lodge Rd,NB,2025-06-13,23:00:00,23:15:00,24,,,0,0,1,1,1,2,0,3,2,4,2,0,8
Input_xlxs.xlsx,Input_xlxs,Moose Lodge Rd,NB,2025-06-14,00:00:00,00:15:00,13,,,0,0,1,1,3,3,1,0,2,0,2,0,0
Input_xlxs.xlsx,Input_xlxs,Moose Lodge Rd,NB,2025-06-14,01:00:00,01:15:00,6,,,0,0,1,0,0,0,1,1,1,1,0,0,1
Input_xlxs.xlsx,Input_xlxs,Moose Lodge Rd,NB,2025-06-14,02:00:00,02:15:00,3,,,0,0,1,0,0,0,0,0,1,0,0,1,0
Input_xlxs.xlsx,Input_xlxs,Moose Lodge Rd,NB,2025-06-14,03:00:00,03:15:00,4,,,0,0,0,0,0,0,0,0,0,1,1,1,1
Input_xlxs.xlsx,Input_xlxs,Moose Lodge Rd,NB,2025-06-14,04:00:00,04:15:00,13,,,0,0,0,0,1,1,3,1,3,1,0,1,2
Input_xlxs.xlsx,Input_xlxs,Moose Lodge Rd,NB,2025-06-14,05:00:00,05:15:00,14,,,0,0,2,0,1,1,1,0,3,2,0,0,4
Input_xlxs.xlsx,Input_xlxs,Moose Lodge Rd,NB,2025-06-14,06:00:00,06:15:00,36,,,0,0,0,0,1,0,3,3,3,6,6,4,10
Input_xlxs.xlsx,Input_xlxs,Moose Lodge Rd,NB,2025-06-14,07:00:00,07:15:00,57,,,0,0,0,0,1,2,4,9,12,7,6,6,10
Input_xlxs.xlsx,Input_xlxs,Moose Lodge Rd,NB,2025-06-14,08:00:00,08:15:00,93,,,1,0,0,0,3,4,13,7,7,10,12,8,28
Input_xlxs.xlsx,Input_xlxs,Moose Lodge Rd,NB,2025-06-14,09:00:00,09:15:00,97,,,4,0,3,2,5,7,8,11,15,14,11,5,12
Input_xlxs.xlsx,Input_xlxs,Moose Lodge Rd,NB,2025-06-14,10:00:00,10:15:00,135,,,2,2,3,7,5,17,17,13,17,10,18,10,14
Input_xlxs.xlsx,Input_xlxs,Moose Lodge Rd,NB,2025-06-14,11:00:00,11:15:00,144,,,2,4,1,2,9,9,17,20,22,17,16,8,17
Input_xlxs.xlsx,Input_xlxs,Moose Lodge Rd,NB,2025-06-14,12:00:00,12:15:00,98,,,1,0,0,3,2,14,17,11,11,9,12,2,16
Input_xlxs.xlsx,Input_xlxs,Moose Lodge Rd,NB,2025-06-14,13:00:00,13:15:00,111,,,1,0,0,1,5,10,12,22,16,13,14,4,13
Input_xlxs.xlsx,Input_xlxs,Moose Lodge Rd,NB,2025-06-14,14:00:00,14:15:00,112,,,1,0,2,2,8,9,8,14,17,12,15,9,15
Input_xlxs.xlsx,Input_xlxs,Moose Lodge Rd,NB,2025-06-14,15:00:00,15:15:00,113,,,0,0,1,4,8,9,13,14,20,11,9,11,13
Input_xlxs.xlsx,Input_xlxs,Moose Lodge Rd,NB,2025-06-14,16:00:00,16:15:00,100,,,2,2,0,0,2,12,12,13,9,11,9,11,17
Input_xlxs.xlsx,Input_xlxs,Moose Lodge Rd,NB,2025-06-14,17:00:00,17:15:00,100,,,0,0,1,0,2,9,10,15,20,14,6,5,18
Input_xlxs.xlsx,Input_xlxs,Moose Lodge Rd,NB,2025-06-14,18:00:00,18:15:00,67,,,0,0,0,1,4,3,5,7,10,10,6,5,16
Input_xlxs.xlsx,Input_xlxs,Moose Lodge Rd,NB,2025-06-14,19:00:00,19:15:00,58,,,0,0,2,1,2,4,1,7,12,5,5,9,10
Input_xlxs.xlsx,Input_xlxs,Moose Lodge Rd,NB,2025-06-14,20:00:00,20:15:00,43,,,0,0,0,0,2,6,4,6,7,7,5,2,4
Input_xlxs.xlsx,Input_xlxs,Moose Lodge Rd,NB,2025-06-14,21:00:00,21:15:00,43,,,1,0,1,1,1,1,6,5,8,3,3,4,9
Input_xlxs.xlsx,Input_xlxs,Moose Lodge Rd,NB,2025-06-14,22:00:00,22:15:00,32,,,0,0,0,0,0,2,6,3,5,1,6,3,6
Input_xlxs.xlsx,Input_xlxs,Moose Lodge Rd,NB,2025-06-14,23:00:00,23:15:00,21,,,0,0,1,1,3,0,3,2,2,1,4,2,2
Input_xlxs.xlsx,Input_xlxs,Moose Lodge Rd,NB,2025-06-15,00:00:00,00:15:00,7,,,0,0,0,1,0,0,1,2,2,0,1,0,0
Input_xlxs.xlsx,Input_xlxs,Moose Lodge Rd,NB,2025-06-15,01:00:00,01:15:00,4,,,0,0,0,0,1,0,0,1,0,2,0,0,0
Input_xlxs.xlsx,Input_xlxs,Moose Lodge Rd,NB,2025-06-15,02:00:00,02:15:00,11,,,1,0,0,0,1,3,0,2,0,1,0,1,2
Input_xlxs.xlsx,Input_xlxs,Moose Lodge Rd,NB,2025-06-15,03:00:00,03:15:00,4,,,0,0,0,0,0,0,0,0,1,1,0,1,1
Input_xlxs.xlsx,Input_xlxs,Moose Lodge Rd,NB,2025-06-15,04:00:00,04:15:00,4,,,0,0,0,0,0,0,0,1,0,1,0,0,2
Input_xlxs.xlsx,Input_xlxs,Moose Lodge Rd,NB,2025-06-15,05:00:00,05:15:00,7,,,0,0,0,0,3,0,1,1,0,0,0,1,1
Input_xlxs.xlsx,Input_xlxs,Moose Lodge Rd,NB,2025-06-15,06:00:00,06:15:00,24,,,1,0,0,0,0,0,1,3,2,5,2,3,7
Input_xlxs.xlsx,Input_xlxs,Moose Lodge Rd,NB,2025-06-15,07:00:00,07:15:00,28,,,0,0,0,0,0,2,1,2,1,4,2,4,12
Input_xlxs.xlsx,Input_xlxs,Moose Lodge Rd,NB,2025-06-15,08:00:00,08:15:00,54,,,0,1,0,1,5,3,7,7,7,4,6,2,11
Input_xlxs.xlsx,Input_xlxs,Moose Lodge Rd,NB,2025-06-15,09:00:00,09:15:00,64,,,0,1,1,1,3,8,6,6,7,7,6,5,13
Input_xlxs.xlsx,Input_xlxs,Moose Lodge Rd,NB,2025-06-15,10:00:00,10:15:00,83,,,0,0,0,2,6,4,9,9,5,12,10,11,15
Input_xlxs.xlsx,Input_xlxs,Moose Lodge Rd,NB,2025-06-15,11:00:00,11:15:00,65,,,0,0,0,2,3,1,3,10,9,12,6,5,14
Input_xlxs.xlsx,Input_xlxs,Moose Lodge Rd,NB,2025-06-15,12:00:00,12:15:00,93,,,5,0,0,0,6,7,8,5,11,15,11,3,22
Input_xlxs.xlsx,Input_xlxs,Moose Lodge Rd,NB,2025-06-15,13:00:00,13:15:00,92,,,1,1,1,0,0,2,8,12,16,13,5,10,23
Input_xlxs.xlsx,Input_xlxs,Moose Lodge Rd,NB,2025-06-15,14:00:00,14:15:00,99,,,1,1,1,0,1,5,9,13,15,16,9,13,15
Input_xlxs.xlsx,Input_xlxs,Moose Lodge Rd,NB,2025-06-15,15:00:00,15:15:00,98,,,1,1,1,4,3,3,6,12,14,9,15,10,19
Input_xlxs.xlsx,Input_xlxs,Moose Lodge Rd,NB,2025-06-15,16:00:00,16:15:00,86,,,3,0,0,4,5,6,12,3,7,11,13,6,16
Input_xlxs.xlsx,Input_xlxs,Moose Lodge Rd,NB,2025-06-15,17:00:00,17:15:00,99,,,0,0,0,1,2,8,8,11,11,12,10,13,23
Input_xlxs.xlsx,Input_xlxs,Moose Lodge Rd,NB,2025-06-15,18:00:00,18:15:00,66,,,0,0,0,1,1,4,8,9,5,10,4,13,11
Input_xlxs.xlsx,Input_xlxs,Moose Lodge Rd,NB,2025-06-15,19:00:00,19:15:00,66,,,3,1,2,2,1,3,7,7,4,8,5,9,14
Input_xlxs.xlsx,Input_xlxs,Moose Lodge Rd,NB,2025-06-15,20:00:00,20:15:00,41,,,4,0,2,2,2,0,0,6,4,5,2,5,9
Input_xlxs.xlsx,Input_xlxs,Moose Lodge Rd,NB,2025-06-15,21:00:00,21:15:00,31,,,0,0,1,0,2,2,5,2,3,5,3,0,8
Input_xlxs.xlsx,Input_xlxs,Moose Lodge Rd,NB,2025-06-15,22:00:00,22:15:00,18,,,1,1,1,0,2,1,0,3,0,2,0,1,6
Input_xlxs.xlsx,Input_xlxs,Moose Lodge Rd,NB,2025-06-15,23:00:00,23:15:00,14,,,1,0,0,0,0,3,2,1,3,3,0,0,1
Input_xlxs.xlsx,Input_xlxs,Moose Lodge Rd,NB,2025-06-16,00:00:00,00:15:00,3,,,0,0,0,0,1,0,0,0,0,1,0,0,1
Input_xlxs.xlsx,Input_xlxs,Moose Lodge Rd,NB,2025-06-16,01:00:00,01:15:00,7,,,0,1,1,0,0,0,0,1,1,1,0,0,2
Input_xlxs.xlsx,Input_xlxs,Moose Lodge Rd,NB,2025-06-16,02:00:00,02:15:00,5,,,2,0,1,0,0,0,0,0,0,1,1,0,0
Input_xlxs.xlsx,Input_xlxs,Moose Lodge Rd,NB,2025-06-16,03:00:00,03:15:00,5,,,0,0,0,0,0,0,0,0,1,1,0,1,2
Input_xlxs.xlsx,Input_xlxs,Moose Lodge Rd,NB,2025-06-16,04:00:00,04:15:00,17,,,1,0,0,2,2,0,1,2,1,2,4,0,2
Input_xlxs.xlsx,Input_xlxs,Moose Lodge Rd,NB,2025-06-16,05:00:00,05:15:00,48,,,0,0,0,2,3,3,2,9,7,8,5,2,7
Input_xlxs.xlsx,Input_xlxs,Moose Lodge Rd,NB,2025-06-16,06:00:00,06:15:00,127,,,0,0,0,1,8,7,12,12,16,13,20,14,24
Input_xlxs.xlsx,Input_xlxs,Moose Lodge Rd,NB,2025-06-16,07:00:00,07:15:00,237,,,1,1,1,5,13,20,36,28,25,32,31,21,23
Input_xlxs.xlsx,Input_xlxs,Moose Lodge Rd,NB,2025-06-16,08:00:00,08:15:00,155,,,3,3,1,5,7,7,16,18,24,23,19,9,20
Input_xlxs.xlsx,Input_xlxs,Moose Lodge Rd,NB,2025-06-16,09:00:00,09:15:00,110,,,0,0,0,4,7,7,16,23,21,5,15,6,6
Input_xlxs.xlsx,Input_xlxs,Moose Lodge Rd,NB,2025-06-16,10:00:00,10:15:00,101,,,2,1,0,1,4,11,17,12,15,13,8,9,8
Input_xlxs.xlsx,Input_xlxs,Moose Lodge Rd,NB,2025-06-16,11:00:00,11:15:00,90,,,4,1,0,2,6,7,11,13,13,11,4,7,11
Input_xlxs.xlsx,Input_xlxs,Moose Lodge Rd,NB,2025-06-16,12:00:00,12:15:00,100,,,2,1,3,2,1,13,10,18,17,15,6,4,8
Input_xlxs.xlsx,Input_xlxs,Moose Lodge Rd,NB,2025-06-16,13:00:00,13:15:00,109,,,1,0,2,4,4,17,10,12,12,13,6,12,16
Input_xlxs.xlsx,Input_xlxs,Moose Lodge Rd,NB,2025-06-16,14:00:00,14:15:00,115,,,0,0,3,1,6,12,14,26,10,11,7,8,17
Input_xlxs.xlsx,Input_xlxs,Moose Lodge Rd,NB,2025-06-16,15:00:00,15:15:00,119,,,2,0,2,3,8,8,14,14,21,11,16,9,11
Input_xlxs.xlsx,Input_xlxs,Moose Lodge Rd,NB,2025-06-16,16:00:00,16:15:00,127,,,0,1,0,2,11,11,9,14,15,25,13,8,18
Input_xlxs.xlsx,Input_xlxs,Moose Lodge Rd,NB,2025-06-16,17:00:00,17:15:00,121,,,3,0,1,1,4,4,7,18,19,20,10,11,23
Input_xlxs.xlsx,Input_xlxs,Moose Lodge Rd,NB,2025-06-16,18:00:00,18:15:00,70,,,0,3,4,3,2,4,3,6,7,5,8,6,19
Input_xlxs.xlsx,Input_xlxs,Moose Lodge Rd,NB,2025-06-16,19:00:00,19:15:00,47,,,0,0,0,0,1,3,5,4,5,3,3,10,13
Input_xlxs.xlsx,Input_xlxs,Moose Lodge Rd,NB,2025-06-16,20:00:00,20:15:00,30,,,2,0,0,1,1,4,3,2,3,3,4,2,5
Input_xlxs.xlsx,Input_xlxs,Moose Lodge Rd,NB,2025-06-16,21:00:00,21:15:00,34,,,1,2,1,1,3,8,5,4,1,0,3,1,4
Input_xlxs.xlsx,Input_xlxs,Moose Lodge Rd,NB,2025-06-16,22:00:00,22:15:00,20,,,1,0,0,0,0,1,3,1,2,2,4,2,4
Input_xlxs.xlsx,Input_xlxs,Moose Lodge Rd,NB,2025-06-16,23:00:00,23:15:00,7,,,0,0,0,0,1,2,0,1,0,1,0,1,1
Input_xlxs.xlsx,Input_xlxs,Moose Lodge Rd,NB,2025-06-17,00:00:00,00:15:00,6,,,0,0,1,1,0,0,0,1,0,0,1,0,2
Input_xlxs.xlsx,Input_xlxs,Moose Lodge Rd,NB,2025-06-17,01:00:00,01:15:00,6,,,0,0,0,1,2,0,0,1,0,1,0,0,1
Input_xlxs.xlsx,Input_xlxs,Moose Lodge Rd,NB,2025-06-17,02:00:00,02:15:00,6,,,0,0,0,0,0,0,0,1,0,1,0,0,4
Input_xlxs.xlsx,Input_xlxs,Moose Lodge Rd,NB,2025-06-17,03:00:00,03:15:00,6,,,0,0,0,1,0,0,0,1,0,3,0,1,0
Input_xlxs.xlsx,Input_xlxs,Moose Lodge Rd,NB,2025-06-17,04:00:00,04:15:00,10,,,0,0,0,1,2,0,1,0,0,1,2,0,3
Input_xlxs.xlsx,Input_xlxs,Moose Lodge Rd,NB,2025-06-17,05:00:00,05:15:00,56,,,0,0,0,2,0,3,6,6,7,4,10,3,15
Input_xlxs.xlsx,Input_xlxs,Moose Lodge Rd,NB,2025-06-17,06:00:00,06:15:00,117,,,1,0,1,1,1,2,15,6,8,18,19,17,28
Input_xlxs.xlsx,Input_xlxs,Moose Lodge Rd,NB,2025-06-17,07:00:00,07:15:00,233,,,8,0,0,6,3,4,14,30,36,45,24,21,42
Input_xlxs.xlsx,Input_xlxs,Moose Lodge Rd,NB,2025-06-17,08:00:00,08:15:00,167,,,2,0,0,0,9,11,16,26,19,26,21,9,28
Input_xlxs.xlsx,Input_xlxs,Moose Lodge Rd,NB,2025-06-17,09:00:00,09:15:00,116,,,1,0,2,3,6,4,11,12,19,18,16,10,14
Input_xlxs.xlsx,Input_xlxs,Moose Lodge Rd,NB,2025-06-17,10:00:00,10:15:00,100,,,0,1,5,6,3,12,14,12,9,11,6,3,18
Input_xlxs.xlsx,Input_xlxs,Moose Lodge Rd,NB,2025-06-17,11:00:00,11:15:00,114,,,0,0,0,4,2,18,13,16,11,13,9,8,20
Input_xlxs.xlsx,Input_xlxs,Moose Lodge Rd,NB,2025-06-17,12:00:00,12:15:00,117,,,5,2,2,5,5,4,10,17,16,12,15,12,12
Input_xlxs.xlsx,Input_xlxs,Moose Lodge Rd,NB,2025-06-17,13:00:00,13:15:00,123,,,2,0,2,5,9,9,12,17,14,9,17,13,14
Input_xlxs.xlsx,Input_xlxs,Moose Lodge Rd,NB,2025-06-17,14:00:00,14:15:00,135,,,1,0,2,9,6,11,9,14,15,20,9,9,30
Input_xlxs.xlsx,Input_xlxs,Moose Lodge Rd,NB,2025-06-17,15:00:00,15:15:00,120,,,9,1,0,3,1,9,6,18,13,12,12,7,29
Input_xlxs.xlsx,Input_xlxs,Moose Lodge Rd,NB,2025-06-17,16:00:00,16:15:00,144,,,4,0,0,2,6,7,14,19,23,17,13,12,27
Input_xlxs.xlsx,Input_xlxs,Moose Lodge Rd,NB,2025-06-17,17:00:00,17:15:00,130,,,6,0,2,2,6,5,12,19,23,19,6,9,21
Input_xlxs.xlsx,Input_xlxs,Moose Lodge Rd,NB,2025-06-17,18:00:00,18:15:00,85,,,1,0,3,2,1,6,6,10,9,13,13,12,9
Input_xlxs.xlsx,Input_xlxs,Moose Lodge Rd,NB,2025-06-17,19:00:00,19:15:00,51,,,0,0,1,0,0,6,4,6,5,8,3,4,14
Input_xlxs.xlsx,Input_xlxs,Moose Lodge Rd,NB,2025-06-17,20:00:00,20:15:00,44,,,0,2,1,1,1,1,2,8,5,6,7,3,7
Input_xlxs.xlsx,Input_xlxs,Moose Lodge Rd,NB,2025-06-17,21:00:00,21:15:00,35,,,1,0,0,3,4,1,2,6,6,1,1,3,7
Input_xlxs.xlsx,Input_xlxs,Moose Lodge Rd,NB,2025-06-17,22:00:00,22:15:00,23,,,1,1,0,4,2,2,2,4,1,0,1,0,5
Input_xlxs.xlsx,Input_xlxs,Moose Lodge Rd,NB,2025-06-17,23:00:00,23:15:00,7,,,0,0,0,1,0,2,0,0,0,0,1,0,3
