StationID,CountDate,Direction,H01,H02,H03,H04,H05,H06,H07,H08,H09,H10,H11,H12,H13,H14,H15,H16,H17,H18,H19,H20,H21,H22,H23,H24,Total,HoursPresent,CompleteDay
ATR 3,05/02/2026,EB,17,18,3,5,3,11,37,103,162,212,236,319,285,262,300,282,229,223,165,157,141,75,80,64,3389,24,1
ATR 3,05/02/2026,WB,29,14,15,10,13,14,46,108,176,237,270,297,280,256,226,218,222,206,152,114,87,77,57,49,3173,24,1
ATR 3,05/03/2026,EB,22,12,7,3,3,15,20,47,100,165,154,198,235,210,216,211,183,172,152,104,96,71,35,14,2445,24,1
ATR 3,05/03/2026,WB,42,13,18,13,12,19,41,76,134,195,268,308,319,296,249,232,192,173,109,114,81,53,27,24,3008,24,1
ATR 3,05/04/2026,EB,13,8,2,1,5,27,62,252,329,271,233,265,292,266,260,267,320,307,221,170,102,71,35,16,3795,24,1
ATR 3,05/04/2026,WB,8,5,3,5,20,33,109,256,266,298,274,319,288,299,303,351,348,270,167,133,79,43,27,9,3913,24,1
ATR 3,05/05/2026,EB,6,5,4,1,7,25,67,277,297,235,212,210,249,248,272,301,348,324,247,178,137,88,42,23,3803,24,1
ATR 3,05/05/2026,WB,7,1,7,5,15,27,106,255,288,249,254,236,286,259,288,344,356,288,187,125,107,64,35,16,3805,24,1
ATR 3,05/06/2026,EB,16,4,4,1,3,30,60,265,312,249,229,209,223,227,295,307,315,313,255,185,122,85,34,22,3765,24,1
ATR 3,05/06/2026,WB,16,6,5,5,11,31,83,232,292,269,276,283,291,252,266,297,324,255,187,136,92,82,34,17,3742,24,1
ATR 3,05/07/2026,EB,12,8,2,0,2,20,70,249,331,212,239,246,257,241,302,332,359,362,280,202,158,114,62,40,4100,24,1
ATR 3,05/07/2026,WB,10,7,8,7,7,21,95,214,319,283,291,298,283,255,268,360,369,330,194,128,123,72,41,14,3997,24,1
ATR 3,05/08/2026,EB,24,4,4,1,6,14,68,268,364,271,271,297,320,296,332,404,379,373,304,229,168,125,74,86,4682,24,1
ATR 3,05/08/2026,WB,10,8,6,4,14,26,100,218,275,306,334,292,335,336,286,381,335,301,177,115,116,78,65,46,4164,24,1
ATR 4,05/02/2026,NB,30,19,14,15,21,41,89,145,196,248,296,341,381,340,363,329,289,295,258,172,150,126,89,69,4316,24,1
ATR 4,05/02/2026,SB,55,28,16,6,10,33,90,179,299,316,363,351,389,366,349,300,270,268,212,163,146,113,70,66,4458,24,1
ATR 4,05/03/2026,NB,16,16,7,15,21,35,84,167,248,407,476,465,505,511,480,477,407,396,337,273,171,120,51,25,5710,24,1
ATR 4,05/03/2026,SB,29,22,11,12,11,13,56,113,143,248,251,349,327,308,263,237,239,226,192,184,129,94,63,24,3544,24,1
ATR 4,05/04/2026,NB,14,9,24,18,63,125,222,280,269,248,326,270,303,295,290,352,341,331,236,163,134,73,54,24,4464,24,1
ATR 4,05/04/2026,SB,17,7,5,7,16,36,152,305,294,277,252,241,274,262,239,320,326,292,190,143,96,70,54,29,3904,24,1
ATR 4,05/05/2026,NB,11,11,14,19,51,112,213,287,280,270,260,230,269,297,288,373,355,341,233,174,125,84,46,27,4370,24,1
ATR 4,05/05/2026,SB,18,11,4,9,21,34,162,316,301,298,253,267,272,261,287,345,350,279,209,148,138,93,80,46,4202,24,1
ATR 4,05/06/2026,NB,10,11,20,14,40,110,207,311,247,265,280,276,271,281,300,333,313,301,207,163,122,86,38,27,4233,24,1
ATR 4,05/06/2026,SB,21,8,11,8,11,38,156,289,308,273,275,244,247,244,269,294,330,258,201,177,125,90,66,35,3978,24,1
ATR 4,05/07/2026,NB,18,15,15,5,39,102,190,274,260,253,255,242,259,299,305,354,316,302,210,163,129,79,54,33,4171,24,1
ATR 4,05/07/2026,SB,21,12,14,12,18,38,170,318,284,249,273,284,313,294,292,353,377,343,266,208,213,145,105,62,4664,24,1
ATR 4,05/08/2026,NB,14,18,14,13,44,91,191,230,220,271,269,279,311,327,339,363,375,368,261,192,172,135,99,59,4655,24,1
ATR 4,05/08/2026,SB,50,12,8,6,15,41,184,304,357,341,330,410,389,380,376,491,436,439,413,302,232,225,103,70,5914,24,1
ATR 5,05/05/2026,EB,52,47,36,55,59,187,574,771,757,556,566,553,624,573,622,648,671,636,551,440,394,254,229,136,9991,24,1
ATR 5,05/05/2026,WB,101,54,51,76,110,177,375,614,640,547,502,550,605,583,672,906,916,842,491,421,344,298,175,133,10183,24,1
ATR 5,05/06/2026,EB,74,46,31,68,69,180,563,759,759,595,546,485,628,591,642,716,668,542,547,424,325,246,193,134,9831,24,1
ATR 5,05/06/2026,WB,110,72,55,74,119,148,371,600,629,593,550,545,635,597,678,873,893,758,542,401,362,232,221,133,10191,24,1
ATR 5,05/07/2026,EB,51,50,25,58,59,167,557,754,774,619,546,538,546,620,655,718,657,585,523,475,386,300,194,146,10003,24,1
ATR 5,05/07/2026,WB,114,48,60,53,130,162,378,596,631,542,545,531,661,601,684,894,971,861,549,372,325,251,213,175,10347,24,1
ATR 5,05/08/2026,EB,55,40,28,67,50,189,527,723,728,553,480,638,629,637,719,750,698,605,584,517,399,322,268,170,10376,24,1
ATR 5,05/08/2026,WB,122,72,54,44,132,146,330,571,622,545,490,614,671,634,684,953,881,766,601,457,391,298,251,230,10559,24,1
ATR 5,05/09/2026,EB,99,60,53,75,27,98,181,296,366,390,451,512,524,563,555,580,542,537,490,448,346,270,247,185,7895,24,1
ATR 5,05/09/2026,WB,155,125,103,120,130,97,163,277,355,461,530,568,584,548,505,537,501,515,435,395,389,301,274,252,8320,24,1
ATR 5,05/10/2026,EB,95,49,39,69,32,81,127,171,189,314,413,413,495,541,566,539,488,475,472,439,327,285,167,132,6918,24,1
ATR 5,05/10/2026,WB,162,117,144,122,104,69,118,196,246,346,463,522,539,478,512,534,479,462,447,409,398,259,229,163,7518,24,1
ATR 5,05/11/2026,EB,65,35,32,54,43,164,560,730,683,558,499,535,586,558,647,684,659,587,462,419,326,248,163,100,9397,24,1
ATR 5,05/11/2026,WB,118,62,61,75,104,163,334,599,603,526,513,559,655,541,586,811,864,760,503,392,332,230,211,133,9735,24,1
ATR 7,05/02/2026,EB,7,4,0,4,10,27,39,89,84,112,153,167,145,130,144,124,115,77,86,63,55,46,30,13,1724,24,1
ATR 7,05/02/2026,WB,6,4,4,1,8,11,24,45,64,113,103,142,145,128,129,165,138,134,101,99,62,53,34,24,1737,24,1
ATR 7,05/03/2026,EB,3,1,3,1,4,12,27,33,72,80,119,109,97,109,95,108,91,60,64,67,36,17,12,7,1227,24,1
ATR 7,05/03/2026,WB,9,4,6,3,1,6,23,47,82,113,174,246,243,211,201,198,146,143,105,85,72,39,21,15,2193,24,1
ATR 7,05/04/2026,EB,2,2,2,7,17,59,116,187,133,125,115,115,110,110,116,116,112,86,74,60,47,14,10,6,1741,24,1
ATR 7,05/04/2026,WB,3,1,2,8,14,22,48,75,68,101,135,128,139,125,158,190,211,189,122,71,57,39,23,22,1951,24,1
ATR 7,05/05/2026,EB,1,2,2,5,18,50,123,177,146,132,123,147,116,115,111,120,125,69,78,51,48,26,13,6,1804,24,1
ATR 7,05/05/2026,WB,6,2,3,4,9,16,45,80,89,81,108,123,137,149,140,192,217,162,123,81,64,68,28,21,1948,24,1
ATR 7,05/06/2026,EB,3,1,4,5,9,50,111,171,138,119,83,99,137,113,121,132,132,90,70,54,39,29,15,7,1732,24,1
ATR 7,05/06/2026,WB,4,3,5,5,8,21,41,68,88,87,101,109,141,128,160,173,218,174,108,74,67,56,22,20,1881,24,1
ATR 7,05/07/2026,EB,3,2,2,6,12,46,118,195,170,98,110,110,125,117,128,150,138,106,94,90,66,37,24,10,1957,24,1
ATR 7,05/07/2026,WB,2,2,3,9,12,24,42,68,78,103,112,112,113,135,135,182,207,182,97,78,76,54,28,18,1872,24,1
ATR 7,05/08/2026,EB,3,1,8,7,12,47,147,204,137,174,149,174,185,174,196,181,197,233,153,152,91,63,27,19,2734,24,1
ATR 7,05/08/2026,WB,4,2,4,7,7,23,57,55,78,106,135,117,160,160,170,226,217,175,112,84,96,61,39,19,2114,24,1
ATR 8,05/02/2026,EB,3,1,0,1,1,1,3,3,8,9,18,14,8,12,10,7,9,8,3,3,3,5,5,3,138,24,1
ATR 8,05/02/2026,WB,0,1,0,0,1,2,3,5,8,9,14,12,10,11,7,9,8,14,4,3,4,5,2,2,134,24,1
ATR 8,05/03/2026,EB,1,1,3,0,0,0,1,3,7,9,5,8,9,9,10,10,6,5,9,5,6,0,0,1,108,24,1
ATR 8,05/03/2026,WB,1,0,0,0,0,2,3,3,7,7,8,13,14,16,12,10,11,6,5,5,4,0,0,0,127,24,1
ATR 8,05/04/2026,EB,0,0,0,0,0,0,5,13,12,8,5,8,6,8,8,13,14,11,7,5,5,1,2,1,132,24,1
ATR 8,05/04/2026,WB,1,0,0,1,1,9,8,6,15,10,9,8,5,14,14,15,5,12,13,6,5,0,2,0,159,24,1
ATR 8,05/05/2026,EB,0,2,0,0,0,2,5,10,12,8,15,10,8,7,13,17,12,8,13,6,4,4,3,1,160,24,1
ATR 8,05/05/2026,WB,0,1,0,1,2,5,6,6,8,9,17,8,12,10,20,18,6,13,7,8,4,2,0,2,165,24,1
ATR 8,05/06/2026,EB,1,2,0,0,0,0,4,13,15,4,7,5,11,7,6,11,15,19,5,4,6,3,1,1,140,24,1
ATR 8,05/06/2026,WB,0,1,0,0,2,4,9,6,10,15,7,4,5,12,18,13,9,7,8,7,8,4,0,0,149,24,1
ATR 8,05/07/2026,EB,0,1,0,0,0,0,6,13,14,7,8,5,3,6,17,13,9,11,9,5,10,5,6,1,149,24,1
ATR 8,05/07/2026,WB,0,1,0,0,0,4,11,7,6,14,10,8,10,10,19,11,9,8,15,6,0,1,2,2,154,24,1
ATR 8,05/08/2026,EB,1,2,0,0,1,0,7,14,18,10,7,11,14,5,11,12,12,16,7,3,5,3,4,3,166,24,1
ATR 8,05/08/2026,WB,0,0,0,2,1,5,6,12,17,18,15,8,6,12,11,9,6,16,12,6,5,3,3,1,174,24,1
ATR 9,05/02/2026,EB,2,0,1,0,2,0,5,7,14,9,24,13,16,14,7,10,19,10,12,12,2,6,11,4,200,24,1
ATR 9,05/02/2026,WB,1,1,1,0,1,2,5,1,13,14,22,16,13,18,15,22,16,6,6,11,9,6,5,3,207,24,1
ATR 9,05/03/2026,EB,0,0,0,0,0,1,5,9,13,7,9,21,13,16,7,17,7,13,15,14,3,4,1,4,179,24,1
ATR 9,05/03/2026,WB,1,2,0,0,1,0,2,3,6,19,19,17,12,17,14,14,14,5,11,17,7,3,0,2,186,24,1
ATR 9,05/04/2026,EB,1,0,0,1,0,2,10,14,13,19,6,7,3,9,8,27,13,27,11,12,9,5,2,1,200,24,1
ATR 9,05/04/2026,WB,0,0,0,1,5,1,7,20,27,18,9,6,13,6,17,31,22,28,11,7,11,3,2,2,247,24,1
ATR 9,05/05/2026,EB,0,0,0,0,1,5,13,14,19,19,8,17,7,8,13,26,28,29,13,17,10,2,3,3,255,24,1
ATR 9,05/05/2026,WB,0,0,0,1,4,1,6,18,26,10,8,8,10,9,11,33,26,30,17,13,8,3,1,2,245,24,1
ATR 9,05/06/2026,EB,1,0,0,0,1,5,16,16,20,10,7,7,6,5,13,24,19,26,10,12,5,6,3,3,215,24,1
ATR 9,05/06/2026,WB,1,0,0,2,4,1,7,20,20,18,6,7,13,11,18,21,21,24,17,9,10,5,1,2,238,24,1
ATR 9,05/07/2026,EB,2,0,0,0,2,0,11,21,14,16,11,9,8,7,4,30,30,17,14,12,5,5,0,0,218,24,1
ATR 9,05/07/2026,WB,0,0,0,1,4,2,7,23,24,12,7,6,10,15,12,24,30,21,12,9,8,4,3,1,235,24,1
ATR 9,05/08/2026,EB,0,0,0,1,1,2,12,10,11,24,6,10,10,10,11,27,15,11,7,6,7,5,5,10,201,24,1
ATR 9,05/08/2026,WB,1,3,0,2,2,3,4,17,15,12,7,10,10,14,19,17,23,11,13,12,5,2,4,5,211,24,1
ATR 10,05/02/2026,EB,3,2,4,2,12,17,21,56,72,92,80,91,83,76,95,81,101,70,56,54,41,31,25,20,1185,24,1
ATR 10,05/02/2026,WB,16,8,3,6,6,10,11,18,50,56,79,84,84,102,90,93,104,89,98,60,62,47,33,27,1236,24,1
ATR 10,05/03/2026,EB,5,3,2,3,2,8,18,26,67,77,78,87,93,74,63,79,67,76,64,42,35,23,22,9,1023,24,1
ATR 10,05/03/2026,WB,11,9,3,5,1,4,9,22,38,59,68,80,100,86,68,79,81,76,73,42,49,34,21,14,1032,24,1
ATR 10,05/04/2026,EB,2,2,2,5,14,38,92,125,131,102,60,70,79,72,87,80,107,97,64,45,40,24,21,5,1364,24,1
ATR 10,05/04/2026,WB,12,5,4,3,7,17,33,58,74,57,50,71,64,93,115,151,145,143,105,65,60,44,33,18,1427,24,1
ATR 10,05/05/2026,EB,1,3,2,5,9,38,99,151,146,101,75,68,71,89,93,91,95,89,85,45,31,24,8,6,1425,24,1
ATR 10,05/05/2026,WB,6,6,5,1,4,19,36,62,93,62,68,73,83,83,108,157,158,139,105,88,59,40,22,17,1494,24,1
ATR 10,05/06/2026,EB,3,5,3,2,12,41,84,147,130,106,79,70,64,65,89,102,116,84,65,37,30,24,9,6,1373,24,1
ATR 10,05/06/2026,WB,7,1,3,2,5,20,39,66,89,66,49,62,74,80,119,140,139,150,99,74,58,42,13,14,1411,24,1
ATR 10,05/07/2026,EB,2,2,1,4,12,35,94,145,139,132,66,66,83,73,86,106,89,98,61,49,32,18,15,3,1411,24,1
ATR 10,05/07/2026,WB,7,3,3,0,5,15,41,72,81,71,67,60,69,78,123,149,158,152,101,87,52,54,24,15,1487,24,1
ATR 10,05/08/2026,EB,2,2,1,6,12,35,85,124,116,102,78,64,88,68,102,111,107,93,68,49,38,20,15,10,1396,24,1
ATR 10,05/08/2026,WB,12,1,3,4,6,10,32,67,79,55,54,88,68,97,136,125,155,120,115,83,61,48,38,24,1481,24,1
ATR 11,05/06/2026,EB,55,34,25,36,93,203,428,477,447,407,365,380,403,498,668,838,933,776,465,337,289,198,153,93,8601,24,1
ATR 11,05/06/2026,WB,55,34,22,33,58,252,702,933,721,479,413,366,387,429,492,544,619,591,458,328,232,184,151,90,8573,24,1
ATR 11,05/07/2026,EB,64,23,25,45,97,203,391,457,445,387,392,380,449,458,613,819,936,787,561,369,326,229,153,109,8718,24,1
ATR 11,05/07/2026,WB,52,20,26,31,68,232,659,952,683,465,428,374,427,494,484,566,639,629,442,335,261,217,152,98,8734,24,1
ATR 11,05/08/2026,EB,46,34,25,42,91,182,370,466,437,396,406,447,513,520,735,923,834,725,502,357,338,270,194,157,9010,24,1
ATR 11,05/08/2026,WB,57,36,37,30,57,236,619,859,590,516,450,462,498,482,578,629,686,661,550,394,282,269,177,125,9280,24,1
ATR 11,05/09/2026,EB,75,52,40,40,53,73,128,249,398,501,465,519,558,521,569,631,523,521,431,359,311,272,231,118,7638,24,1
ATR 11,05/09/2026,WB,113,48,44,34,37,78,179,280,364,464,448,485,573,613,623,572,545,492,468,352,255,226,160,126,7579,24,1
ATR 11,05/10/2026,EB,94,70,50,33,43,44,72,174,247,313,450,537,607,579,618,672,651,614,576,491,388,302,159,94,7878,24,1
ATR 11,05/10/2026,WB,86,57,33,24,32,84,118,151,231,365,451,548,586,673,531,532,570,472,405,366,249,169,117,86,6936,24,1
ATR 11,05/11/2026,EB,49,25,25,33,81,202,401,502,473,376,367,402,424,457,626,773,832,723,453,324,271,235,148,59,8261,24,1
ATR 11,05/11/2026,WB,37,27,23,23,60,202,646,831,661,382,383,385,403,408,447,524,635,546,406,273,248,169,139,81,7939,24,1
ATR 11,05/12/2026,EB,36,29,31,34,86,208,425,520,522,427,377,411,444,443,576,904,913,891,520,381,301,245,146,94,8964,24,1
ATR 11,05/12/2026,WB,48,29,21,40,62,255,693,980,761,434,354,405,408,444,492,543,640,614,457,366,260,189,111,95,8701,24,1
ATR 13,05/05/2026,EB,9,7,9,9,53,174,463,416,277,183,176,165,156,210,230,250,224,185,124,122,97,78,65,20,3702,24,1
ATR 13,05/05/2026,WB,20,8,8,12,33,83,113,193,180,182,150,156,174,234,239,354,402,383,261,217,136,92,61,50,3741,24,1
ATR 13,05/06/2026,EB,12,7,8,10,51,179,464,432,266,182,173,141,162,194,190,228,209,196,131,95,79,77,51,15,3552,24,1
ATR 13,05/06/2026,WB,20,5,8,8,38,85,122,173,197,151,132,132,175,216,224,299,373,365,226,185,126,86,54,41,3441,24,1
ATR 13,05/07/2026,EB,15,7,5,9,53,166,447,439,273,184,174,178,228,192,218,230,212,164,155,107,101,67,47,17,3688,24,1
ATR 13,05/07/2026,WB,22,8,7,7,38,84,102,191,202,163,161,182,169,212,231,300,396,349,278,176,141,93,69,42,3623,24,1
ATR 13,05/08/2026,EB,10,5,11,11,51,162,456,422,277,228,200,201,212,205,213,269,226,247,196,141,119,94,56,25,4037,24,1
ATR 13,05/08/2026,WB,13,7,7,11,34,80,115,174,204,151,166,174,198,210,241,356,371,367,277,190,137,102,85,65,3735,24,1
ATR 13,05/09/2026,EB,10,10,8,9,32,75,168,221,160,199,199,162,237,179,234,179,157,151,141,118,85,71,54,26,2885,24,1
ATR 13,05/09/2026,WB,32,17,7,12,19,33,49,77,112,120,156,153,187,238,209,253,212,208,183,124,117,118,113,70,2819,24,1
ATR 13,05/10/2026,EB,12,21,16,3,14,52,103,111,154,195,238,215,224,253,184,177,168,150,151,134,65,50,37,19,2746,24,1
ATR 13,05/10/2026,WB,33,27,13,10,9,30,41,59,83,152,205,213,249,281,271,311,267,281,258,201,141,110,52,42,3339,24,1
ATR 13,05/11/2026,EB,12,6,4,8,45,155,404,420,264,187,145,161,163,188,192,221,195,154,142,91,98,83,40,20,3398,24,1
ATR 13,05/11/2026,WB,14,9,9,4,33,74,130,193,194,151,164,192,192,210,223,287,302,330,187,148,120,79,62,42,3349,24,1
ATR 14,05/01/2026,NB,34,21,19,36,76,155,382,668,562,578,467,433,411,482,452,524,526,561,506,409,360,196,133,90,8081,24,1
ATR 14,05/01/2026,SB,45,33,24,26,23,107,167,461,422,425,454,532,585,555,695,768,817,816,663,632,505,406,240,175,9576,24,1
ATR 14,05/02/2026,NB,45,40,19,23,35,79,164,266,361,476,548,492,580,487,530,503,473,433,392,343,255,178,97,87,6906,24,1
ATR 14,05/02/2026,SB,81,45,25,24,30,59,134,219,318,382,500,542,653,686,724,687,611,665,570,522,468,312,226,156,8639,24,1
ATR 14,05/03/2026,NB,48,35,21,24,25,56,115,185,271,390,530,456,544,477,421,440,424,364,355,251,167,144,91,42,5876,24,1
ATR 14,05/03/2026,SB,66,46,50,15,30,59,88,144,223,330,443,530,582,688,635,614,605,574,503,412,343,238,124,75,7417,24,1
ATR 14,05/04/2026,NB,33,11,9,22,74,158,391,639,524,493,399,388,429,415,471,494,527,467,431,280,232,149,89,57,7182,24,1
ATR 14,05/04/2026,SB,36,22,10,17,20,103,170,344,425,357,400,479,550,536,651,760,811,801,635,498,423,282,175,117,8622,24,1
ATR 14,05/05/2026,NB,37,20,16,33,77,134,372,662,529,497,386,371,447,438,442,503,512,516,392,340,283,165,100,50,7322,24,1
ATR 14,05/05/2026,SB,49,22,18,17,31,96,169,358,440,377,407,489,527,562,680,753,815,729,673,569,483,303,188,131,8886,24,1
ATR 14,05/06/2026,NB,44,17,16,28,76,143,380,644,533,424,399,379,414,447,486,470,520,453,392,270,267,129,121,55,7107,24,1
ATR 14,05/06/2026,SB,58,37,24,14,32,98,184,358,432,364,436,496,509,483,617,745,731,750,573,476,473,305,188,95,8478,24,1
ATR 14,05/07/2026,NB,40,13,17,33,80,145,368,626,536,493,413,367,433,436,447,476,553,417,421,305,268,157,99,51,7194,24,1
ATR 14,05/07/2026,SB,54,27,16,21,28,97,183,332,429,354,406,470,500,518,630,704,767,740,631,557,431,311,201,124,8531,24,1
ATR 15,05/01/2026,EB,13,12,10,11,28,54,125,207,208,191,195,219,240,272,306,347,336,294,227,147,119,102,70,37,3770,24,1
ATR 15,05/01/2026,WB,21,10,10,8,24,73,158,256,261,208,187,207,230,244,257,309,273,243,188,158,144,91,63,36,3659,24,1
ATR 15,05/02/2026,EB,23,13,15,22,23,23,62,89,163,182,235,313,273,267,220,206,216,186,181,141,114,74,62,44,3147,24,1
ATR 15,05/02/2026,WB,13,14,18,14,17,32,59,116,154,183,250,252,248,234,226,229,205,207,147,149,128,101,57,43,3096,24,1
ATR 15,05/03/2026,EB,20,16,8,13,7,17,36,42,91,146,175,151,223,226,210,189,183,173,148,116,124,60,36,23,2433,24,1
ATR 15,05/03/2026,WB,25,22,12,10,16,19,39,58,86,123,165,179,221,201,216,186,184,168,159,146,104,77,39,34,2489,24,1
ATR 15,05/04/2026,EB,17,9,12,13,30,61,121,185,217,187,173,219,193,236,281,317,312,272,190,167,107,71,44,22,3456,24,1
ATR 15,05/04/2026,WB,13,10,8,9,36,97,160,277,280,214,197,199,175,211,242,282,246,215,171,135,104,63,43,21,3408,24,1
ATR 15,05/05/2026,EB,18,9,10,11,34,57,98,196,224,194,187,217,195,253,264,319,333,261,192,171,121,74,56,28,3522,24,1
ATR 15,05/05/2026,WB,18,6,10,12,27,88,170,296,268,195,187,202,208,201,235,313,245,235,160,159,95,68,47,20,3465,24,1
ATR 15,05/06/2026,EB,9,21,12,10,33,63,128,187,225,180,210,206,181,179,280,322,306,267,218,145,107,68,38,28,3423,24,1
ATR 15,05/06/2026,WB,19,13,6,15,30,86,165,295,280,198,175,182,218,169,247,256,218,213,166,176,104,55,38,14,3338,24,1
ATR 15,05/07/2026,EB,16,8,12,9,31,58,119,187,245,176,198,194,268,268,261,333,319,300,196,161,116,85,61,31,3652,24,1
ATR 15,05/07/2026,WB,18,10,4,11,25,88,168,282,302,241,197,207,215,191,223,284,254,231,159,187,95,77,55,24,3548,24,1
ATR 16,05/05/2026,EB,36,17,14,14,32,135,430,661,560,529,486,509,560,524,593,640,685,641,508,395,256,174,127,89,8615,24,1
ATR 16,05/05/2026,WB,36,11,24,32,68,185,367,535,556,442,405,481,459,458,542,687,778,649,429,329,252,158,128,68,8079,24,1
ATR 16,05/06/2026,EB,32,13,20,25,37,140,432,677,535,507,513,501,480,545,621,560,671,685,536,349,256,161,107,87,8490,24,1
ATR 16,05/06/2026,WB,41,24,15,31,72,148,392,549,537,469,439,482,513,478,591,633,746,637,400,302,303,162,117,50,8131,24,1
ATR 16,05/07/2026,EB,26,18,17,20,35,135,438,650,537,494,473,492,542,496,651,707,735,643,525,402,317,210,140,98,8801,24,1
ATR 16,05/07/2026,WB,31,17,28,23,78,184,413,509,500,416,438,464,499,516,587,635,758,699,449,306,260,160,121,53,8144,24,1
ATR 16,05/08/2026,EB,45,17,19,19,39,133,405,613,533,418,512,523,608,621,718,688,741,763,724,451,335,226,196,114,9461,24,1
ATR 16,05/08/2026,WB,40,26,27,33,62,154,364,515,469,422,477,515,549,581,595,658,774,645,447,373,272,201,167,131,8497,24,1
ATR 16,05/09/2026,EB,78,45,31,23,22,47,137,249,338,445,515,587,668,609,607,586,575,521,433,336,283,217,175,125,7652,24,1
ATR 16,05/09/2026,WB,75,37,47,39,47,67,134,243,351,428,519,550,593,547,526,521,476,475,393,306,249,229,194,133,7179,24,1
ATR 16,05/10/2026,EB,85,36,27,18,21,27,84,140,290,333,499,613,677,650,620,565,498,462,378,343,263,187,123,77,7016,24,1
ATR 16,05/10/2026,WB,82,66,46,34,53,53,122,166,278,394,564,596,570,565,573,543,582,577,539,419,282,184,122,67,7477,24,1
ATR 16,05/11/2026,EB,31,23,14,20,34,115,405,640,537,443,450,430,489,459,575,650,652,633,460,351,244,158,109,62,7984,24,1
ATR 16,05/11/2026,WB,33,35,23,27,72,198,399,559,477,473,455,470,455,488,487,634,666,596,437,282,250,128,102,40,7786,24,1
ATR 17,05/01/2026,EB,4,5,1,3,5,11,29,31,71,37,49,53,54,64,65,135,87,154,75,53,43,27,17,4,1077,24,1
ATR 17,05/01/2026,WB,2,1,1,4,3,24,51,69,129,45,50,65,53,70,74,88,64,62,82,71,35,48,23,9,1123,24,1
ATR 17,05/02/2026,EB,6,3,3,4,1,6,12,35,59,61,76,84,57,68,50,84,70,63,56,46,36,17,11,7,915,24,1
ATR 17,05/02/2026,WB,6,0,2,2,2,7,13,36,77,90,78,78,54,85,56,70,79,60,44,45,28,18,15,10,955,24,1
ATR 17,05/03/2026,EB,8,1,2,2,0,1,7,13,18,33,39,50,75,73,82,82,92,56,56,29,26,22,9,3,779,24,1
ATR 17,05/03/2026,WB,8,3,3,0,2,4,11,23,38,48,65,64,76,65,64,70,73,61,54,43,27,17,6,3,828,24,1
ATR 17,05/04/2026,EB,3,4,2,5,11,20,32,38,61,40,36,47,56,54,63,112,101,98,57,38,34,24,10,4,950,24,1
ATR 17,05/04/2026,WB,2,4,2,1,7,28,44,72,122,47,49,44,47,50,61,86,87,66,51,61,28,13,5,3,980,24,1
ATR 17,05/05/2026,EB,2,2,2,4,12,16,25,43,67,37,25,43,41,52,65,133,95,107,54,52,28,13,11,5,934,24,1
ATR 17,05/05/2026,WB,0,1,0,2,6,23,55,69,132,50,49,45,39,56,62,88,103,82,39,49,25,15,8,4,1002,24,1
ATR 17,05/06/2026,EB,4,0,3,3,11,17,34,31,56,38,40,41,55,54,50,124,94,85,73,60,42,19,23,6,963,24,1
ATR 17,05/06/2026,WB,3,1,0,1,6,23,48,69,135,50,53,48,45,45,71,79,72,78,87,37,23,8,7,3,992,24,1
ATR 17,05/07/2026,EB,6,2,1,0,1,0,11,43,56,34,37,37,40,50,59,128,116,73,73,52,50,23,13,5,910,24,1
ATR 17,05/07/2026,WB,0,0,2,1,17,43,56,85,127,56,47,35,40,31,52,80,74,78,72,33,24,11,2,3,969,24,1
ATR 18,05/01/2026,NB,3,1,1,3,1,8,22,29,24,20,23,45,34,30,51,62,72,94,62,45,35,29,17,7,718,24,1
ATR 18,05/01/2026,SB,3,1,1,0,2,16,36,71,54,33,37,40,27,38,37,51,60,54,25,55,30,38,13,5,727,24,1
ATR 18,05/02/2026,NB,10,4,3,2,1,5,7,28,34,39,32,52,51,49,38,48,45,34,33,27,35,20,16,12,625,24,1
ATR 18,05/02/2026,SB,4,1,1,0,1,7,11,22,46,44,57,54,43,63,33,38,30,39,35,35,22,14,9,6,615,24,1
ATR 18,05/03/2026,NB,5,2,3,0,1,3,6,12,17,21,36,40,29,43,30,35,43,41,32,29,17,8,10,5,468,24,1
ATR 18,05/03/2026,SB,2,1,1,0,0,4,7,14,15,35,34,41,26,38,40,41,38,31,29,41,12,10,4,3,467,24,1
ATR 18,05/04/2026,NB,2,3,2,0,3,6,23,30,37,20,23,28,44,25,36,61,86,87,46,25,22,13,12,4,638,24,1
ATR 18,05/04/2026,SB,1,0,1,0,5,13,42,64,51,35,34,25,47,26,35,38,51,42,41,43,12,7,7,2,622,24,1
ATR 18,05/05/2026,NB,1,1,0,1,2,6,21,28,40,30,23,23,30,33,45,53,69,76,59,43,27,16,14,4,645,24,1
ATR 18,05/05/2026,SB,0,1,0,0,1,18,47,76,61,27,24,21,36,37,28,35,47,49,39,25,25,5,7,3,612,24,1
ATR 18,05/06/2026,NB,2,1,1,2,0,2,12,28,36,18,20,35,24,26,46,50,74,69,37,27,35,17,16,6,584,24,1
ATR 18,05/06/2026,SB,1,0,1,0,4,15,41,64,70,30,17,25,24,36,41,33,36,38,38,28,21,10,2,1,576,24,1
ATR 18,05/07/2026,NB,2,0,1,0,2,8,22,30,30,14,23,22,41,40,38,80,73,73,46,32,30,20,11,1,639,24,1
ATR 18,05/07/2026,SB,2,0,1,1,4,15,40,70,59,39,30,32,33,36,28,43,44,47,47,18,17,14,8,1,629,24,1
ATR 19,05/01/2026,NB,13,8,4,1,3,11,61,41,68,116,72,83,84,101,83,111,171,157,147,93,89,80,48,36,1681,24,1
ATR 19,05/01/2026,SB,5,4,2,5,2,15,32,85,117,108,78,95,127,84,80,139,127,130,132,151,117,62,46,30,1773,24,1
ATR 19,05/02/2026,NB,24,17,9,5,4,1,17,30,75,148,64,134,147,102,110,102,94,80,91,82,55,63,44,44,1542,24,1
ATR 19,05/02/2026,SB,15,8,4,7,2,2,14,27,61,141,98,110,219,103,114,75,96,88,76,85,60,53,27,26,1511,24,1
ATR 19,05/03/2026,NB,19,20,7,2,2,3,3,13,22,41,56,80,101,114,100,88,110,96,83,69,70,50,37,19,1205,24,1
ATR 19,05/03/2026,SB,17,16,13,4,2,3,10,22,44,56,81,88,94,101,92,80,102,74,79,74,50,51,23,13,1189,24,1
ATR 19,05/04/2026,NB,13,9,3,5,2,26,92,40,101,129,58,63,66,74,80,112,147,143,130,97,84,53,42,21,1590,24,1
ATR 19,05/04/2026,SB,7,3,2,2,4,14,37,68,127,95,64,74,64,82,75,172,100,194,140,82,69,65,18,15,1573,24,1
ATR 19,05/05/2026,NB,10,5,3,2,1,23,106,49,97,121,53,73,96,75,79,81,182,164,124,93,79,63,30,25,1634,24,1
ATR 19,05/05/2026,SB,7,4,2,0,2,12,36,77,115,84,69,72,73,69,81,143,103,223,163,144,63,65,23,12,1642,24,1
ATR 19,05/06/2026,NB,18,10,4,1,1,26,94,56,129,115,65,73,76,71,100,89,157,140,108,91,64,57,46,22,1613,24,1
ATR 19,05/06/2026,SB,8,7,4,2,2,14,36,72,111,100,81,95,87,74,68,140,100,218,107,115,53,56,26,15,1591,24,1
ATR 19,05/07/2026,NB,14,11,6,4,3,23,104,54,97,133,55,63,81,67,99,115,162,177,116,107,73,63,42,22,1691,24,1
ATR 19,05/07/2026,SB,9,6,3,0,5,11,35,75,117,96,64,73,86,75,71,139,110,193,188,118,81,32,27,18,1632,24,1
ATR 20,05/01/2026,NB,5,0,1,0,1,3,8,20,28,44,43,28,42,37,55,61,53,67,69,34,30,20,22,14,685,24,1
ATR 20,05/01/2026,SB,2,2,1,0,2,1,14,23,37,53,35,33,48,41,40,37,53,52,44,34,27,28,6,8,621,24,1
ATR 20,05/02/2026,NB,9,6,5,1,0,1,7,12,22,31,34,38,59,37,41,51,47,44,38,30,17,18,19,8,575,24,1
ATR 20,05/02/2026,SB,6,4,2,2,0,1,4,9,20,26,50,30,56,47,32,41,37,32,23,17,20,9,16,7,491,24,1
ATR 20,05/03/2026,NB,8,4,2,3,0,1,4,8,7,24,50,42,42,47,49,36,29,47,28,22,23,27,7,9,519,24,1
ATR 20,05/03/2026,SB,4,4,2,1,1,0,1,6,10,15,27,33,40,64,53,26,33,29,31,29,19,6,11,4,449,24,1
ATR 20,05/04/2026,NB,1,1,2,0,1,1,9,16,32,32,18,39,37,42,29,45,58,61,64,28,24,32,24,4,600,24,1
ATR 20,05/04/2026,SB,7,0,1,3,2,2,19,21,56,65,36,32,34,35,33,46,52,42,39,25,24,16,4,5,599,24,1
ATR 20,05/05/2026,NB,4,1,1,0,0,1,9,23,25,32,21,25,33,37,34,58,61,61,61,46,36,35,16,7,627,24,1
ATR 20,05/05/2026,SB,2,1,0,2,1,5,15,28,51,60,36,29,28,21,37,46,64,39,48,35,25,42,4,2,621,24,1
ATR 20,05/06/2026,NB,7,2,1,0,2,2,7,15,30,37,37,35,34,30,42,41,70,62,52,50,33,30,18,6,643,24,1
ATR 20,05/06/2026,SB,7,1,0,0,1,7,11,31,55,54,33,34,30,31,93,43,54,55,56,23,24,28,8,4,683,24,1
ATR 20,05/07/2026,NB,6,2,1,2,0,1,14,16,36,36,40,37,35,37,26,55,88,54,53,47,26,27,12,5,656,24,1
ATR 20,05/07/2026,SB,5,2,0,2,1,5,14,25,64,57,37,37,26,38,34,32,64,48,63,37,25,32,8,5,661,24,1
ATR 21,05/12/2026,EB,42,29,30,49,134,338,946,1108,1108,784,718,732,770,804,811,920,948,959,720,482,365,308,180,109,13394,24,1
ATR 21,05/12/2026,WB,83,33,31,67,89,212,535,676,649,651,573,637,698,665,817,953,1080,1074,772,664,469,331,207,149,12115,24,1
ATR 21,05/13/2026,EB,55,30,29,50,121,330,957,1102,1116,897,712,739,709,778,878,913,1000,938,743,496,367,286,189,111,13546,24,1
ATR 21,05/13/2026,WB,76,51,35,53,86,215,473,728,656,634,562,610,708,732,893,941,1096,985,727,607,514,330,209,153,12074,24,1
ATR 21,05/14/2026,EB,56,41,41,51,120,331,941,1085,1016,857,739,683,740,819,881,942,1024,1039,752,519,451,339,192,111,13770,24,1
ATR 21,05/14/2026,WB,92,58,40,55,82,210,460,710,692,612,563,663,686,707,873,1004,1108,1010,775,598,517,417,255,177,12364,24,1
ATR 21,05/15/2026,EB,65,40,47,47,118,331,910,1085,1046,856,725,700,879,837,944,963,976,948,842,699,479,405,293,171,14406,24,1
ATR 21,05/15/2026,WB,103,75,37,56,85,218,448,696,652,680,703,661,786,746,903,1047,996,997,838,620,568,439,365,263,12982,24,1
ATR 21,05/16/2026,EB,110,47,43,46,58,151,419,546,685,879,896,966,912,853,947,852,952,863,731,572,506,426,320,191,12971,24,1
ATR 21,05/16/2026,WB,177,104,76,58,84,115,228,361,465,659,695,831,859,822,765,802,783,837,759,654,577,445,340,266,11762,24,1
ATR 21,05/17/2026,EB,113,76,47,39,46,129,298,379,541,700,866,935,908,847,908,853,817,704,652,548,443,332,186,112,11479,24,1
ATR 21,05/17/2026,WB,147,102,76,63,65,98,160,273,372,549,684,728,821,770,795,809,848,807,692,623,491,344,240,182,10739,24,1
ATR 21,05/18/2026,EB,75,53,35,56,132,348,932,1023,1028,823,759,743,793,796,840,921,942,931,742,490,385,283,184,138,13452,24,1
ATR 21,05/18/2026,WB,96,46,50,60,112,225,481,685,628,652,634,628,688,711,795,984,998,1018,745,608,506,362,216,168,12096,24,1
ATR 22,05/05/2026,NB,103,96,89,136,394,843,1387,1700,1250,1263,1141,1231,1320,1329,1597,1895,2041,1767,1158,901,624,523,289,187,23264,24,1
ATR 22,05/05/2026,SB,148,85,93,113,211,665,1264,1821,1619,1321,1217,1283,1132,1227,1334,1706,1677,1476,1199,869,720,560,460,286,22486,24,1
ATR 22,05/06/2026,NB,105,84,105,173,374,848,1604,1682,1215,1187,1158,1187,1214,1395,1495,1584,1846,1559,1004,855,623,421,261,185,22164,24,1
ATR 22,05/06/2026,SB,178,135,83,103,229,644,1239,1760,1544,1343,1108,1133,1185,1165,1347,1643,1649,1540,1193,908,677,542,448,263,22059,24,1
ATR 22,05/07/2026,NB,97,93,94,139,384,483,1556,1622,1332,1304,1133,1171,1206,1290,1635,1841,1954,1734,1063,793,603,442,299,173,22441,24,1
ATR 22,05/07/2026,SB,153,91,106,111,223,658,1250,1812,1569,1277,1180,1342,1265,1314,1492,1658,1890,1732,1464,1201,969,757,517,365,24396,24,1
ATR 22,05/08/2026,NB,114,84,96,162,350,766,1463,1411,1237,1164,1136,1174,1215,1486,1476,1861,1980,1697,1350,1096,736,580,460,320,23414,24,1
ATR 22,05/08/2026,SB,226,110,110,118,228,671,1271,1825,1772,1506,1514,1541,1750,1661,1890,2061,2378,2266,2028,1703,1228,816,610,547,29830,24,1
ATR 22,05/09/2026,NB,182,98,87,90,163,276,575,743,904,1152,1256,1460,1348,1470,1649,1633,1596,1384,1245,973,867,691,532,338,20712,24,1
ATR 22,05/09/2026,SB,351,149,119,118,155,352,576,793,1027,1447,1599,1497,1618,1617,1521,1616,1447,1303,1192,983,803,727,585,372,21967,24,1
ATR 22,05/10/2026,NB,171,124,90,71,77,181,337,525,889,1221,1615,1798,2102,2133,2027,2118,2095,2033,1948,1754,1190,744,356,174,25773,24,1
ATR 22,05/10/2026,SB,242,150,129,104,103,213,342,460,634,1051,1448,1614,1482,1380,1273,1222,1087,1099,995,861,637,512,351,270,17659,24,1
ATR 22,05/11/2026,NB,97,85,79,173,396,942,1626,1740,1358,1299,1431,1366,1393,1376,1610,1717,1855,1638,1328,808,618,406,271,163,23775,24,1
ATR 22,05/11/2026,SB,126,87,76,99,207,650,1289,1669,1539,1219,1101,1156,1187,1222,1138,1306,1343,1455,1161,800,633,513,309,241,20526,24,1
ATR 23,05/01/2026,NB,4,3,2,11,19,62,78,82,59,45,47,63,58,73,83,124,79,74,46,40,32,24,16,16,1140,24,1
ATR 23,05/01/2026,SB,17,5,1,15,33,49,119,184,184,168,115,165,147,173,201,215,187,166,138,111,103,55,37,41,2629,24,1
ATR 23,05/02/2026,NB,2,2,1,8,21,28,29,25,25,29,44,64,63,43,49,38,34,33,35,34,23,8,11,10,659,24,1
ATR 23,05/02/2026,SB,24,8,10,6,20,24,39,53,50,96,110,128,144,150,131,127,100,85,100,105,55,43,40,23,1671,24,1
ATR 23,05/03/2026,NB,3,2,2,1,1,5,18,20,21,35,50,37,39,55,54,36,29,38,20,30,22,13,13,13,557,24,1
ATR 23,05/03/2026,SB,18,4,6,2,5,8,41,31,29,76,95,114,118,128,104,107,108,126,88,89,54,48,35,12,1446,24,1
ATR 23,05/04/2026,NB,5,3,4,16,27,53,83,87,64,51,36,49,76,57,73,126,91,64,45,26,28,18,14,15,1111,24,1
ATR 23,05/04/2026,SB,12,4,5,13,37,50,121,172,168,169,104,143,133,139,172,207,178,158,126,100,81,47,51,17,2407,24,1
ATR 23,05/05/2026,NB,3,7,3,10,28,58,91,72,63,45,45,54,64,64,85,135,121,64,42,35,33,24,16,10,1172,24,1
ATR 23,05/05/2026,SB,13,3,4,16,37,46,126,202,176,137,118,140,132,172,175,219,205,172,140,101,69,56,45,24,2528,24,1
ATR 23,05/06/2026,NB,3,3,7,8,33,55,100,72,56,39,51,65,62,55,68,139,101,84,65,35,28,17,13,10,1169,24,1
ATR 23,05/06/2026,SB,11,6,5,12,44,60,117,199,167,151,100,137,126,139,149,212,184,176,102,84,99,46,40,27,2393,24,1
ATR 23,05/07/2026,NB,7,3,3,9,27,63,98,61,53,42,48,60,57,46,76,121,93,62,53,50,30,25,14,4,1105,24,1
ATR 23,05/07/2026,SB,17,4,6,18,39,48,128,172,157,143,112,132,148,112,165,219,177,180,143,118,93,45,50,18,2444,24,1
ATR 24,05/15/2026,NB,29,19,26,43,73,249,460,314,261,191,205,190,161,196,223,254,240,255,167,117,98,88,87,43,3989,24,1
ATR 24,05/15/2026,SB,24,13,12,15,18,59,110,177,129,110,85,109,107,156,169,217,280,314,260,164,130,67,41,37,2803,24,1
ATR 24,05/16/2026,NB,41,21,20,41,42,134,209,176,161,171,150,158,137,147,146,168,177,160,126,124,73,90,68,37,2777,24,1
ATR 24,05/16/2026,SB,28,6,19,14,9,27,43,67,76,115,120,153,140,175,176,188,185,143,153,118,100,79,71,59,2264,24,1
ATR 24,05/17/2026,NB,34,19,16,30,29,85,107,103,101,122,142,150,159,170,135,145,114,157,124,104,82,61,41,30,2260,24,1
ATR 24,05/17/2026,SB,40,26,14,15,23,23,45,40,49,64,123,138,121,124,175,181,156,147,117,103,79,83,45,39,1970,24,1
ATR 24,05/18/2026,NB,15,22,19,50,89,261,473,291,213,185,178,146,120,187,223,229,196,190,139,97,94,55,44,36,3552,24,1
ATR 24,05/18/2026,SB,20,22,16,9,17,74,138,199,166,116,155,130,142,156,190,302,329,324,244,204,140,77,53,38,3261,24,1
ATR 24,05/19/2026,NB,20,17,30,56,72,250,462,314,195,175,175,159,150,201,235,259,218,200,123,100,66,64,47,20,3608,24,1
ATR 24,05/19/2026,SB,35,27,30,18,39,71,149,216,201,167,168,140,176,194,188,288,324,304,268,190,123,109,63,49,3537,24,1
ATR 24,05/20/2026,NB,19,20,15,52,84,280,467,308,233,169,152,171,146,172,218,232,206,183,115,63,55,70,42,24,3496,24,1
ATR 24,05/20/2026,SB,52,23,20,21,35,91,146,235,182,138,150,151,180,176,203,290,291,308,293,192,102,59,55,46,3439,24,1
ATR 24,05/21/2026,NB,11,16,14,52,61,238,391,251,201,166,161,183,185,199,218,241,235,196,103,110,73,56,38,34,3433,24,1
ATR 24,05/21/2026,SB,47,22,17,15,27,61,147,233,168,150,146,138,157,173,208,291,273,322,198,123,116,72,68,55,3227,24,1
ATR 30,05/02/2026,EB,64,40,41,27,22,42,66,105,134,190,233,290,276,289,323,337,304,298,307,258,188,151,143,103,4231,24,1
ATR 30,05/02/2026,WB,153,96,74,58,55,42,66,121,162,202,229,284,291,275,255,323,291,309,297,252,296,228,232,210,4801,24,1
ATR 30,05/03/2026,EB,76,45,39,45,30,33,64,96,127,176,213,265,194,242,219,254,225,218,164,175,119,120,85,42,3266,24,1
ATR 30,05/03/2026,WB,178,111,92,81,70,52,58,97,114,154,168,189,208,225,241,275,241,209,247,236,225,177,153,108,3909,24,1
ATR 30,05/04/2026,EB,35,22,12,14,14,34,81,185,291,230,264,262,254,235,295,347,307,252,214,165,126,127,61,50,3877,24,1
ATR 30,05/04/2026,WB,82,35,31,22,22,31,116,257,282,231,273,276,276,290,300,378,377,362,283,216,220,166,130,93,4749,24,1
ATR 30,05/05/2026,EB,42,20,17,15,20,20,89,180,246,232,228,242,236,279,358,385,368,291,211,180,139,109,114,87,4108,24,1
ATR 30,05/05/2026,WB,63,44,36,30,32,36,113,275,314,246,243,266,230,287,303,428,341,358,289,252,220,166,110,121,4803,24,1
ATR 30,05/06/2026,EB,33,13,21,15,15,33,81,156,248,221,217,204,265,239,254,319,348,259,188,156,130,90,76,59,3640,24,1
ATR 30,05/06/2026,WB,75,45,31,29,21,33,126,305,255,248,261,260,274,287,307,377,331,332,258,243,225,168,142,116,4749,24,1
ATR 30,05/07/2026,EB,43,20,7,14,26,33,67,164,233,242,230,252,249,265,314,381,346,260,212,175,156,114,99,57,3959,24,1
ATR 30,05/07/2026,WB,74,47,19,30,20,40,103,281,247,242,222,241,264,274,337,368,368,376,283,270,261,184,181,102,4834,24,1
ATR 30,05/08/2026,EB,30,19,14,14,23,29,82,163,247,216,232,202,301,257,361,396,318,334,231,204,183,145,137,87,4225,24,1
ATR 30,05/08/2026,WB,61,57,26,37,22,48,116,242,270,270,278,283,338,356,379,415,393,360,283,269,297,237,195,172,5404,24,1
ATR 32,05/15/2026,NB,65,33,27,36,50,134,361,740,805,856,1018,969,964,1025,1176,1162,1113,982,722,673,560,637,544,272,14924,24,1
ATR 32,05/15/2026,SB,76,33,21,20,31,98,336,806,987,923,915,1023,1155,1176,1237,1401,1355,1392,1344,1068,940,744,569,324,17974,24,1
ATR 32,05/16/2026,NB,140,77,53,71,49,99,345,728,854,987,1238,1077,1305,1224,1192,1391,1063,1157,1005,897,849,867,667,381,17716,24,1
ATR 32,05/16/2026,SB,180,99,69,31,41,96,289,619,892,1073,1248,1476,1383,1421,1426,1393,1350,1276,1085,850,663,541,433,309,18243,24,1
ATR 32,05/17/2026,NB,187,108,82,67,61,113,314,660,889,1309,1509,1492,1436,1322,1165,1303,1340,1227,943,850,694,541,279,154,18045,24,1
ATR 32,05/17/2026,SB,159,77,66,42,32,82,183,445,554,747,961,1074,1091,1162,1112,1147,918,820,709,534,477,465,281,150,13288,24,1
ATR 32,05/18/2026,NB,76,38,38,51,77,194,450,819,847,927,1114,1046,1023,1002,1066,1330,1223,1081,838,634,541,434,215,112,15176,24,1
ATR 32,05/18/2026,SB,78,47,22,22,40,105,349,749,940,919,854,898,969,952,858,971,914,950,770,591,605,460,244,111,13418,24,1
ATR 32,05/19/2026,NB,49,39,26,27,70,159,377,763,831,853,953,959,989,1055,1205,1240,1168,1033,806,665,589,436,261,122,14675,24,1
ATR 32,05/19/2026,SB,79,27,29,23,34,116,323,791,923,913,826,1015,967,965,1016,1001,938,907,771,623,596,444,256,150,13733,24,1
ATR 32,05/20/2026,NB,69,27,33,37,79,150,401,817,820,884,924,907,929,922,1090,1150,1106,1010,782,704,487,394,238,137,14097,24,1
ATR 32,05/20/2026,SB,53,42,24,22,45,90,332,811,914,847,849,917,954,899,967,1010,996,910,790,713,597,508,315,173,13778,24,1
ATR 32,05/21/2026,NB,63,30,25,40,71,166,417,805,869,1003,991,1176,1244,1087,1188,1194,1110,938,737,613,528,428,296,162,15181,24,1
ATR 32,05/21/2026,SB,91,36,16,22,45,116,329,837,917,933,920,1050,1048,1160,1367,1327,1314,1292,1112,960,1029,908,718,425,17972,24,1
ATR 33,05/15/2026,EB,30,18,10,7,8,46,121,422,497,433,475,624,601,684,789,742,774,785,735,586,480,280,201,118,9466,24,1
ATR 33,05/15/2026,WB,17,12,7,5,23,66,129,332,354,423,460,439,482,516,586,537,477,387,339,292,269,170,168,107,6597,24,1
ATR 33,05/16/2026,EB,49,39,25,12,13,41,99,214,405,627,717,826,874,832,731,726,595,562,452,389,277,208,150,94,8957,24,1
ATR 33,05/16/2026,WB,50,44,21,15,21,53,124,298,350,467,533,569,574,575,609,595,591,567,441,457,401,273,271,155,8054,24,1
ATR 33,05/17/2026,EB,50,27,28,19,15,43,68,187,252,402,570,625,681,519,458,377,331,264,252,223,162,109,71,45,5778,24,1
ATR 33,05/17/2026,WB,98,55,45,24,40,49,133,263,444,534,744,802,767,788,752,843,746,705,617,417,257,169,90,44,9426,24,1
ATR 33,05/18/2026,EB,18,10,8,8,13,49,139,429,464,447,450,520,548,486,523,433,466,428,304,206,178,101,64,38,6330,24,1
ATR 33,05/18/2026,WB,23,19,12,19,63,132,200,383,456,469,533,549,498,539,649,683,548,433,356,252,202,115,100,35,7268,24,1
ATR 33,05/19/2026,EB,12,5,2,9,12,60,143,445,463,444,505,528,543,516,487,452,440,423,323,221,186,128,56,35,6438,24,1
ATR 33,05/19/2026,WB,16,12,11,16,38,84,163,370,402,388,448,440,559,476,670,656,506,493,325,234,221,135,66,35,6764,24,1
ATR 33,05/20/2026,EB,17,13,4,7,8,59,135,409,463,416,515,538,540,538,555,434,462,455,396,338,277,185,128,62,6954,24,1
ATR 33,05/20/2026,WB,18,10,4,11,36,76,178,385,434,372,436,450,447,467,538,544,527,438,339,276,179,155,83,42,6445,24,1
ATR 33,05/21/2026,EB,37,15,14,6,9,58,123,428,480,490,533,547,654,723,2,0,0,732,734,650,689,702,507,293,8426,24,1
ATR 33,05/21/2026,WB,17,17,20,16,32,62,145,365,403,410,490,493,505,520,3,0,0,393,322,241,195,155,122,80,5006,24,1
ATR 36,05/06/2026,EB,29,25,18,17,30,116,356,903,920,769,764,770,740,704,768,811,781,737,605,475,370,252,163,79,11202,24,1
ATR 36,05/06/2026,WB,25,18,8,22,22,114,213,467,514,551,563,699,761,802,845,806,811,696,489,393,310,113,66,43,9351,24,1
ATR 36,05/07/2026,EB,32,20,17,12,25,118,307,842,910,794,719,843,771,719,759,896,880,817,663,591,514,397,221,112,11979,24,1
ATR 36,05/07/2026,WB,32,16,28,11,22,81,221,499,510,563,566,661,674,700,811,854,891,815,597,451,280,148,78,37,9546,24,1
ATR 36,05/08/2026,EB,52,25,17,26,46,106,323,840,968,911,870,975,1011,965,1072,1101,1010,949,928,738,699,447,277,184,14540,24,1
ATR 36,05/08/2026,WB,22,15,10,22,35,94,219,501,558,575,632,704,836,856,981,1068,985,926,798,538,459,254,148,109,11345,24,1
ATR 36,05/09/2026,EB,112,45,27,24,41,72,200,491,743,1018,987,1084,1292,1218,1078,909,872,765,694,529,499,436,254,171,13561,24,1
ATR 36,05/09/2026,WB,48,30,19,18,27,54,119,296,499,601,670,863,891,909,950,1023,995,1066,666,507,425,332,156,103,11267,24,1
ATR 36,05/10/2026,EB,100,61,30,31,36,73,185,593,634,840,1139,1433,1665,1477,1216,1044,757,645,540,497,338,263,113,72,13782,24,1
ATR 36,05/10/2026,WB,52,41,23,12,18,46,114,240,435,602,848,872,1022,1074,1287,1417,1495,1357,1174,819,471,201,107,44,13771,24,1
ATR 36,05/11/2026,EB,36,18,22,17,33,106,264,829,825,793,698,709,710,675,756,806,776,789,606,510,405,251,124,69,10827,24,1
ATR 36,05/11/2026,WB,29,15,7,13,34,116,204,483,526,558,717,691,671,711,794,766,812,670,547,335,361,133,55,48,9296,24,1
ATR 36,05/12/2026,EB,25,22,24,19,28,130,338,901,911,828,826,814,795,811,844,907,890,887,714,574,444,282,131,64,12209,24,1
ATR 36,05/12/2026,WB,29,14,13,11,31,103,257,506,563,580,614,641,666,751,903,828,946,800,656,506,330,185,65,54,10052,24,1
ATR 38,05/07/2026,EB,115,62,43,60,60,130,486,906,825,725,727,716,721,871,894,957,944,1000,937,765,631,495,381,231,13682,24,1
ATR 38,05/07/2026,WB,178,107,82,92,133,174,413,698,827,692,716,780,806,850,968,1135,1026,1079,821,615,618,468,407,288,13973,24,1
ATR 38,05/08/2026,EB,121,67,42,63,56,150,476,893,844,758,731,779,828,867,984,1042,1055,925,933,830,688,601,435,314,14482,24,1
ATR 38,05/08/2026,WB,196,111,93,102,102,156,406,745,810,725,777,826,811,872,1103,1179,1111,1020,824,666,633,493,453,363,14577,24,1
ATR 38,05/09/2026,EB,179,120,67,92,51,113,278,472,568,645,710,773,762,877,869,960,917,861,834,725,604,590,446,327,12840,24,1
ATR 38,05/09/2026,WB,287,193,170,161,191,120,282,570,583,651,800,795,822,859,907,869,808,859,628,697,589,500,491,415,13247,24,1
ATR 38,05/10/2026,EB,221,124,88,84,56,102,215,274,369,502,531,672,773,766,883,893,819,724,675,667,596,523,395,197,11149,24,1
ATR 38,05/10/2026,WB,351,276,233,182,191,157,220,346,466,584,697,813,880,796,800,782,780,794,747,651,628,510,434,306,12624,24,1
ATR 38,05/11/2026,EB,111,65,40,44,51,129,457,827,841,687,688,698,714,800,917,830,930,1000,775,720,558,452,322,180,12836,24,1
ATR 38,05/11/2026,WB,183,121,82,80,143,164,395,668,785,692,732,778,861,829,952,1115,1119,1040,775,607,511,392,343,275,13642,24,1
ATR 38,05/12/2026,EB,127,60,49,50,59,144,520,925,902,752,747,802,805,812,951,936,1012,1061,869,752,624,519,340,229,14047,24,1
ATR 38,05/12/2026,WB,160,115,84,63,131,186,412,761,870,705,768,757,870,880,1009,1213,1164,1089,827,667,628,429,388,324,14500,24,1
ATR 38,05/13/2026,EB,136,71,56,34,70,138,492,915,868,786,716,719,788,882,915,1016,908,954,849,681,603,490,308,225,13620,24,1
ATR 38,05/13/2026,WB,256,145,112,102,149,179,413,694,844,683,723,758,904,854,1022,1108,1152,1123,832,617,588,425,330,256,14269,24,1
ATR 39,05/02/2026,EB,347,199,155,322,129,351,665,947,1108,1098,1297,1617,1426,1641,2011,2015,1809,1745,1568,1573,979,909,774,575,25260,24,1
ATR 39,05/02/2026,WB,858,489,490,480,487,284,413,766,946,952,1078,1207,1227,1264,1313,1519,1461,1544,1205,1262,1356,1181,1397,1401,24580,24,1
ATR 39,05/03/2026,EB,319,177,171,309,110,295,571,812,881,1098,1188,1611,1396,1567,1710,1641,1242,1240,1095,1104,713,662,565,388,20865,24,1
ATR 39,05/03/2026,WB,1001,629,567,552,499,317,405,644,804,1004,1153,1365,1524,1302,1476,1523,1464,1397,1390,1230,1236,826,846,663,23817,24,1
ATR 39,05/04/2026,EB,192,103,64,204,128,428,1143,1551,1709,1303,1188,1450,1316,1323,1643,1558,1439,1430,1205,1079,784,653,592,359,22844,24,1
ATR 39,05/04/2026,WB,487,305,215,286,283,279,573,1037,1182,926,996,1201,1312,1253,1419,2013,1982,1682,1326,1043,1022,660,702,577,22761,24,1
ATR 39,05/05/2026,EB,201,109,83,197,132,419,1190,1594,1678,1331,1147,1316,1322,1209,1522,1572,1444,1338,1256,1070,843,604,556,426,22559,24,1
ATR 39,05/05/2026,WB,413,242,164,215,262,237,562,984,1193,1003,972,1186,1179,1210,1448,2258,1946,1854,1183,986,936,666,646,621,22366,24,1
ATR 39,05/06/2026,EB,237,111,93,210,134,390,1186,1569,1704,1344,1171,1347,1264,1299,1513,1527,1462,1377,1207,1037,773,689,559,392,22595,24,1
ATR 39,05/06/2026,WB,458,246,188,232,243,262,581,969,1159,997,1006,1038,1145,1181,1344,2040,1842,1748,1249,997,1014,671,691,630,21931,24,1
ATR 39,05/07/2026,EB,180,107,89,215,139,403,1125,1589,1759,1419,1215,1378,1230,1322,1547,1667,1522,1519,1208,1189,886,703,649,420,23480,24,1
ATR 39,05/07/2026,WB,409,229,175,192,263,232,552,973,1169,910,978,1021,1158,1257,1435,2010,2052,1814,1136,1042,1038,791,838,720,22394,24,1
ATR 39,05/08/2026,EB,182,111,97,223,112,404,1122,1583,1595,1282,1261,1476,1379,1627,1897,1972,1876,1758,1770,1842,1199,1063,833,613,27277,24,1
ATR 39,05/08/2026,WB,493,248,236,255,274,280,581,956,1221,1013,1060,1249,1273,1295,1512,2120,1953,1810,1346,1121,1216,887,1008,945,24352,24,1
ATR 41,05/05/2026,EB,83,49,43,83,176,514,764,806,816,744,607,678,721,695,767,922,944,793,697,624,521,351,225,160,12783,24,1
ATR 41,05/05/2026,WB,103,51,58,48,91,235,440,794,818,547,542,583,711,693,786,869,903,901,776,668,565,420,299,133,12034,24,1
ATR 41,05/06/2026,EB,67,62,59,96,158,509,768,796,829,627,597,594,743,800,830,818,868,691,623,570,436,340,213,159,12253,24,1
ATR 41,05/06/2026,WB,105,63,58,44,98,222,472,770,884,547,485,518,718,797,807,794,829,752,677,630,520,435,275,154,11654,24,1
ATR 41,05/07/2026,EB,79,51,53,82,170,512,763,803,814,666,621,651,704,766,780,960,917,748,686,597,511,370,250,186,12740,24,1
ATR 41,05/07/2026,WB,91,59,52,42,100,234,477,721,746,513,594,615,607,717,746,842,866,826,745,693,578,433,301,168,11766,24,1
ATR 41,05/08/2026,EB,80,45,49,85,160,512,781,826,746,703,651,622,754,755,800,1025,970,908,861,759,591,443,276,212,13614,24,1
ATR 41,05/08/2026,WB,101,55,49,40,93,246,465,737,740,579,558,614,690,764,828,844,942,937,785,737,675,541,420,205,12645,24,1
ATR 41,05/09/2026,EB,134,59,67,73,102,230,448,437,548,657,755,780,794,734,776,770,725,697,658,598,513,419,335,259,11568,24,1
ATR 41,05/09/2026,WB,169,95,47,65,68,118,289,332,423,519,614,624,733,717,767,743,727,642,735,647,553,512,409,277,10825,24,1
ATR 41,05/10/2026,EB,156,87,84,44,65,153,237,333,451,651,766,794,811,767,934,777,706,729,675,601,503,375,245,150,11094,24,1
ATR 41,05/10/2026,WB,194,114,97,65,40,78,156,222,289,494,608,634,835,766,813,764,796,700,709,647,589,453,295,159,10517,24,1
ATR 41,05/11/2026,EB,78,47,38,96,160,475,745,794,768,669,598,630,684,649,752,943,877,696,636,560,480,323,192,137,12027,24,1
ATR 41,05/11/2026,WB,81,44,38,28,86,223,446,702,780,582,530,619,633,608,773,822,853,804,691,617,507,383,252,131,11233,24,1
ATR 42,05/15/2026,NB,71,33,31,26,45,78,254,547,723,795,813,875,910,876,808,954,943,909,796,683,608,547,444,255,13024,24,1
ATR 42,05/15/2026,SB,51,23,22,20,44,134,314,617,677,650,622,630,693,602,523,581,600,576,527,444,429,322,241,121,9463,24,1
ATR 42,05/16/2026,NB,127,66,54,53,40,72,285,554,640,884,953,925,968,910,912,945,843,839,798,667,596,556,450,308,13445,24,1
ATR 42,05/16/2026,SB,70,52,36,25,39,91,248,408,565,632,687,594,645,623,704,585,545,552,470,334,363,292,236,161,8957,24,1
ATR 42,05/17/2026,NB,143,95,61,55,40,69,194,423,597,722,854,854,926,860,855,816,800,718,639,552,504,417,248,142,11584,24,1
ATR 42,05/17/2026,SB,81,50,40,31,31,87,188,344,453,594,658,754,700,745,621,595,604,610,478,413,335,260,175,105,8952,24,1
ATR 42,05/18/2026,NB,94,41,30,34,41,83,245,563,672,803,735,897,848,794,917,915,928,916,714,597,481,397,242,142,12129,24,1
ATR 42,05/18/2026,SB,59,38,20,34,46,126,279,604,673,644,589,693,659,682,571,549,448,370,338,304,377,257,145,83,8588,24,1
ATR 42,05/19/2026,NB,61,46,20,17,42,73,256,552,663,745,783,850,789,871,939,931,946,910,720,590,512,398,265,143,12122,24,1
ATR 42,05/19/2026,SB,52,34,12,24,50,147,279,642,650,623,605,652,633,689,594,561,499,524,502,479,431,329,204,101,9316,24,1
ATR 42,05/20/2026,NB,72,22,33,32,54,99,289,556,667,779,779,804,823,799,865,909,990,895,771,646,526,460,265,147,12282,24,1
ATR 42,05/20/2026,SB,43,23,21,23,50,122,297,556,618,618,625,599,652,627,607,637,549,532,460,414,377,274,173,100,8997,24,1
ATR 42,05/21/2026,NB,72,34,24,33,52,88,270,611,713,905,860,878,930,822,891,904,943,822,751,551,531,495,326,188,12694,24,1
ATR 42,05/21/2026,SB,56,35,19,24,38,130,304,542,625,628,615,635,671,699,608,547,590,493,523,434,413,338,233,149,9349,24,1
ATR 43,05/12/2026,NB,25,12,18,27,54,114,251,347,324,278,247,298,293,356,407,543,645,473,337,254,188,123,63,36,5713,24,1
ATR 43,05/12/2026,SB,21,10,12,23,25,131,450,714,491,393,325,325,362,279,322,456,422,383,260,208,155,124,57,24,5972,24,1
ATR 43,05/13/2026,NB,17,23,11,16,54,89,254,375,361,304,315,332,321,363,434,533,640,513,318,216,176,97,44,27,5833,24,1
ATR 43,05/13/2026,SB,17,10,12,14,34,129,454,631,523,383,319,338,338,376,388,446,467,446,273,187,142,130,65,31,6153,24,1
ATR 43,05/14/2026,NB,31,15,15,19,43,99,222,334,309,271,266,314,289,288,365,506,626,518,334,243,169,111,71,38,5496,24,1
ATR 43,05/14/2026,SB,16,9,11,14,40,127,397,639,495,418,354,388,352,393,426,458,501,497,339,245,202,166,90,34,6611,24,1
ATR 43,05/15/2026,NB,29,22,24,20,46,76,218,352,330,303,265,309,360,373,464,573,659,540,311,215,221,144,108,52,6014,24,1
ATR 43,05/15/2026,SB,35,20,22,20,41,145,388,671,550,475,398,522,515,503,599,638,759,753,716,448,343,227,132,65,8985,24,1
ATR 43,05/16/2026,NB,37,15,15,16,22,36,76,172,214,277,331,402,427,429,447,505,533,515,451,335,279,201,140,79,5954,24,1
ATR 43,05/16/2026,SB,36,21,17,11,29,78,160,298,462,516,649,671,697,682,531,560,445,371,335,226,204,126,108,61,7294,24,1
ATR 43,05/17/2026,NB,36,21,18,14,18,26,80,119,257,417,535,602,732,759,984,905,1022,1038,784,524,308,174,91,38,9502,24,1
ATR 43,05/17/2026,SB,32,26,10,28,20,49,103,190,301,488,568,673,644,529,403,421,351,312,257,222,148,92,60,27,5954,24,1
ATR 43,05/18/2026,NB,28,12,9,18,62,133,290,397,409,349,340,348,377,416,513,655,785,650,444,290,256,99,77,46,7003,24,1
ATR 43,05/18/2026,SB,19,14,9,15,38,130,403,663,547,514,507,479,439,400,362,456,491,414,309,187,123,110,82,34,6745,24,1
ATR 46,05/02/2026,NB,25,15,10,12,27,38,96,137,155,191,206,229,259,272,292,245,279,238,215,170,140,106,69,40,3466,24,1
ATR 46,05/02/2026,SB,27,17,13,9,20,46,101,115,180,211,235,230,267,258,254,250,244,231,220,167,141,104,101,45,3486,24,1
ATR 46,05/03/2026,NB,26,15,17,4,13,23,57,81,111,156,188,241,231,260,278,231,205,185,162,129,110,64,36,19,2842,24,1
ATR 46,05/03/2026,SB,35,23,19,14,13,29,50,88,133,161,245,223,225,210,213,223,204,199,167,147,94,69,51,24,2859,24,1
ATR 46,05/04/2026,NB,11,10,9,18,53,108,231,290,199,222,208,181,211,236,296,302,338,266,209,160,121,70,41,17,3807,24,1
ATR 46,05/04/2026,SB,10,6,3,17,20,78,166,251,228,258,202,200,190,210,256,318,302,320,209,166,106,70,68,34,3688,24,1
ATR 46,05/05/2026,NB,19,6,6,19,47,121,248,296,209,212,206,206,193,247,284,332,347,267,233,173,116,66,47,29,3929,24,1
ATR 46,05/05/2026,SB,23,10,6,12,17,90,182,279,235,222,211,182,201,191,237,289,340,332,245,188,148,89,43,29,3801,24,1
ATR 46,05/06/2026,NB,7,8,9,21,46,99,230,292,230,208,181,190,211,227,316,292,302,295,216,126,136,77,56,18,3793,24,1
ATR 46,05/06/2026,SB,29,7,4,13,17,102,181,264,219,191,211,211,219,196,243,267,316,324,231,159,114,92,53,27,3690,24,1
ATR 46,05/07/2026,NB,17,9,12,14,49,102,228,295,214,195,157,200,217,209,278,274,309,285,221,163,133,76,58,28,3743,24,1
ATR 46,05/07/2026,SB,15,11,4,5,22,97,182,261,220,216,173,172,204,206,261,285,337,308,224,149,143,115,82,30,3722,24,1
ATR 46,05/08/2026,NB,9,12,9,14,47,105,210,263,204,202,204,206,246,229,282,306,318,251,252,149,152,89,74,44,3877,24,1
ATR 46,05/08/2026,SB,17,9,6,8,24,80,185,265,226,228,200,227,192,240,289,316,343,301,234,198,143,98,74,46,3949,24,1
ATR 49,05/15/2026,EB,16,5,8,10,16,53,152,236,330,268,341,404,439,392,403,399,425,345,303,248,220,113,95,47,5268,24,1
ATR 49,05/15/2026,WB,18,12,12,10,22,60,152,247,291,316,354,427,521,492,525,540,573,473,360,290,234,258,159,105,6451,24,1
ATR 49,05/16/2026,EB,25,16,11,12,30,94,111,241,321,410,548,536,589,520,498,449,443,361,284,250,175,129,109,66,6228,24,1
ATR 49,05/16/2026,WB,51,37,50,22,13,42,115,219,263,400,491,578,580,571,599,615,556,485,358,370,294,283,201,111,7304,24,1
ATR 49,05/17/2026,EB,39,26,10,11,16,55,94,182,246,419,583,628,510,417,340,285,269,273,237,162,112,63,38,18,5033,24,1
ATR 49,05/17/2026,WB,62,31,35,23,24,35,95,131,295,394,480,512,500,569,630,699,569,537,371,312,215,143,85,44,6791,24,1
ATR 49,05/18/2026,EB,10,5,4,13,23,61,201,305,412,404,399,361,409,370,331,322,326,283,233,153,110,62,36,24,4857,24,1
ATR 49,05/18/2026,WB,11,11,18,11,20,91,176,302,387,360,436,425,479,506,592,625,684,514,376,259,208,104,81,34,6710,24,1
ATR 49,05/19/2026,EB,12,6,3,8,10,64,173,321,382,402,466,483,421,366,332,318,324,273,211,159,144,86,56,19,5039,24,1
ATR 49,05/19/2026,WB,21,9,10,5,23,59,190,308,346,364,383,453,493,535,550,619,591,444,390,283,215,160,96,28,6575,24,1
ATR 49,05/20/2026,EB,14,4,7,11,13,72,171,335,418,405,426,456,448,372,377,388,366,339,263,204,152,94,45,29,5409,24,1
ATR 49,05/20/2026,WB,12,9,8,10,14,64,172,259,329,379,388,450,446,519,611,653,688,475,406,288,190,154,82,39,6645,24,1
ATR 49,05/21/2026,EB,16,7,3,13,15,70,179,338,473,431,402,464,457,451,440,520,479,417,326,307,321,252,146,111,6638,24,1
ATR 49,05/21/2026,WB,23,11,4,12,15,68,176,289,408,411,461,494,501,510,558,586,603,537,347,323,260,200,135,99,7031,24,1
ATR 50,05/02/2026,NB,11,12,8,8,10,10,42,100,153,205,240,259,213,245,236,222,231,213,210,145,116,80,68,57,3094,24,1
ATR 50,05/02/2026,SB,7,6,1,3,2,9,25,58,93,170,170,180,160,148,139,129,148,148,125,102,79,74,36,24,2036,24,1
ATR 50,05/03/2026,NB,23,13,9,3,12,19,29,47,114,161,226,284,266,249,229,213,178,159,121,117,97,64,35,18,2686,24,1
ATR 50,05/03/2026,SB,19,7,7,4,2,10,15,33,77,125,125,165,168,120,113,99,100,111,92,80,58,38,17,8,1593,24,1
ATR 50,05/04/2026,NB,11,6,2,8,13,30,108,203,208,194,192,209,207,229,233,342,383,367,220,131,96,45,32,9,3478,24,1
ATR 50,05/04/2026,SB,5,2,4,4,3,21,49,184,220,161,157,166,157,171,197,193,207,207,145,130,100,40,16,8,2547,24,1
ATR 50,05/05/2026,NB,5,6,1,6,6,42,100,199,227,176,234,167,229,223,230,341,367,348,227,164,108,51,32,14,3503,24,1
ATR 50,05/05/2026,SB,0,4,2,2,2,15,41,174,205,170,141,106,148,162,173,219,201,197,165,143,94,37,32,9,2442,24,1
ATR 50,05/06/2026,NB,7,3,6,4,9,39,99,195,222,199,203,243,244,224,214,332,355,306,242,138,108,61,32,20,3505,24,1
ATR 50,05/06/2026,SB,11,4,1,1,2,19,50,166,233,176,167,156,153,140,166,174,179,189,167,117,85,37,25,11,2429,24,1
ATR 50,05/07/2026,NB,9,2,4,7,13,36,112,205,212,225,196,202,227,251,228,342,370,363,242,184,119,57,37,9,3652,24,1
ATR 50,05/07/2026,SB,7,5,1,2,3,17,42,168,254,170,140,152,129,135,173,210,183,223,163,153,96,66,25,7,2524,24,1
ATR 50,05/08/2026,NB,8,5,2,3,10,40,102,206,223,209,221,235,251,229,265,333,330,348,227,155,110,95,70,41,3718,24,1
ATR 50,05/08/2026,SB,10,1,2,3,2,12,44,173,236,184,154,181,185,135,204,225,209,199,149,152,79,51,53,24,2667,24,1
ATR 51,05/15/2026,EB,71,30,14,19,36,122,423,705,526,562,661,801,841,808,858,852,871,920,894,958,655,514,337,165,12643,24,1
ATR 51,05/15/2026,WB,22,18,17,37,58,129,194,227,252,312,307,345,391,416,414,474,500,488,405,228,200,140,201,118,5893,24,1
ATR 51,05/16/2026,EB,113,68,33,21,40,110,287,535,620,786,850,928,824,813,761,638,613,528,441,345,301,212,167,97,10131,24,1
ATR 51,05/16/2026,WB,63,35,29,40,29,62,122,248,309,322,390,368,415,422,485,594,622,548,546,494,401,345,298,196,7383,24,1
ATR 51,05/17/2026,EB,64,34,19,19,38,46,146,252,320,489,666,776,657,590,573,496,413,372,302,289,259,180,95,77,7172,24,1
ATR 51,05/17/2026,WB,70,46,22,40,43,71,171,347,532,715,847,766,801,747,681,711,780,796,785,837,540,341,147,97,10933,24,1
ATR 51,05/18/2026,EB,59,31,12,15,45,140,515,672,530,588,523,561,440,284,242,254,247,228,177,188,171,142,136,65,6265,24,1
ATR 51,05/18/2026,WB,36,24,25,57,121,229,387,428,444,453,475,482,407,687,697,726,761,740,632,424,269,196,103,63,8866,24,1
ATR 51,05/19/2026,EB,31,14,19,17,37,133,463,636,505,561,558,476,388,259,199,187,200,195,146,187,184,174,123,49,5741,24,1
ATR 51,05/19/2026,WB,28,19,21,30,84,178,259,308,344,425,428,454,596,685,680,773,783,720,697,460,279,163,100,71,8585,24,1
ATR 51,05/20/2026,EB,41,20,16,9,43,122,438,669,434,505,483,461,364,226,199,152,211,228,221,304,404,274,173,93,6090,24,1
ATR 51,05/20/2026,WB,24,24,17,28,66,165,251,350,347,373,430,416,508,642,670,744,754,736,546,382,230,140,84,61,7988,24,1
ATR 51,05/21/2026,EB,54,22,21,19,38,128,470,668,545,535,505,565,600,561,533,616,676,687,781,821,868,909,583,377,11582,24,1
ATR 51,05/21/2026,WB,25,20,24,31,76,153,231,290,312,329,347,414,490,465,444,460,524,569,397,252,180,152,86,85,6356,24,1
ATR 52,05/15/2026,NB,3,0,2,2,8,21,36,45,49,61,56,47,58,89,92,120,108,119,71,67,48,38,28,21,1189,24,1
ATR 52,05/15/2026,SB,7,0,2,5,11,44,98,209,140,107,122,146,115,146,163,180,175,156,153,114,79,45,43,20,2280,24,1
ATR 52,05/16/2026,NB,5,5,15,5,6,23,18,33,40,60,51,56,75,79,78,78,97,76,93,68,49,46,27,28,1111,24,1
ATR 52,05/16/2026,SB,5,5,4,1,9,19,53,112,100,154,177,174,153,149,154,129,108,100,78,58,49,41,20,12,1864,24,1
ATR 52,05/17/2026,NB,10,2,5,2,5,19,14,34,47,56,87,92,105,135,117,118,109,117,109,65,52,33,19,15,1367,24,1
ATR 52,05/17/2026,SB,9,2,3,3,9,18,30,51,71,82,132,131,133,119,143,82,87,75,58,48,48,35,20,6,1395,24,1
ATR 52,05/18/2026,NB,3,2,2,3,10,40,45,67,46,52,54,65,81,82,82,110,130,134,92,71,41,49,15,17,1293,24,1
ATR 52,05/18/2026,SB,10,0,2,4,11,54,108,185,124,113,89,94,88,108,105,98,88,74,72,42,38,39,28,23,1597,24,1
ATR 52,05/19/2026,NB,4,3,2,0,9,32,33,53,48,48,50,53,69,85,79,131,138,137,80,55,47,41,21,14,1232,24,1
ATR 52,05/19/2026,SB,10,1,1,2,9,45,126,206,138,122,90,102,103,101,99,99,110,81,59,42,35,33,26,12,1652,24,1
ATR 52,05/20/2026,NB,5,2,4,1,8,35,36,53,46,52,48,62,49,69,83,111,145,122,76,63,54,40,11,14,1189,24,1
ATR 52,05/20/2026,SB,7,1,1,1,5,49,119,203,127,124,94,103,107,94,112,124,120,92,75,52,34,25,25,11,1705,24,1
ATR 52,05/21/2026,NB,3,2,1,3,5,34,39,59,45,46,55,45,73,68,80,102,105,119,76,51,36,36,24,18,1125,24,1
ATR 52,05/21/2026,SB,3,5,2,4,9,39,119,205,111,109,95,127,166,177,225,249,215,138,191,152,177,173,45,14,2750,24,1
ATR 53,05/12/2026,EB,15,9,14,23,43,138,313,391,294,237,211,244,212,253,276,326,303,319,261,166,111,123,75,46,4403,24,1
ATR 53,05/12/2026,WB,24,13,10,28,39,88,204,317,292,256,209,212,240,242,317,395,465,435,269,213,157,135,85,55,4700,24,1
ATR 53,05/13/2026,EB,18,13,15,16,49,137,334,374,317,274,237,210,234,242,293,314,343,311,248,153,134,100,76,48,4490,24,1
ATR 53,05/13/2026,WB,20,14,11,21,49,84,193,335,259,243,206,203,248,277,364,405,483,376,276,195,187,119,77,65,4710,24,1
ATR 53,05/14/2026,EB,15,13,15,22,44,137,301,369,310,238,221,228,229,266,277,321,320,375,263,174,177,144,82,43,4584,24,1
ATR 53,05/14/2026,WB,43,18,7,24,42,81,187,311,278,240,207,229,226,235,356,379,466,391,240,201,200,163,91,69,4684,24,1
ATR 53,05/15/2026,EB,32,21,25,16,37,124,300,375,297,246,231,208,282,285,313,336,342,322,318,253,181,138,111,67,4860,24,1
ATR 53,05/15/2026,WB,38,31,13,23,40,83,194,304,258,256,253,221,284,255,352,426,411,378,268,196,176,172,130,77,4839,24,1
ATR 53,05/16/2026,EB,36,19,24,19,23,51,134,165,198,255,296,306,339,290,321,301,303,256,213,202,152,137,130,61,4231,24,1
ATR 53,05/16/2026,WB,52,33,21,23,40,49,109,115,186,257,277,252,311,316,292,294,299,281,240,229,208,158,123,104,4269,24,1
ATR 53,05/17/2026,EB,50,32,14,13,18,47,84,113,160,201,300,331,303,353,343,306,269,213,207,186,163,114,71,41,3932,24,1
ATR 53,05/17/2026,WB,41,47,33,19,34,36,62,112,160,230,262,280,314,310,361,322,411,371,306,232,213,134,72,68,4430,24,1
ATR 53,05/18/2026,EB,26,20,14,21,57,121,322,358,339,235,270,260,282,287,298,315,322,319,244,134,115,79,92,54,4584,24,1
ATR 53,05/18/2026,WB,31,18,21,31,47,103,218,313,252,279,218,258,283,257,310,406,452,371,283,228,166,140,80,59,4824,24,1
ATR 55,05/05/2026,EB,44,22,20,26,29,139,358,591,573,469,404,501,508,510,601,730,736,600,541,443,385,249,178,108,8765,24,1
ATR 55,05/05/2026,WB,71,33,25,46,86,189,361,549,523,508,552,549,569,638,736,850,913,871,598,424,311,259,150,137,9948,24,1
ATR 55,05/06/2026,EB,58,21,20,39,29,121,342,603,680,457,453,471,475,439,633,707,678,643,514,414,381,242,185,,8605,23,0
ATR 55,05/06/2026,WB,84,38,35,36,74,189,377,555,579,554,501,516,590,666,598,845,864,824,533,427,318,201,145,,9549,23,0
ATR 55,05/08/2026,EB,54,30,20,34,33,126,319,579,605,458,456,493,596,619,818,859,818,718,639,524,434,286,281,177,9976,24,1
ATR 55,05/08/2026,WB,84,57,46,37,74,157,351,526,583,559,589,649,716,767,745,967,910,830,579,474,370,278,242,200,10790,24,1
ATR 55,05/09/2026,EB,89,51,35,39,18,87,134,219,282,372,511,614,639,722,711,655,613,601,506,447,386,320,240,139,8430,24,1
ATR 55,05/09/2026,WB,141,104,68,64,74,94,155,290,444,565,662,720,748,700,699,660,663,590,536,410,377,276,252,233,9525,24,1
ATR 55,05/10/2026,EB,83,55,36,34,25,62,94,149,241,351,444,562,678,681,660,616,519,472,455,388,299,231,176,94,7405,24,1
ATR 55,05/10/2026,WB,158,105,78,65,72,85,108,196,349,546,724,796,727,682,653,683,588,593,548,470,382,249,171,109,9137,24,1
ATR 55,05/11/2026,EB,52,33,24,24,34,113,329,523,583,441,374,398,483,463,578,706,655,584,476,420,348,223,49,,7913,23,0
ATR 55,05/11/2026,WB,94,45,42,38,79,186,340,538,592,476,479,494,538,577,637,801,790,786,523,360,335,196,44,,8990,23,0
ATR 55,05/14/2026,EB,41,32,22,27,41,150,322,579,604,431,404,434,449,513,580,725,773,638,542,428,422,314,208,138,8817,24,1
ATR 55,05/14/2026,WB,79,39,32,35,76,187,337,518,550,431,438,510,552,555,653,882,862,812,552,414,357,249,179,112,9411,24,1
ATR 56,05/05/2026,EB,32,21,16,20,40,168,471,709,602,438,400,426,413,419,521,557,556,528,393,306,260,190,105,75,7666,24,1
ATR 56,05/05/2026,WB,37,18,33,30,63,166,332,449,452,337,341,335,381,420,504,681,709,643,422,299,233,160,119,84,7248,24,1
ATR 56,05/06/2026,EB,36,18,22,32,48,163,456,699,612,448,402,415,410,445,502,575,516,554,450,275,254,172,133,74,7711,24,1
ATR 56,05/06/2026,WB,57,28,20,34,67,162,342,414,445,365,371,371,401,434,533,616,744,624,400,288,286,153,117,68,7340,24,1
ATR 56,05/07/2026,EB,28,19,19,32,45,163,481,698,555,466,408,418,390,412,516,564,592,603,413,333,256,228,158,96,7893,24,1
ATR 56,05/07/2026,WB,43,32,27,32,67,193,337,412,408,323,338,370,381,456,505,665,686,687,433,275,284,196,119,64,7333,24,1
ATR 56,05/08/2026,EB,42,21,22,32,52,160,441,662,551,443,453,455,489,493,738,652,761,610,623,415,309,220,176,121,8941,24,1
ATR 56,05/08/2026,WB,61,34,35,34,58,163,325,415,388,357,391,412,454,500,520,680,701,590,424,315,285,199,192,163,7696,24,1
ATR 56,05/09/2026,EB,88,44,21,31,27,64,149,270,294,402,438,526,538,528,542,521,504,479,401,327,255,218,171,122,6960,24,1
ATR 56,05/09/2026,WB,82,62,49,29,50,65,142,216,304,346,401,462,493,454,498,435,507,432,357,314,261,252,204,150,6565,24,1
ATR 56,05/10/2026,EB,68,42,32,22,26,34,84,128,224,283,398,516,579,556,570,535,428,410,343,332,240,183,116,78,6227,24,1
ATR 56,05/10/2026,WB,101,83,55,34,50,49,101,123,250,401,436,517,524,494,531,504,498,484,474,381,279,184,119,86,6758,24,1
ATR 56,05/11/2026,EB,32,17,16,26,42,143,424,637,550,377,374,371,375,376,440,520,502,678,380,312,219,143,116,65,7135,24,1
ATR 56,05/11/2026,WB,42,37,31,34,62,170,349,424,396,348,351,379,390,386,420,572,635,576,415,268,230,136,125,57,6833,24,1
ATR 57,05/02/2026,EB,27,17,3,13,9,24,59,134,197,237,264,259,235,225,198,174,176,143,115,94,70,70,58,42,2843,24,1
ATR 57,05/02/2026,WB,24,6,2,3,11,27,59,85,122,164,169,199,227,242,238,288,249,189,153,116,76,55,47,29,2780,24,1
ATR 57,05/03/2026,EB,14,7,9,3,8,11,34,46,73,90,145,156,169,164,159,141,115,104,96,82,68,34,29,21,1778,24,1
ATR 57,05/03/2026,WB,14,5,10,2,7,16,35,91,163,216,328,474,455,496,442,390,320,271,207,143,110,52,19,21,4287,24,1
ATR 57,05/04/2026,EB,10,10,6,14,25,65,186,250,155,148,140,121,145,138,166,159,172,164,101,79,64,39,32,17,2406,24,1
ATR 57,05/04/2026,WB,13,9,6,20,37,86,158,188,175,183,173,165,166,180,211,292,247,224,118,84,53,18,27,20,2853,24,1
ATR 57,05/05/2026,EB,12,13,9,17,22,60,204,273,149,151,158,187,160,145,177,189,186,143,107,86,73,47,40,13,2621,24,1
ATR 57,05/05/2026,WB,5,11,10,21,37,71,159,193,174,162,150,162,168,181,170,295,257,209,137,84,57,25,27,25,2790,24,1
ATR 57,05/06/2026,EB,9,8,13,13,25,62,182,243,160,134,117,138,138,145,168,170,197,171,118,69,80,50,44,17,2471,24,1
ATR 57,05/06/2026,WB,7,5,7,19,42,70,150,210,176,147,127,134,176,163,162,259,238,182,110,66,50,33,13,16,2562,24,1
ATR 57,05/07/2026,EB,12,5,5,14,16,59,209,276,154,144,132,146,187,177,190,208,240,182,140,139,132,87,63,32,2949,24,1
ATR 57,05/07/2026,WB,12,9,9,30,31,64,136,196,184,156,146,142,142,151,181,240,239,226,115,81,64,27,14,25,2620,24,1
ATR 57,05/08/2026,EB,19,8,9,15,21,58,210,290,170,192,211,262,274,282,286,302,395,368,289,257,171,119,80,58,4346,24,1
ATR 57,05/08/2026,WB,10,10,6,15,42,53,134,167,147,144,154,136,133,194,227,304,267,249,139,100,46,54,35,28,2794,24,1
ATR 58,05/01/2026,EB,35,29,18,39,103,242,478,621,551,470,452,484,440,421,583,643,567,514,514,354,310,236,247,113,8464,24,1
ATR 58,05/01/2026,WB,37,38,37,27,65,175,263,526,410,346,341,410,429,462,548,628,663,590,504,367,342,292,195,122,7817,24,1
ATR 58,05/02/2026,EB,52,29,32,25,64,115,246,299,391,429,366,447,515,476,465,482,487,389,429,283,310,210,162,94,6797,24,1
ATR 58,05/02/2026,WB,63,53,23,29,42,80,141,194,311,289,362,499,498,467,517,479,453,411,362,327,308,202,172,114,6396,24,1
ATR 58,05/03/2026,EB,51,45,38,21,25,70,119,195,228,303,377,462,467,457,418,360,336,369,279,221,182,121,85,64,5293,24,1
ATR 58,05/03/2026,WB,83,56,35,18,34,49,79,146,218,247,340,348,365,426,430,396,354,316,292,283,203,174,102,61,5055,24,1
ATR 58,05/04/2026,EB,25,19,20,30,104,229,515,643,484,405,419,391,359,439,560,585,571,471,368,239,238,157,119,58,7448,24,1
ATR 58,05/04/2026,WB,33,31,17,34,71,158,296,421,376,318,350,343,349,420,485,578,661,529,412,340,290,178,140,78,6908,24,1
ATR 58,05/05/2026,EB,37,28,21,35,107,247,516,604,493,438,412,427,363,450,489,584,586,488,351,332,264,156,126,73,7627,24,1
ATR 58,05/05/2026,WB,34,32,22,27,66,194,285,434,370,322,363,380,370,444,485,569,609,589,435,363,322,230,142,87,7174,24,1
ATR 58,05/06/2026,EB,37,25,21,32,128,248,495,587,522,400,415,429,406,443,506,592,558,486,306,244,220,165,141,64,7470,24,1
ATR 58,05/06/2026,WB,52,42,26,33,61,199,286,415,402,321,331,374,347,381,463,573,647,551,454,348,251,220,122,70,6969,24,1
ATR 58,05/07/2026,EB,29,21,20,37,121,253,520,597,472,409,399,439,410,456,512,547,577,493,396,323,256,138,156,65,7646,24,1
ATR 58,05/07/2026,WB,52,29,21,26,58,210,285,423,357,337,388,448,489,385,456,554,610,586,483,379,294,218,140,92,7320,24,1
ATR 59,05/01/2026,EB,39,19,26,75,146,345,641,693,565,512,463,457,481,504,552,680,653,544,440,354,239,169,144,89,8830,24,1
ATR 59,05/01/2026,WB,42,25,19,28,57,150,265,334,417,314,375,413,448,455,586,653,743,635,551,397,417,331,204,141,8000,24,1
ATR 59,05/02/2026,EB,31,23,23,59,77,174,364,338,387,452,536,495,481,511,490,440,402,383,362,298,233,183,170,96,7008,24,1
ATR 59,05/02/2026,WB,73,42,37,31,23,74,118,197,217,304,329,388,461,468,536,516,491,398,429,384,318,246,168,140,6388,24,1
ATR 59,05/03/2026,EB,46,30,24,20,39,86,172,211,215,338,480,470,551,522,449,431,361,330,287,202,172,123,111,52,5722,24,1
ATR 59,05/03/2026,WB,59,62,38,24,28,56,84,114,156,238,299,375,398,463,447,428,408,358,354,282,252,172,115,77,5287,24,1
ATR 59,05/04/2026,EB,18,13,25,84,149,358,649,818,593,520,383,392,470,471,558,647,632,513,341,243,176,130,114,59,8356,24,1
ATR 59,05/04/2026,WB,27,23,24,23,40,168,254,482,445,337,251,347,396,431,572,688,726,605,481,379,291,215,120,113,7438,24,1
ATR 59,05/05/2026,EB,31,22,34,75,157,380,707,792,575,551,466,424,472,489,551,726,649,541,426,283,184,145,139,65,8884,24,1
ATR 59,05/05/2026,WB,45,23,27,37,42,176,271,478,496,384,322,356,404,451,586,640,760,679,524,420,347,259,152,123,8002,24,1
ATR 59,05/06/2026,EB,30,15,35,86,141,371,663,758,584,492,439,406,437,558,594,620,638,491,354,245,217,133,128,49,8484,24,1
ATR 59,05/06/2026,WB,44,33,20,32,43,192,261,490,481,337,322,410,454,443,566,681,715,648,507,427,284,221,135,118,7864,24,1
ATR 59,05/07/2026,EB,33,21,27,82,124,375,651,709,586,505,463,452,443,495,542,678,697,559,415,277,238,133,135,59,8699,24,1
ATR 59,05/07/2026,WB,44,36,24,37,41,188,249,465,449,358,305,394,372,433,550,670,714,633,526,505,351,258,137,122,7861,24,1
ATR 61,05/02/2026,NB,44,26,19,19,10,28,56,105,174,262,316,341,335,290,329,289,291,284,248,189,163,168,118,78,4182,24,1
ATR 61,05/02/2026,SB,58,50,17,29,11,39,55,143,207,248,279,326,337,310,364,299,285,300,252,246,176,162,112,92,4397,24,1
ATR 61,05/03/2026,NB,48,26,26,13,22,28,52,78,137,188,231,272,299,301,273,307,241,244,221,199,171,145,93,44,3659,24,1
ATR 61,05/03/2026,SB,56,40,32,18,14,26,41,94,117,195,223,280,291,310,288,323,281,309,287,222,186,139,103,55,3930,24,1
ATR 61,05/04/2026,NB,15,22,12,12,37,57,98,251,287,248,243,291,299,309,380,401,447,455,325,229,194,119,82,53,4866,24,1
ATR 61,05/04/2026,SB,26,30,18,13,16,43,151,337,279,271,260,291,322,322,361,391,444,400,325,265,227,138,107,56,5093,24,1
ATR 61,05/05/2026,NB,17,14,14,18,29,64,104,237,276,276,269,233,291,295,398,419,466,380,323,265,208,162,76,60,4894,24,1
ATR 61,05/05/2026,SB,35,29,13,15,19,62,155,347,324,270,254,243,342,350,352,408,435,391,356,283,230,174,111,69,5267,24,1
ATR 61,05/06/2026,NB,19,28,12,14,34,54,104,258,269,273,239,305,302,337,345,351,418,471,348,224,176,119,100,38,4838,24,1
ATR 61,05/06/2026,SB,51,25,14,12,15,64,137,340,310,261,291,303,316,332,325,392,429,340,306,259,204,139,100,58,5023,24,1
ATR 61,05/07/2026,NB,25,16,7,14,43,51,115,246,292,288,240,271,287,285,407,400,463,454,287,263,195,149,99,44,4941,24,1
ATR 61,05/07/2026,SB,41,25,17,19,21,58,156,321,321,270,304,313,301,318,401,392,459,429,323,280,242,160,129,71,5371,24,1
ATR 61,05/08/2026,NB,41,15,17,20,20,56,122,248,283,294,284,333,311,340,386,414,547,395,336,250,196,168,116,63,5255,24,1
ATR 61,05/08/2026,SB,43,31,15,22,19,55,145,326,349,277,311,329,345,336,415,385,434,363,328,283,241,183,131,97,5463,24,1
ATR 62,05/02/2026,NB,43,20,15,7,12,47,72,141,212,247,275,308,290,285,283,274,244,261,238,165,132,134,94,60,3859,24,1
ATR 62,05/02/2026,SB,38,20,32,11,18,36,101,129,226,244,256,328,289,308,306,269,255,235,251,184,145,154,73,54,3962,24,1
ATR 62,05/03/2026,NB,38,23,17,10,17,23,51,71,137,192,250,204,274,259,269,248,224,237,187,176,144,94,67,32,3244,24,1
ATR 62,05/03/2026,SB,57,24,19,19,14,18,45,88,140,178,215,221,277,271,261,247,219,220,240,185,156,89,44,38,3285,24,1
ATR 62,05/04/2026,NB,26,18,12,16,36,108,164,320,313,242,215,247,246,247,331,348,361,309,216,167,157,99,56,35,4289,24,1
ATR 62,05/04/2026,SB,23,14,10,9,41,71,186,300,312,225,275,238,260,264,359,386,406,337,230,186,159,81,53,42,4467,24,1
ATR 62,05/05/2026,NB,15,10,9,18,40,106,211,317,281,213,215,244,239,219,326,363,400,148,72,187,153,107,59,43,3995,24,1
ATR 62,05/05/2026,SB,14,15,9,17,29,80,210,327,329,229,242,240,233,195,337,398,439,162,116,200,170,98,43,45,4177,24,1
ATR 62,05/06/2026,NB,19,13,11,20,31,97,199,318,315,230,233,255,254,273,298,332,390,324,311,193,147,114,82,47,4506,24,1
ATR 62,05/06/2026,SB,21,15,12,15,35,74,195,302,316,284,235,247,238,277,318,355,397,325,285,210,211,163,87,44,4661,24,1
ATR 62,05/07/2026,NB,23,15,12,21,39,103,192,306,286,208,223,215,231,255,336,361,387,354,261,176,171,115,69,32,4391,24,1
ATR 62,05/07/2026,SB,22,16,10,15,34,67,185,327,304,227,223,210,260,235,277,373,437,385,292,229,203,123,91,44,4589,24,1
ATR 62,05/08/2026,NB,27,24,11,16,25,74,185,288,293,255,236,271,257,285,371,401,376,363,295,209,161,151,103,76,4753,24,1
ATR 62,05/08/2026,SB,18,22,12,13,35,85,178,278,319,249,240,264,279,286,378,385,413,389,328,273,203,160,111,64,4982,24,1
ATR 63,05/02/2026,NB,95,53,47,43,33,66,133,195,283,339,436,496,524,491,528,517,495,495,486,390,363,326,232,199,7265,24,1
ATR 63,05/02/2026,SB,98,80,47,54,35,60,127,254,325,373,430,430,433,399,417,444,388,414,388,320,326,274,266,205,6587,24,1
ATR 63,05/03/2026,NB,121,68,53,47,32,56,101,133,204,313,357,429,447,475,506,483,462,441,432,390,301,255,189,132,6427,24,1
ATR 63,05/03/2026,SB,133,92,65,42,43,60,102,147,208,310,368,461,471,461,412,407,392,387,374,300,257,233,188,122,6035,24,1
ATR 63,05/04/2026,NB,75,38,28,25,38,85,213,390,542,490,450,507,511,551,619,651,708,663,525,437,376,279,215,139,8555,24,1
ATR 63,05/04/2026,SB,79,44,30,24,57,83,211,400,456,461,431,471,504,423,458,475,465,488,443,335,313,210,173,90,7124,24,1
ATR 63,05/05/2026,NB,66,42,19,33,37,89,244,406,510,472,425,381,520,513,584,715,675,677,533,467,382,299,183,150,8422,24,1
ATR 63,05/05/2026,SB,80,47,35,24,54,80,238,398,439,461,416,346,416,440,405,406,425,441,429,359,304,251,187,111,6792,24,1
ATR 63,05/06/2026,NB,74,31,24,26,37,103,222,449,528,471,417,515,480,518,559,650,655,697,494,448,354,287,209,115,8363,24,1
ATR 63,05/06/2026,SB,91,39,30,29,42,99,234,361,448,431,411,433,434,412,405,402,418,449,424,342,272,215,174,112,6707,24,1
ATR 63,05/07/2026,NB,63,36,30,34,45,89,215,436,552,433,428,473,499,501,579,682,651,662,543,471,379,319,256,115,8491,24,1
ATR 63,05/07/2026,SB,81,42,21,37,48,93,240,353,463,429,414,426,431,423,429,398,424,466,411,364,300,261,194,119,6867,24,1
ATR 63,05/08/2026,NB,67,44,19,32,30,89,226,426,555,464,454,513,549,581,605,671,714,622,557,473,383,377,247,177,8875,24,1
ATR 63,05/08/2026,SB,74,45,23,43,42,101,210,399,492,428,395,434,399,437,456,412,441,435,425,381,316,327,207,156,7078,24,1
ATR 64,05/02/2026,NB,31,16,9,9,10,34,60,126,205,244,280,312,288,266,254,239,231,219,224,164,142,115,94,46,3618,24,1
ATR 64,05/02/2026,SB,28,19,18,8,17,39,91,135,212,270,294,300,291,262,270,283,260,230,225,155,115,113,89,58,3782,24,1
ATR 64,05/03/2026,NB,28,13,11,4,10,26,37,84,105,189,232,252,286,239,262,261,231,267,178,141,123,70,65,27,3141,24,1
ATR 64,05/03/2026,SB,50,19,17,14,18,18,41,102,147,200,245,264,235,270,267,250,235,210,181,167,111,76,41,33,3211,24,1
ATR 64,05/04/2026,NB,23,8,6,11,37,100,163,269,262,236,211,244,239,252,328,367,385,331,240,176,134,100,44,28,4194,24,1
ATR 64,05/04/2026,SB,15,10,9,13,43,67,232,400,367,240,278,255,230,250,311,378,415,309,263,158,126,60,43,31,4503,24,1
ATR 64,05/05/2026,NB,9,4,10,9,35,103,199,292,259,201,189,229,243,227,361,373,418,396,295,192,140,99,54,33,4370,24,1
ATR 64,05/05/2026,SB,16,5,8,10,36,80,246,430,386,262,227,231,213,238,301,375,406,370,268,197,201,85,43,36,4670,24,1
ATR 64,05/06/2026,NB,17,12,7,11,34,85,184,274,288,208,216,243,236,255,324,365,412,304,267,215,125,108,63,44,4297,24,1
ATR 64,05/06/2026,SB,20,12,12,12,30,70,240,402,367,279,233,246,247,258,299,365,421,376,239,184,122,105,49,38,4626,24,1
ATR 64,05/07/2026,NB,17,4,7,17,34,92,194,288,234,196,205,214,235,255,325,366,382,345,277,178,161,109,51,32,4218,24,1
ATR 64,05/07/2026,SB,23,9,10,14,41,76,220,406,351,252,234,220,254,252,271,399,409,388,290,200,145,109,63,47,4683,24,1
ATR 64,05/08/2026,NB,18,11,9,8,24,74,170,274,250,241,220,246,288,293,372,388,377,354,262,212,173,122,110,47,4543,24,1
ATR 64,05/08/2026,SB,18,13,12,10,42,70,215,371,344,247,274,265,280,280,352,387,424,365,252,236,142,97,87,58,4841,24,1
ATR 65,05/02/2026,EB,118,57,56,43,46,125,256,433,563,644,790,826,767,702,698,757,709,682,637,535,356,283,252,193,10528,24,1
ATR 65,05/02/2026,WB,190,115,78,74,67,101,206,335,493,602,670,762,817,680,704,758,700,695,619,514,437,372,310,308,10607,24,1
ATR 65,05/03/2026,EB,98,72,57,57,39,64,165,282,399,528,653,690,828,728,736,735,741,579,539,435,347,251,153,85,9261,24,1
ATR 65,05/03/2026,WB,213,114,79,83,82,75,161,303,353,460,664,644,768,807,732,762,686,647,606,472,419,276,205,147,9758,24,1
ATR 65,05/04/2026,EB,66,28,22,55,104,252,629,708,789,857,775,780,775,792,791,983,910,799,643,429,410,310,164,103,12174,24,1
ATR 65,05/04/2026,WB,89,53,32,63,99,208,527,1022,884,709,661,729,827,833,944,936,1019,912,754,566,466,324,187,154,12998,24,1
ATR 65,05/05/2026,EB,67,34,36,48,102,269,632,713,785,863,734,775,813,643,816,901,982,820,729,524,555,303,203,123,12470,24,1
ATR 65,05/05/2026,WB,64,56,45,50,103,215,528,1064,946,744,665,783,828,724,1005,1012,1010,985,873,604,535,331,214,165,13549,24,1
ATR 65,05/06/2026,EB,69,27,34,41,99,264,637,742,778,903,786,762,750,781,782,945,928,810,662,482,370,256,199,136,12243,24,1
ATR 65,05/06/2026,WB,85,45,39,48,101,228,526,1040,965,689,673,792,868,832,937,967,1030,1078,758,605,444,294,198,175,13417,24,1
ATR 65,05/07/2026,EB,52,37,28,48,96,250,630,735,825,892,748,764,746,819,855,923,918,860,628,629,481,287,235,109,12595,24,1
ATR 65,05/07/2026,WB,93,62,40,60,101,194,513,1023,879,775,635,744,805,874,937,974,1018,1019,856,593,506,351,236,184,13472,24,1
ATR 65,05/08/2026,EB,65,36,54,44,87,241,476,684,783,894,810,798,511,734,904,977,881,824,747,529,454,332,274,183,12322,24,1
ATR 65,05/08/2026,WB,80,66,53,54,93,174,506,1028,840,685,712,821,589,919,1022,984,994,990,863,659,493,402,273,230,13530,24,1
ATR 66,05/01/2026,NB,24,22,17,23,52,127,341,366,386,340,345,412,459,418,469,497,518,555,425,323,252,201,105,63,6740,24,1
ATR 66,05/01/2026,SB,28,10,12,10,35,80,211,440,411,367,384,399,385,385,418,496,536,498,407,416,294,202,142,88,6654,24,1
ATR 66,05/02/2026,NB,54,29,19,15,20,51,158,205,270,329,390,420,429,400,383,402,346,349,260,233,214,134,118,61,5289,24,1
ATR 66,05/02/2026,SB,69,29,15,18,22,51,95,179,274,357,375,429,479,380,353,382,338,403,283,282,228,180,138,103,5462,24,1
ATR 66,05/03/2026,NB,34,25,16,11,27,37,69,119,146,272,325,351,405,411,380,304,289,304,266,208,155,129,85,32,4400,24,1
ATR 66,05/03/2026,SB,41,28,18,9,13,28,65,90,168,284,367,359,391,378,357,337,300,306,265,240,179,153,69,52,4497,24,1
ATR 66,05/04/2026,NB,22,15,12,26,50,137,322,370,352,303,320,353,343,355,433,489,556,542,406,291,211,128,83,49,6168,24,1
ATR 66,05/04/2026,SB,30,14,11,19,38,99,204,404,443,355,320,334,325,346,446,497,491,503,370,380,239,209,100,54,6231,24,1
ATR 66,05/05/2026,NB,21,18,13,34,50,136,343,422,368,321,375,350,394,385,454,477,571,572,397,330,261,129,81,48,6550,24,1
ATR 66,05/05/2026,SB,22,15,19,15,36,95,212,417,443,414,353,334,412,407,461,504,518,533,402,406,272,184,102,61,6637,24,1
ATR 66,05/06/2026,NB,30,12,11,36,55,127,342,370,378,340,357,388,376,358,451,452,523,546,409,340,225,138,89,47,6400,24,1
ATR 66,05/06/2026,SB,37,27,18,22,39,92,210,443,454,374,363,327,401,354,451,461,545,514,381,353,273,225,119,45,6528,24,1
ATR 66,05/07/2026,NB,26,15,17,20,62,154,328,397,331,322,349,350,419,378,418,475,504,537,457,330,249,144,82,48,6412,24,1
ATR 66,05/07/2026,SB,30,17,11,15,25,97,204,402,491,381,347,346,408,378,429,465,539,518,421,414,241,216,115,66,6576,24,1
ATR 67,05/05/2026,NB,5,2,7,5,26,61,126,231,190,150,148,174,167,182,164,246,266,179,144,118,74,36,32,12,2745,24,1
ATR 67,05/05/2026,SB,8,6,3,2,20,63,144,238,213,153,139,180,179,154,240,202,228,203,137,117,86,53,41,24,2833,24,1
ATR 67,05/06/2026,NB,3,3,6,4,27,64,121,222,161,130,157,158,173,159,176,266,229,168,122,94,47,35,29,14,2568,24,1
ATR 67,05/06/2026,SB,14,3,6,8,26,68,157,218,211,133,146,153,162,172,248,202,175,157,143,93,84,49,26,23,2677,24,1
ATR 67,05/07/2026,NB,4,3,7,3,22,62,99,218,175,159,157,145,156,148,180,240,230,177,120,114,60,33,30,12,2554,24,1
ATR 67,05/07/2026,SB,10,6,0,3,22,54,134,227,198,157,145,200,200,171,210,195,190,182,150,140,65,56,34,31,2780,24,1
ATR 67,05/08/2026,NB,11,5,7,8,25,62,108,132,202,146,132,136,175,159,164,238,219,151,129,92,62,49,34,25,2471,24,1
ATR 67,05/08/2026,SB,16,6,6,5,21,47,117,186,188,152,131,156,168,177,177,196,205,175,141,112,83,68,40,28,2601,24,1
ATR 67,05/09/2026,NB,12,3,6,5,13,21,56,97,152,155,157,146,165,133,120,133,97,91,77,68,43,34,29,16,1829,24,1
ATR 67,05/09/2026,SB,23,3,5,2,6,21,60,68,119,137,143,153,173,146,143,135,146,113,88,89,61,52,53,42,1981,24,1
ATR 67,05/10/2026,NB,18,12,10,5,7,19,23,70,89,123,119,137,126,123,103,123,91,107,81,70,51,23,20,12,1562,24,1
ATR 67,05/10/2026,SB,13,18,5,3,6,19,32,48,58,115,117,147,136,150,128,137,108,105,104,70,48,29,25,15,1636,24,1
ATR 67,05/11/2026,NB,2,2,6,3,23,56,109,211,165,115,157,133,134,149,166,245,259,179,127,82,53,36,27,8,2447,24,1
ATR 67,05/11/2026,SB,5,4,8,6,16,56,115,219,197,135,117,123,161,165,221,189,182,195,134,110,76,54,25,23,2536,24,1
ATR 68,05/13/2026,NB,148,124,154,257,393,821,1205,1093,695,640,543,643,689,783,1139,1373,1437,1634,1050,793,650,552,382,290,17488,24,1
ATR 68,05/13/2026,SB,224,153,175,233,445,686,1197,1531,1274,1048,902,753,701,936,1101,1200,1299,1193,1037,798,647,561,372,303,18769,24,1
ATR 68,05/14/2026,NB,188,188,170,260,389,855,1265,1278,976,1002,898,995,1046,1204,1479,1621,1804,1884,1124,991,873,816,453,340,22099,24,1
ATR 68,05/14/2026,SB,240,162,206,206,451,658,1134,1581,1428,1242,1122,1070,1196,1099,1309,1453,1586,1469,1107,910,717,572,433,312,21663,24,1
ATR 68,05/15/2026,NB,202,183,185,290,410,734,1187,1228,1087,1074,1021,1148,1245,1382,1589,1766,1795,1894,1499,1170,1127,820,606,389,24031,24,1
ATR 68,05/15/2026,SB,224,156,176,243,412,629,1121,1423,1331,1205,1209,1371,1217,1183,1399,1606,1598,1410,1273,941,812,713,558,432,22642,24,1
ATR 68,05/16/2026,NB,353,222,171,171,202,386,521,619,829,978,1416,1442,1273,983,1522,1603,1599,1526,1272,1200,952,845,582,434,21101,24,1
ATR 68,05/16/2026,SB,312,181,189,191,252,309,580,796,1007,1187,1197,1155,1186,1138,1167,1225,1172,1211,1046,866,746,641,546,383,18683,24,1
ATR 68,05/17/2026,NB,261,193,134,143,140,308,356,571,658,902,1096,1280,1353,1364,1374,1383,1441,1450,1271,1323,1154,845,522,393,19915,24,1
ATR 68,05/17/2026,SB,284,178,160,120,206,249,475,603,882,1077,1357,1385,1353,1268,1269,1249,1251,1168,1101,948,742,597,402,256,18580,24,1
ATR 68,05/18/2026,NB,189,165,172,259,434,894,1292,1340,1083,1031,960,935,1052,796,1445,1518,1742,1711,1082,883,721,701,423,287,21115,24,1
ATR 68,05/18/2026,SB,203,145,143,211,410,712,1100,1551,1374,1127,1070,1298,1202,1097,1219,1447,1414,1122,966,709,621,509,395,288,20333,24,1
ATR 68,05/19/2026,NB,153,182,193,260,410,911,1274,1287,1050,1149,973,945,989,1059,1434,1454,1836,1703,1086,943,661,582,406,320,21260,24,1
ATR 68,05/19/2026,SB,198,128,209,226,438,702,1175,1652,1564,1145,1129,986,1043,1054,1185,1489,1537,1344,1021,775,678,720,544,396,21338,24,1
ATR 70,05/01/2026,EB,59,38,39,41,68,179,263,367,325,354,349,388,387,444,490,583,581,530,486,280,234,210,133,105,6933,24,1
ATR 70,05/01/2026,WB,34,31,29,48,126,199,365,392,377,324,340,334,328,346,396,364,390,389,302,238,213,158,129,90,5942,24,1
ATR 70,05/02/2026,EB,64,43,25,28,51,108,118,211,235,306,385,360,368,359,371,350,300,295,254,201,176,136,121,79,4944,24,1
ATR 70,05/02/2026,WB,39,41,28,42,68,113,169,231,267,298,379,397,327,351,305,332,324,280,289,202,156,146,99,78,4961,24,1
ATR 70,05/03/2026,EB,55,43,17,19,25,59,99,127,177,239,276,315,282,297,305,319,254,279,267,232,169,118,94,66,4133,24,1
ATR 70,05/03/2026,WB,53,35,27,33,37,79,114,131,211,227,357,432,507,439,426,412,382,345,335,306,194,124,71,49,5326,24,1
ATR 70,05/04/2026,EB,42,22,30,25,64,182,237,359,332,283,276,313,255,282,261,446,421,375,265,205,162,104,62,61,5064,24,1
ATR 70,05/04/2026,WB,25,27,29,47,126,217,374,402,294,343,295,324,270,268,265,366,410,390,297,195,168,118,82,41,5373,24,1
ATR 70,05/05/2026,EB,56,22,40,37,60,190,266,372,294,260,298,338,304,361,400,494,409,387,268,210,162,128,90,68,5514,24,1
ATR 70,05/05/2026,WB,31,26,38,64,126,228,390,471,369,351,326,356,322,346,374,383,362,401,232,203,141,128,66,41,5775,24,1
ATR 70,05/06/2026,EB,53,30,42,36,61,191,277,342,306,283,258,290,294,317,362,487,431,392,301,220,163,111,96,59,5402,24,1
ATR 70,05/06/2026,WB,36,29,36,66,133,229,388,447,371,319,304,292,281,307,368,411,411,368,217,205,148,122,51,48,5587,24,1
ATR 70,05/07/2026,EB,64,21,30,35,75,183,245,377,307,288,354,308,351,326,421,523,501,455,413,237,203,171,113,85,6086,24,1
ATR 70,05/07/2026,WB,30,25,37,65,129,222,378,463,356,347,321,335,309,326,370,417,406,413,299,227,159,146,92,51,5923,24,1
ATR 71,05/01/2026,EB,28,19,10,21,38,90,178,287,300,346,326,386,438,440,412,530,477,453,342,226,162,113,85,78,5785,24,1
ATR 71,05/01/2026,WB,14,13,21,19,46,175,252,283,285,302,313,410,454,391,444,466,440,337,243,190,147,100,95,48,5488,24,1
ATR 71,05/02/2026,EB,46,28,22,25,27,56,95,146,226,293,381,465,475,462,398,478,371,292,237,174,130,117,75,71,5090,24,1
ATR 71,05/02/2026,WB,26,19,27,16,36,63,158,186,222,313,366,432,460,443,449,370,265,250,202,195,157,79,67,59,4860,24,1
ATR 71,05/03/2026,EB,50,25,19,15,9,36,62,80,132,202,205,206,252,248,289,220,259,235,191,145,107,85,59,40,3171,24,1
ATR 71,05/03/2026,WB,36,20,18,23,23,41,82,86,99,175,179,237,275,258,282,239,245,263,177,174,120,75,64,36,3227,24,1
ATR 71,05/04/2026,EB,22,20,16,14,58,98,155,263,270,269,211,188,247,252,279,354,341,330,214,183,136,64,63,41,4088,24,1
ATR 71,05/04/2026,WB,15,11,17,22,55,148,245,255,249,233,215,199,225,239,306,334,368,264,205,137,125,75,48,20,4010,24,1
ATR 71,05/05/2026,EB,46,24,13,16,44,103,157,278,291,225,227,230,256,264,326,373,369,300,256,197,125,84,54,51,4309,24,1
ATR 71,05/05/2026,WB,23,12,14,27,45,157,252,308,214,221,211,198,273,243,310,315,367,292,212,179,137,76,48,29,4163,24,1
ATR 71,05/06/2026,EB,35,37,29,25,39,103,152,303,275,237,286,234,242,248,269,359,343,299,244,187,129,89,61,62,4287,24,1
ATR 71,05/06/2026,WB,20,13,20,27,56,163,267,278,200,217,179,213,287,269,329,312,320,255,189,141,110,78,68,24,4035,24,1
ATR 71,05/07/2026,EB,34,15,14,18,34,106,158,307,248,323,321,328,377,404,409,472,403,385,300,178,130,84,66,76,5190,24,1
ATR 71,05/07/2026,WB,13,12,18,28,52,191,281,303,262,274,302,391,362,374,359,405,374,302,217,165,115,89,47,32,4968,24,1
ATR 72,05/15/2026,NB,26,21,13,10,23,67,159,408,500,548,605,667,695,744,692,744,680,603,518,415,354,314,211,103,9120,24,1
ATR 72,05/15/2026,SB,33,18,21,11,41,78,201,440,658,684,710,761,760,707,785,779,738,609,496,436,344,230,155,78,9773,24,1
ATR 72,05/16/2026,NB,45,24,16,13,23,57,141,294,413,573,705,806,765,757,683,684,618,588,474,451,343,300,162,110,9045,24,1
ATR 72,05/16/2026,SB,52,31,16,18,40,62,174,389,525,712,808,861,754,736,722,688,599,533,412,390,312,230,149,104,9317,24,1
ATR 72,05/17/2026,NB,51,25,26,21,14,32,90,260,307,483,587,658,628,590,587,546,544,433,364,337,294,219,127,64,7287,24,1
ATR 72,05/17/2026,SB,44,37,25,27,27,63,139,295,324,467,582,676,660,604,545,480,473,423,353,311,198,164,92,47,7056,24,1
ATR 72,05/18/2026,NB,28,12,15,11,29,73,169,397,512,532,590,717,700,682,717,712,733,586,513,362,309,222,118,75,8814,24,1
ATR 72,05/18/2026,SB,20,16,17,17,37,85,221,488,618,689,679,708,706,699,711,739,776,685,410,379,284,179,91,55,9309,24,1
ATR 72,05/19/2026,NB,24,16,15,13,23,73,150,390,489,536,608,607,699,695,719,697,669,640,471,367,335,236,150,64,8686,24,1
ATR 72,05/19/2026,SB,31,14,21,16,35,80,231,481,579,677,697,715,734,741,698,720,696,616,448,375,299,191,120,56,9271,24,1
ATR 72,05/20/2026,NB,38,14,13,11,29,83,187,428,522,569,620,646,684,638,611,666,641,600,472,408,320,244,154,63,8661,24,1
ATR 72,05/20/2026,SB,34,25,8,15,41,91,234,471,661,655,697,782,712,654,647,676,723,594,474,379,264,196,110,50,9193,24,1
ATR 72,05/21/2026,NB,23,13,21,12,33,80,178,399,496,590,646,645,771,739,686,768,785,637,529,399,354,217,172,80,9273,24,1
ATR 72,05/21/2026,SB,23,15,12,24,31,83,225,456,597,723,761,793,734,766,808,759,797,650,518,378,283,204,112,66,9818,24,1
ATR 73,05/15/2026,NB,11,6,7,7,7,41,121,220,228,232,250,330,349,340,412,384,439,356,277,213,165,118,97,56,4666,24,1
ATR 73,05/15/2026,SB,7,6,6,6,13,39,132,242,268,247,301,340,352,390,369,363,354,298,253,214,143,119,70,37,4569,24,1
ATR 73,05/16/2026,NB,23,13,11,10,16,43,78,118,221,265,331,381,441,446,468,416,403,345,287,210,193,140,105,58,5022,24,1
ATR 73,05/16/2026,SB,26,25,26,11,11,37,78,170,257,362,451,467,427,420,380,357,349,303,248,200,143,114,82,46,4990,24,1
ATR 73,05/17/2026,NB,26,11,9,4,9,25,51,119,141,204,271,272,289,313,322,310,323,260,218,127,118,68,38,20,3548,24,1
ATR 73,05/17/2026,SB,24,13,11,13,17,25,83,93,165,216,271,302,287,308,260,261,214,194,159,147,87,53,38,26,3267,24,1
ATR 73,05/18/2026,NB,8,6,3,5,10,49,122,205,215,234,228,228,272,273,326,331,353,299,219,173,114,74,38,32,3817,24,1
ATR 73,05/18/2026,SB,7,4,3,5,15,47,151,298,293,251,277,227,287,295,289,313,258,248,191,143,109,57,37,18,3823,24,1
ATR 73,05/19/2026,NB,8,1,1,9,13,50,111,224,208,276,289,330,313,345,360,383,404,313,236,168,126,80,45,24,4317,24,1
ATR 73,05/19/2026,SB,5,5,6,7,26,45,128,282,276,291,264,309,300,347,305,318,329,284,197,163,112,76,40,17,4132,24,1
ATR 73,05/20/2026,NB,11,5,2,7,12,47,109,237,259,279,279,327,320,319,339,368,409,369,251,200,154,77,51,27,4458,24,1
ATR 73,05/20/2026,SB,7,7,2,12,10,38,129,271,299,268,299,279,290,316,330,322,349,285,240,210,134,77,37,17,4228,24,1
ATR 73,05/21/2026,NB,9,6,5,4,17,50,103,223,237,233,248,301,302,324,364,347,369,344,240,199,155,114,85,59,4338,24,1
ATR 73,05/21/2026,SB,11,5,2,8,16,40,142,251,321,299,310,317,314,373,335,322,316,314,208,153,137,117,84,42,4437,24,1
ATR 74,05/15/2026,NB,29,24,23,39,63,172,274,418,431,426,428,495,523,578,650,745,766,721,498,382,316,238,260,158,8657,24,1
ATR 74,05/15/2026,SB,77,41,13,15,46,147,482,892,778,784,784,875,959,939,1004,1063,1070,1062,1062,952,722,484,361,184,14796,24,1
ATR 74,05/16/2026,NB,68,42,29,35,36,100,165,331,396,423,520,522,598,593,694,781,829,760,733,625,504,411,333,242,9770,24,1
ATR 74,05/16/2026,SB,112,68,38,25,36,112,307,585,722,887,1001,1132,964,1014,864,785,697,645,554,398,330,270,201,123,11870,24,1
ATR 74,05/17/2026,NB,94,53,31,40,39,101,198,368,557,853,926,965,938,852,829,939,655,740,811,839,605,358,171,121,12083,24,1
ATR 74,05/17/2026,SB,68,42,19,24,32,55,161,311,378,686,817,872,836,715,680,640,417,440,383,329,329,226,134,93,8687,24,1
ATR 74,05/18/2026,NB,43,27,30,61,121,254,454,594,573,552,608,666,507,721,784,826,860,764,665,476,344,283,139,81,10433,24,1
ATR 74,05/18/2026,SB,72,33,15,16,39,169,526,918,777,809,651,698,534,699,639,708,570,476,378,307,261,197,173,92,9757,24,1
ATR 74,05/19/2026,NB,34,28,20,28,91,214,345,499,508,515,536,512,700,649,745,854,857,810,655,505,385,245,137,92,9964,24,1
ATR 74,05/19/2026,SB,43,25,21,23,47,163,518,958,814,804,732,745,676,627,628,654,643,564,392,340,241,245,162,75,10140,24,1
ATR 74,05/20/2026,NB,30,27,21,36,76,212,348,530,501,465,563,483,594,630,690,769,784,710,573,441,314,197,118,84,9196,24,1
ATR 74,05/20/2026,SB,47,22,21,11,51,165,521,947,806,775,754,716,659,649,680,722,662,661,518,451,386,298,187,109,10818,24,1
ATR 74,05/21/2026,NB,31,20,22,39,76,181,342,488,533,450,501,549,619,608,658,724,755,711,468,322,255,203,128,114,8797,24,1
ATR 74,05/21/2026,SB,63,25,23,19,44,154,516,955,879,769,650,750,791,911,910,1055,897,951,918,866,922,913,609,333,14923,24,1
ATR 75,05/15/2026,NB,36,19,23,40,88,195,363,404,494,443,466,502,545,608,672,757,686,667,512,343,277,212,224,165,8741,24,1
ATR 75,05/15/2026,SB,62,32,21,25,53,198,520,757,665,709,823,987,1021,1030,1061,1110,1150,1177,1141,1102,770,600,361,210,15585,24,1
ATR 75,05/16/2026,NB,61,45,29,51,48,103,205,327,447,480,597,553,595,670,796,854,831,793,743,670,503,411,336,241,10389,24,1
ATR 75,05/16/2026,SB,126,83,56,58,54,191,336,567,821,962,1128,1142,1002,992,972,828,757,717,590,485,399,273,226,146,12911,24,1
ATR 75,05/17/2026,NB,86,54,32,41,53,91,198,420,619,805,1155,1067,1086,1048,1021,1028,1069,1086,1046,1017,711,477,205,128,14543,24,1
ATR 75,05/17/2026,SB,67,45,31,27,43,90,196,305,428,648,824,951,863,726,750,616,571,494,432,392,352,243,150,117,9361,24,1
ATR 75,05/18/2026,NB,52,28,35,69,127,300,596,660,698,654,667,709,573,723,831,904,871,809,694,507,338,260,140,98,11343,24,1
ATR 75,05/18/2026,SB,67,36,15,27,54,237,569,706,712,705,615,777,607,630,647,675,610,615,456,356,309,225,199,91,9940,24,1
ATR 75,05/19/2026,NB,40,25,36,40,95,256,441,547,557,579,557,518,640,847,785,873,887,808,703,563,348,226,149,105,10625,24,1
ATR 75,05/19/2026,SB,41,26,26,25,57,204,591,714,729,762,744,748,699,659,647,648,687,574,451,391,313,268,174,82,10260,24,1
ATR 75,05/20/2026,NB,53,27,21,42,99,247,419,560,553,518,553,520,555,666,736,840,780,674,528,425,266,186,108,93,9469,24,1
ATR 75,05/20/2026,SB,76,34,24,24,51,216,602,739,630,715,715,728,675,682,709,705,840,718,607,550,523,331,210,115,11219,24,1
ATR 75,05/21/2026,NB,43,20,25,38,96,247,405,494,532,524,514,543,624,647,720,709,686,675,466,311,284,183,129,108,9023,24,1
ATR 75,05/21/2026,SB,57,29,23,35,66,217,590,745,717,666,702,815,929,862,869,979,1001,962,1044,1043,1086,961,646,389,15433,24,1
ATR 76,05/06/2026,EB,130,72,52,68,130,369,975,1584,1494,1226,1186,1190,1357,1248,1358,1312,1313,1231,1192,938,738,554,386,254,20357,24,1
ATR 76,05/06/2026,WB,160,66,55,78,162,295,599,890,975,1155,1224,1334,1420,1471,1529,1577,1760,1764,1302,1105,792,547,408,219,20887,24,1
ATR 76,05/07/2026,EB,126,68,56,64,127,324,926,1550,1382,1232,1178,1213,1365,1292,1418,1428,1395,1327,1159,1027,857,624,411,256,20805,24,1
ATR 76,05/07/2026,WB,144,81,60,88,166,287,578,891,1004,1034,1204,1319,1372,1447,1490,1741,1878,1813,1464,1139,833,582,405,284,21304,24,1
ATR 76,05/08/2026,EB,131,71,64,64,127,335,875,1465,1359,1342,1276,1274,1295,1387,1525,1486,1377,1385,1255,1134,963,746,510,314,21760,24,1
ATR 76,05/08/2026,WB,152,94,73,84,144,286,537,943,966,1085,1363,1407,1549,1479,1599,1697,1753,1655,1534,1144,932,701,464,360,22001,24,1
ATR 76,05/09/2026,EB,191,121,85,84,86,194,331,627,865,1070,1231,1464,1506,1539,1391,1433,1457,1292,1268,1067,889,736,490,336,19753,24,1
ATR 76,05/09/2026,WB,212,135,84,123,133,145,297,470,739,1164,1522,1508,1719,1662,1685,1828,1537,1538,1395,1130,919,688,467,356,21456,24,1
ATR 76,05/10/2026,EB,193,124,82,76,75,152,248,433,545,832,1055,1201,1339,1492,1417,1393,1191,1141,1008,879,758,526,372,239,16771,24,1
ATR 76,05/10/2026,WB,266,179,140,109,102,132,246,429,619,831,1239,1460,1508,1607,1520,1383,1375,1362,1209,1048,897,603,380,249,18893,24,1
ATR 76,05/11/2026,EB,120,77,48,69,112,307,893,1401,1359,1051,1080,1213,1229,1227,1404,1368,1325,1258,1062,875,776,595,351,190,19390,24,1
ATR 76,05/11/2026,WB,148,81,52,80,145,298,544,868,932,1059,1171,1294,1423,1430,1429,1594,1757,1586,1240,972,809,558,355,195,20020,24,1
ATR 76,05/12/2026,EB,100,68,49,65,117,342,973,1571,1521,1214,1084,1253,1323,1241,1325,1349,1338,1308,1110,927,790,568,344,216,20196,24,1
ATR 76,05/12/2026,WB,118,83,59,71,139,345,558,950,1002,1059,1229,1370,1401,1335,1512,1639,1768,1754,1443,1011,847,593,351,243,20880,24,1
ATR 77,05/02/2026,NB,85,37,18,13,26,61,135,164,273,348,423,502,542,607,644,606,609,559,533,466,381,261,233,144,7670,24,1
ATR 77,05/02/2026,SB,87,41,31,39,27,46,141,250,341,464,598,600,644,615,683,597,557,548,467,393,276,198,163,134,7940,24,1
ATR 77,05/03/2026,NB,71,45,30,11,15,53,101,110,148,255,349,414,538,614,608,633,581,573,529,362,354,236,177,109,6916,24,1
ATR 77,05/03/2026,SB,71,48,31,25,31,41,90,168,266,338,481,578,650,627,595,625,581,520,413,319,279,188,106,82,7153,24,1
ATR 77,05/04/2026,NB,53,28,16,15,57,122,276,376,374,342,392,435,494,518,604,601,594,586,553,424,392,288,158,94,7792,24,1
ATR 77,05/04/2026,SB,63,29,17,33,48,127,255,409,433,433,418,518,541,480,531,613,799,678,503,395,273,180,122,81,7979,24,1
ATR 77,05/05/2026,NB,58,11,12,17,50,141,349,478,443,369,390,459,425,533,533,612,636,553,565,438,388,259,177,103,7999,24,1
ATR 77,05/05/2026,SB,48,24,21,32,47,122,253,419,434,440,483,542,413,584,563,657,802,750,545,460,289,211,125,96,8360,24,1
ATR 77,05/06/2026,NB,44,17,13,23,52,140,323,406,395,412,392,434,522,501,601,594,601,587,551,448,397,260,186,106,8005,24,1
ATR 77,05/06/2026,SB,56,29,22,36,39,127,264,417,462,448,496,533,587,520,570,682,809,758,522,433,277,205,118,108,8518,24,1
ATR 77,05/07/2026,NB,49,23,14,12,51,132,318,459,419,383,403,465,523,552,571,643,568,629,550,489,434,321,179,119,8306,24,1
ATR 77,05/07/2026,SB,66,28,13,34,47,110,268,373,458,479,463,516,557,564,565,710,864,802,609,454,303,222,118,104,8727,24,1
ATR 77,05/08/2026,NB,49,24,21,11,42,131,326,404,386,368,421,480,507,635,621,657,640,658,598,515,479,314,230,128,8645,24,1
ATR 77,05/08/2026,SB,57,28,23,22,51,105,260,418,428,459,521,543,598,616,623,744,812,761,603,511,340,243,159,104,9029,24,1
ATR 78,05/02/2026,NB,139,65,52,59,42,62,120,258,425,463,548,614,597,601,627,639,564,550,514,441,380,326,268,207,8561,24,1
ATR 78,05/02/2026,SB,71,44,41,44,30,66,134,284,442,575,623,737,704,638,680,593,606,519,456,368,277,212,172,129,8445,24,1
ATR 78,05/03/2026,NB,153,92,78,65,46,49,86,184,229,323,409,484,511,481,488,517,457,447,345,346,290,201,134,69,6484,24,1
ATR 78,05/03/2026,SB,85,64,41,51,46,54,139,239,315,557,647,716,691,637,559,567,493,424,352,243,201,175,80,45,7421,24,1
ATR 78,05/04/2026,NB,49,37,27,29,39,56,185,379,523,494,468,497,525,551,594,639,698,636,526,383,276,197,140,85,8033,24,1
ATR 78,05/04/2026,SB,36,22,20,33,58,133,342,529,551,569,547,602,584,604,582,692,641,516,426,267,220,145,84,56,8259,24,1
ATR 78,05/05/2026,NB,42,37,25,30,21,60,175,406,516,455,458,517,537,518,588,647,656,626,507,400,316,221,135,101,7994,24,1
ATR 78,05/05/2026,SB,20,26,9,33,46,124,339,516,575,588,559,555,626,579,529,664,650,544,407,250,208,150,91,45,8133,24,1
ATR 78,05/06/2026,NB,52,41,21,22,30,46,179,383,503,487,452,525,526,466,524,642,641,597,455,398,298,241,131,90,7750,24,1
ATR 78,05/06/2026,SB,26,24,10,32,28,128,329,501,593,534,551,557,570,560,541,579,523,513,379,281,210,130,92,50,7741,24,1
ATR 78,05/07/2026,NB,49,32,23,33,30,53,191,384,548,484,457,520,549,480,602,659,701,781,502,448,386,276,193,117,8498,24,1
ATR 78,05/07/2026,SB,27,20,21,27,53,115,319,489,596,604,497,577,583,556,560,602,602,598,426,292,297,214,101,66,8242,24,1
ATR 78,05/08/2026,NB,70,35,23,24,32,59,181,409,591,536,532,632,626,645,683,823,780,722,643,501,427,321,257,201,9753,24,1
ATR 78,05/08/2026,SB,40,22,13,24,44,115,314,514,526,530,575,652,675,715,639,764,691,627,459,363,276,214,176,111,9079,24,1
ATR 79,05/02/2026,EB,37,17,17,10,5,12,39,146,202,251,229,350,375,311,327,344,381,399,298,257,211,115,94,58,4485,24,1
ATR 79,05/02/2026,WB,90,44,43,38,18,36,101,231,320,377,452,436,473,447,401,407,453,338,329,284,263,235,175,168,6159,24,1
ATR 79,05/03/2026,EB,46,25,22,7,5,12,26,50,100,169,201,245,257,269,250,243,263,282,239,168,128,83,44,25,3159,24,1
ATR 79,05/03/2026,WB,79,63,51,36,31,34,72,175,205,298,375,391,427,352,366,367,335,304,247,212,200,111,87,38,4856,24,1
ATR 79,05/04/2026,EB,11,3,7,2,6,22,89,361,411,321,286,359,363,387,434,411,402,399,273,214,161,88,38,19,5067,24,1
ATR 79,05/04/2026,WB,29,11,14,9,17,59,153,363,420,392,419,464,445,412,431,505,503,375,283,213,187,134,78,51,5967,24,1
ATR 79,05/05/2026,EB,8,7,4,6,3,25,105,360,409,344,256,274,365,378,385,442,371,409,313,221,192,93,62,27,5059,24,1
ATR 79,05/05/2026,WB,24,11,11,13,13,54,185,382,456,395,354,432,429,433,467,539,555,423,318,246,206,138,110,41,6235,24,1
ATR 79,05/06/2026,EB,12,2,7,5,6,28,102,341,378,351,346,344,340,330,376,359,382,384,258,185,114,92,69,23,4834,24,1
ATR 79,05/06/2026,WB,31,17,18,13,17,50,160,357,424,417,389,408,405,434,437,476,509,415,323,257,187,134,91,29,5998,24,1
ATR 79,05/07/2026,EB,9,5,4,5,6,20,83,315,375,295,310,355,317,322,365,387,405,397,308,231,171,114,66,32,4897,24,1
ATR 79,05/07/2026,WB,28,11,12,10,14,58,166,369,405,408,408,410,432,406,453,539,564,435,404,294,270,158,133,56,6443,24,1
ATR 79,05/08/2026,EB,19,6,5,6,3,20,74,347,360,334,335,364,375,370,418,404,472,446,414,284,225,194,120,82,5677,24,1
ATR 79,05/08/2026,WB,29,26,14,13,21,53,201,386,438,458,440,459,463,469,520,592,583,480,411,316,273,218,184,119,7166,24,1
ATR 80,05/15/2026,NB,26,16,3,9,19,53,106,265,386,510,591,651,711,754,785,893,800,705,595,480,506,436,360,182,9842,24,1
ATR 80,05/15/2026,SB,19,10,5,11,41,93,312,587,786,692,777,843,978,917,934,1010,893,821,720,477,387,244,171,95,11823,24,1
ATR 80,05/16/2026,NB,59,48,44,16,21,57,115,236,331,491,529,609,736,855,896,1003,928,908,784,686,774,557,492,277,11452,24,1
ATR 80,05/16/2026,SB,49,29,14,11,55,98,237,452,627,882,968,1025,1107,1018,896,983,882,863,702,552,303,233,159,90,12235,24,1
ATR 80,05/17/2026,NB,86,53,26,12,14,48,99,214,354,651,729,795,895,865,875,960,844,758,615,566,493,344,181,66,10543,24,1
ATR 80,05/17/2026,SB,41,26,13,15,37,80,173,357,464,710,873,931,912,829,724,747,604,543,428,337,207,124,83,40,9298,24,1
ATR 80,05/18/2026,NB,41,13,7,12,21,56,124,323,407,540,607,625,621,680,823,946,818,662,506,391,353,243,157,40,9016,24,1
ATR 80,05/18/2026,SB,21,7,4,15,36,90,352,657,689,635,671,764,784,670,691,684,609,483,387,277,178,126,74,30,8934,24,1
ATR 80,05/19/2026,NB,17,8,10,7,9,43,115,275,349,465,545,619,604,721,789,892,834,689,487,397,446,274,134,46,8775,24,1
ATR 80,05/19/2026,SB,14,7,4,12,34,89,309,608,707,659,698,735,808,688,609,661,587,584,439,292,196,149,76,33,8998,24,1
ATR 80,05/20/2026,NB,25,24,5,6,17,36,115,265,398,496,506,610,610,676,771,878,790,692,527,460,369,289,178,55,8798,24,1
ATR 80,05/20/2026,SB,21,7,4,9,44,91,325,635,716,669,680,814,851,643,636,617,603,579,494,305,252,161,80,46,9282,24,1
ATR 80,05/21/2026,NB,24,7,10,9,16,44,98,312,370,519,561,653,605,693,731,855,830,604,449,414,381,368,193,90,8836,24,1
ATR 80,05/21/2026,SB,22,7,6,8,36,86,322,606,724,595,679,660,766,717,740,782,782,707,548,429,339,297,199,116,10173,24,1
