PDF_File,Folder,Latitude,Longitude
"ATR 1. CR 601, Avalon Boulevard, just East of GSP NB Exit 13 Ramps_15 Minute.pdf",01_V,39.125199,-74.770219
"ATR 1. CR 601, Avalon Boulevard, just East of GSP NB Exit 13 Ramps_60 Minute.pdf",01_V,39.125199,-74.770219
"ATR 3. E Mill Road, btwn Bay Drive & Shore Road_15 Min Length.pdf",03_R,39.361424,-74.548009
"ATR 3. E Mill Road, btwn Bay Drive & Shore Road_15 Min Speed.pdf",03_R,39.361424,-74.548009
"ATR 3. E Mill Road, btwn Bay Drive & Shore Road_15 Min Summary Length.pdf",03_R,39.361424,-74.548009
"ATR 3. E Mill Road, btwn Bay Drive & Shore Road_15 Min Volume.pdf",03_R,39.361424,-74.548009
"ATR 3. E Mill Road, btwn Bay Drive & Shore Road_60 Min Length.pdf",03_R,39.361424,-74.548009
"ATR 3. E Mill Road, btwn Bay Drive & Shore Road_60 Min Speed.pdf",03_R,39.361424,-74.548009
"ATR 3. E Mill Road, btwn Bay Drive & Shore Road_60 Min Summary Length.pdf",03_R,39.361424,-74.548009
"ATR 3. E Mill Road, btwn Bay Drive & Shore Road_60 Min Volume.pdf",03_R,39.361424,-74.548009
"ATR 4. NJ 47 (Delsea Drive), btwn Woodcock Rd & Bay Cove - Data Summary.pdf",04_T,39.094036,-74.877303
"ATR 4. NJ 47 (Delsea Drive), btwn Woodcock Rd & Bay Cove_15 Min Class.pdf",04_T,39.094036,-74.877303
"ATR 4. NJ 47 (Delsea Drive), btwn Woodcock Rd & Bay Cove_15 Min Speed.pdf",04_T,39.094036,-74.877303
"ATR 4. NJ 47 (Delsea Drive), btwn Woodcock Rd & Bay Cove_15 Min Volume.pdf",04_T,39.094036,-74.877303
"ATR 4. NJ 47 (Delsea Drive), btwn Woodcock Rd & Bay Cove_60 Min Class.pdf",04_T,39.094036,-74.877303
"ATR 4. NJ 47 (Delsea Drive), btwn Woodcock Rd & Bay Cove_60 Min Speed.pdf",04_T,39.094036,-74.877303
"ATR 4. NJ 47 (Delsea Drive), btwn Woodcock Rd & Bay Cove_60 Min Volume.pdf",04_T,39.094036,-74.877303
"ATR 5. Deliah Road, near Wawa & Southern Driveway_15 Minute.pdf",05_V,39.431117,-74.576622
"ATR 5. Deliah Road, near Wawa & Southern Driveway_60 Minute.pdf",05_V,39.431117,-74.576622
"6. Route 47 (Delsea Drive), btwn Washington Ave & Creek Mill Rd_15 Min Length.pdf",06_R,39.203814,-74.858875
"6. Route 47 (Delsea Drive), btwn Washington Ave & Creek Mill Rd_15 Min Speed.pdf",06_R,39.203814,-74.858875
"6. Route 47 (Delsea Drive), btwn Washington Ave & Creek Mill Rd_15 Min Summary Length.pdf",06_R,39.203814,-74.858875
"6. Route 47 (Delsea Drive), btwn Washington Ave & Creek Mill Rd_15 Min Volume.pdf",06_R,39.203814,-74.858875
"6. Route 47 (Delsea Drive), btwn Washington Ave & Creek Mill Rd_60 Min Length.pdf",06_R,39.203814,-74.858875
"6. Route 47 (Delsea Drive), btwn Washington Ave & Creek Mill Rd_60 Min Speed.pdf",06_R,39.203814,-74.858875
"6. Route 47 (Delsea Drive), btwn Washington Ave & Creek Mill Rd_60 Min Summary Length.pdf",06_R,39.203814,-74.858875
"6. Route 47 (Delsea Drive), btwn Washington Ave & Creek Mill Rd_60 Min Volume.pdf",06_R,39.203814,-74.858875
"ATR 7. Dehirsch Avenue, btwn Washington Ave & Adams Ave - Data Summary.pdf",07_T,39.242546,-74.816948
"ATR 7. Dehirsch Avenue, btwn Washington Ave & Adams Ave_15 Min Class.pdf",07_T,39.242546,-74.816948
"ATR 7. Dehirsch Avenue, btwn Washington Ave & Adams Ave_15 Min Speed.pdf",07_T,39.242546,-74.816948
"ATR 7. Dehirsch Avenue, btwn Washington Ave & Adams Ave_15 Min Volume.pdf",07_T,39.242546,-74.816948
"ATR 7. Dehirsch Avenue, btwn Washington Ave & Adams Ave_60 Min Class.pdf",07_T,39.242546,-74.816948
"ATR 7. Dehirsch Avenue, btwn Washington Ave & Adams Ave_60 Min Speed.pdf",07_T,39.242546,-74.816948
"ATR 7. Dehirsch Avenue, btwn Washington Ave & Adams Ave_60 Min Volume.pdf",07_T,39.242546,-74.816948
"ATR 8. CR 649 (Head of River Rd), btwn David Run Rd & CR 648 (Head River Rd) - Data Summary.pdf",08_T,39.310725,-74.818706
"ATR 8. CR 649 (Head of River Rd), btwn David Run Rd & CR 648 (Head River Rd)_15 Min Class.pdf",08_T,39.310725,-74.818706
"ATR 8. CR 649 (Head of River Rd), btwn David Run Rd & CR 648 (Head River Rd)_15 Min Speed.pdf",08_T,39.310725,-74.818706
"ATR 8. CR 649 (Head of River Rd), btwn David Run Rd & CR 648 (Head River Rd)_15 Min Volume.pdf",08_T,39.310725,-74.818706
"ATR 8. CR 649 (Head of River Rd), btwn David Run Rd & CR 648 (Head River Rd)_60 Min Class.pdf",08_T,39.310725,-74.818706
"ATR 8. CR 649 (Head of River Rd), btwn David Run Rd & CR 648 (Head River Rd)_60 Min Speed.pdf",08_T,39.310725,-74.818706
"ATR 8. CR 649 (Head of River Rd), btwn David Run Rd & CR 648 (Head River Rd)_60 Min Volume.pdf",08_T,39.310725,-74.818706
"ATR 9. CR 637 (Cumberland Avenue), btwn Cape May Ave & Tuckahoe Rd - Data Summary.pdf",09_T,39.378598,-74.815304
"ATR 9. CR 637 (Cumberland Avenue), btwn Cape May Ave & Tuckahoe Rd_15 Min Class.pdf",09_T,39.378598,-74.815304
"ATR 9. CR 637 (Cumberland Avenue), btwn Cape May Ave & Tuckahoe Rd_15 Min Speed.pdf",09_T,39.378598,-74.815304
"ATR 9. CR 637 (Cumberland Avenue), btwn Cape May Ave & Tuckahoe Rd_15 Min Volume.pdf",09_T,39.378598,-74.815304
"ATR 9. CR 637 (Cumberland Avenue), btwn Cape May Ave & Tuckahoe Rd_60 Min Class.pdf",09_T,39.378598,-74.815304
"ATR 9. CR 637 (Cumberland Avenue), btwn Cape May Ave & Tuckahoe Rd_60 Min Speed.pdf",09_T,39.378598,-74.815304
"ATR 9. CR 637 (Cumberland Avenue), btwn Cape May Ave & Tuckahoe Rd_60 Min Volume.pdf",09_T,39.378598,-74.815304
"ATR 10. CR 669 (11th Ave), btwn Burnett Ave & Hudson Ave - Data Summary.pdf",10_T,39.423606,-74.779575
"ATR 10. CR 669 (11th Ave), btwn Burnett Ave & Hudson Ave_15 Min Class.pdf",10_T,39.423606,-74.779575
"ATR 10. CR 669 (11th Ave), btwn Burnett Ave & Hudson Ave_15 Min Speed.pdf",10_T,39.423606,-74.779575
"ATR 10. CR 669 (11th Ave), btwn Burnett Ave & Hudson Ave_15 Min Volume.pdf",10_T,39.423606,-74.779575
"ATR 10. CR 669 (11th Ave), btwn Burnett Ave & Hudson Ave_60 Min Class.pdf",10_T,39.423606,-74.779575
"ATR 10. CR 669 (11th Ave), btwn Burnett Ave & Hudson Ave_60 Min Speed.pdf",10_T,39.423606,-74.779575
"ATR 10. CR 669 (11th Ave), btwn Burnett Ave & Hudson Ave_60 Min Volume.pdf",10_T,39.423606,-74.779575
"ATR 11. US 322, Black Horse Pike, 500 feet East of Palace Restaurant & Outfitters_15 Minute.pdf",11_V,39.512313,-74.776581
"ATR 11. US 322, Black Horse Pike, 500 feet East of Palace Restaurant & Outfitters_60 Minute.pdf",11_V,39.512313,-74.776581
"ATR 13. Mauricetown Crossway Road, btwn Route 47 & Route 744_15 Min Length.pdf",13_R,39.289431,-74.972278
"ATR 13. Mauricetown Crossway Road, btwn Route 47 & Route 744_15 Min Speed.pdf",13_R,39.289431,-74.972278
"ATR 13. Mauricetown Crossway Road, btwn Route 47 & Route 744_15 Min Summary Length.pdf",13_R,39.289431,-74.972278
"ATR 13. Mauricetown Crossway Road, btwn Route 47 & Route 744_15 Min Volume.pdf",13_R,39.289431,-74.972278
"ATR 13. Mauricetown Crossway Road, btwn Route 47 & Route 744_60 Min Length.pdf",13_R,39.289431,-74.972278
"ATR 13. Mauricetown Crossway Road, btwn Route 47 & Route 744_60 Min Speed.pdf",13_R,39.289431,-74.972278
"ATR 13. Mauricetown Crossway Road, btwn Route 47 & Route 744_60 Min Summary Length.pdf",13_R,39.289431,-74.972278
"ATR 13. Mauricetown Crossway Road, btwn Route 47 & Route 744_60 Min Volume.pdf",13_R,39.289431,-74.972278
"ATR 14. Sharp Street, btwn Columbia Ave & Cooper St_15 Min Length.pdf",14_R,39.400739,-75.053365
"ATR 14. Sharp Street, btwn Columbia Ave & Cooper St_15 Min Speed.pdf",14_R,39.400739,-75.053365
"ATR 14. Sharp Street, btwn Columbia Ave & Cooper St_15 Min Summary Length.pdf",14_R,39.400739,-75.053365
"ATR 14. Sharp Street, btwn Columbia Ave & Cooper St_15 Min Volume.pdf",14_R,39.400739,-75.053365
"ATR 14. Sharp Street, btwn Columbia Ave & Cooper St_60 Min Length.pdf",14_R,39.400739,-75.053365
"ATR 14. Sharp Street, btwn Columbia Ave & Cooper St_60 Min Speed.pdf",14_R,39.400739,-75.053365
"ATR 14. Sharp Street, btwn Columbia Ave & Cooper St_60 Min Summary Length.pdf",14_R,39.400739,-75.053365
"ATR 14. Sharp Street, btwn Columbia Ave & Cooper St_60 Min Volume.pdf",14_R,39.400739,-75.053365
"ATR 15. NJ 49, btwn Sandy Ridge Road & ByPass Road_15 Min Length.pdf",15_R,39.552696,-75.427006
"ATR 15. NJ 49, btwn Sandy Ridge Road & ByPass Road_15 Min Speed.pdf",15_R,39.552696,-75.427006
"ATR 15. NJ 49, btwn Sandy Ridge Road & ByPass Road_15 Min Summary Length.pdf",15_R,39.552696,-75.427006
"ATR 15. NJ 49, btwn Sandy Ridge Road & ByPass Road_15 Min Volume.pdf",15_R,39.552696,-75.427006
"ATR 15. NJ 49, btwn Sandy Ridge Road & ByPass Road_60 Min Length.pdf",15_R,39.552696,-75.427006
"ATR 15. NJ 49, btwn Sandy Ridge Road & ByPass Road_60 Min Speed.pdf",15_R,39.552696,-75.427006
"ATR 15. NJ 49, btwn Sandy Ridge Road & ByPass Road_60 Min Summary Length.pdf",15_R,39.552696,-75.427006
"ATR 15. NJ 49, btwn Sandy Ridge Road & ByPass Road_60 Min Volume.pdf",15_R,39.552696,-75.427006
"ATR 16. US 30, White Horse Pike, just North of Exquisite Events Resort_15 Minute.pdf",16_V,39.628671,-74.772082
"ATR 16. US 30, White Horse Pike, just North of Exquisite Events Resort_60 Minute.pdf",16_V,39.628671,-74.772082
"ATR 17. CR 623 (Elwood Road), btwn Moss Mill Rd & Columbia Rd - Data Summary.pdf",17_T,39.583099,-74.706756
"ATR 17. CR 623 (Elwood Road), btwn Moss Mill Rd & Columbia Rd_15 Min Class.pdf",17_T,39.583099,-74.706756
"ATR 17. CR 623 (Elwood Road), btwn Moss Mill Rd & Columbia Rd_15 Min Speed.pdf",17_T,39.583099,-74.706756
"ATR 17. CR 623 (Elwood Road), btwn Moss Mill Rd & Columbia Rd_15 Min Volume.pdf",17_T,39.583099,-74.706756
"ATR 17. CR 623 (Elwood Road), btwn Moss Mill Rd & Columbia Rd_60 Min Class.pdf",17_T,39.583099,-74.706756
"ATR 17. CR 623 (Elwood Road), btwn Moss Mill Rd & Columbia Rd_60 Min Speed.pdf",17_T,39.583099,-74.706756
"ATR 17. CR 623 (Elwood Road), btwn Moss Mill Rd & Columbia Rd_60 Min Volume.pdf",17_T,39.583099,-74.706756
"ATR 18. Columbia Road, btwn Moss Mill Rd & Weekstown Rd - Data Summary.pdf",18_T,39.580982,-74.703651
"ATR 18. Columbia Road, btwn Moss Mill Rd & Weekstown Rd_15 Min Class.pdf",18_T,39.580982,-74.703651
"ATR 18. Columbia Road, btwn Moss Mill Rd & Weekstown Rd_15 Min Speed.pdf",18_T,39.580982,-74.703651
"ATR 18. Columbia Road, btwn Moss Mill Rd & Weekstown Rd_15 Min Volume.pdf",18_T,39.580982,-74.703651
"ATR 18. Columbia Road, btwn Moss Mill Rd & Weekstown Rd_60 Min Class.pdf",18_T,39.580982,-74.703651
"ATR 18. Columbia Road, btwn Moss Mill Rd & Weekstown Rd_60 Min Speed.pdf",18_T,39.580982,-74.703651
"ATR 18. Columbia Road, btwn Moss Mill Rd & Weekstown Rd_60 Min Volume.pdf",18_T,39.580982,-74.703651
"ATR 19. CR 563 (Philadelphia Avenue), btwn Moss Mill Rd & Kant St - Data Summary.pdf",19_T,39.546735,-74.626079
"ATR 19. CR 563 (Philadelphia Avenue), btwn Moss Mill Rd & Kant St_15 Min Class.pdf",19_T,39.546735,-74.626079
"ATR 19. CR 563 (Philadelphia Avenue), btwn Moss Mill Rd & Kant St_15 Min Speed.pdf",19_T,39.546735,-74.626079
"ATR 19. CR 563 (Philadelphia Avenue), btwn Moss Mill Rd & Kant St_15 Min Volume.pdf",19_T,39.546735,-74.626079
"ATR 19. CR 563 (Philadelphia Avenue), btwn Moss Mill Rd & Kant St_60 Min Class.pdf",19_T,39.546735,-74.626079
"ATR 19. CR 563 (Philadelphia Avenue), btwn Moss Mill Rd & Kant St_60 Min Speed.pdf",19_T,39.546735,-74.626079
"ATR 19. CR 563 (Philadelphia Avenue), btwn Moss Mill Rd & Kant St_60 Min Volume.pdf",19_T,39.546735,-74.626079
"ATR 20. S Cologne Avenue, btwn W Moss Mill Rd & Herschel St - Data Summary.pdf",20_T,39.522518,-74.58769
"ATR 20. S Cologne Avenue, btwn W Moss Mill Rd & Herschel St_15 Min Class.pdf",20_T,39.522518,-74.58769
"ATR 20. S Cologne Avenue, btwn W Moss Mill Rd & Herschel St_15 Min Speed.pdf",20_T,39.522518,-74.58769
"ATR 20. S Cologne Avenue, btwn W Moss Mill Rd & Herschel St_15 Min Volume.pdf",20_T,39.522518,-74.58769
"ATR 20. S Cologne Avenue, btwn W Moss Mill Rd & Herschel St_60 Min Class.pdf",20_T,39.522518,-74.58769
"ATR 20. S Cologne Avenue, btwn W Moss Mill Rd & Herschel St_60 Min Speed.pdf",20_T,39.522518,-74.58769
"ATR 20. S Cologne Avenue, btwn W Moss Mill Rd & Herschel St_60 Min Volume.pdf",20_T,39.522518,-74.58769
"ATR 21. NJ 40 (Harding Highway), btwn Mill St & Somers Point Rd_15 Min Length.pdf",21_R,39.44783,-74.732705
"ATR 21. NJ 40 (Harding Highway), btwn Mill St & Somers Point Rd_15 Min Speed.pdf",21_R,39.44783,-74.732705
"ATR 21. NJ 40 (Harding Highway), btwn Mill St & Somers Point Rd_15 Min Summary Length.pdf",21_R,39.44783,-74.732705
"ATR 21. NJ 40 (Harding Highway), btwn Mill St & Somers Point Rd_15 Min Volume.pdf",21_R,39.44783,-74.732705
"ATR 21. NJ 40 (Harding Highway), btwn Mill St & Somers Point Rd_60 Min Length.pdf",21_R,39.44783,-74.732705
"ATR 21. NJ 40 (Harding Highway), btwn Mill St & Somers Point Rd_60 Min Speed.pdf",21_R,39.44783,-74.732705
"ATR 21. NJ 40 (Harding Highway), btwn Mill St & Somers Point Rd_60 Min Summary Length.pdf",21_R,39.44783,-74.732705
"ATR 21. NJ 40 (Harding Highway), btwn Mill St & Somers Point Rd_60 Min Volume.pdf",21_R,39.44783,-74.732705
"ATR 22. Route 55, south of Americold Logistics_15 Minute.pdf",22_V,39.507349,-75.069368
"ATR 22. Route 55, south of Americold Logistics_60 Minute.pdf",22_V,39.507349,-75.069368
ATR 23. CR 615 N (Northeast Blvd) btwn Oak Road & Wheat Road_15 Min Length.pdf,23_R,39.507354,-75.0239
ATR 23. CR 615 N (Northeast Blvd) btwn Oak Road & Wheat Road_15 Min Speed.pdf,23_R,39.507354,-75.0239
ATR 23. CR 615 N (Northeast Blvd) btwn Oak Road & Wheat Road_15 Min Summary Length.pdf,23_R,39.507354,-75.0239
ATR 23. CR 615 N (Northeast Blvd) btwn Oak Road & Wheat Road_15 Min Volume.pdf,23_R,39.507354,-75.0239
ATR 23. CR 615 N (Northeast Blvd) btwn Oak Road & Wheat Road_60 Min Length.pdf,23_R,39.507354,-75.0239
ATR 23. CR 615 N (Northeast Blvd) btwn Oak Road & Wheat Road_60 Min Speed.pdf,23_R,39.507354,-75.0239
ATR 23. CR 615 N (Northeast Blvd) btwn Oak Road & Wheat Road_60 Min Summary Length.pdf,23_R,39.507354,-75.0239
ATR 23. CR 615 N (Northeast Blvd) btwn Oak Road & Wheat Road_60 Min Volume.pdf,23_R,39.507354,-75.0239
"ATR 24. NJ 77 (Pole Tavern-Bridgeton), btwn Chestnut St & Newkirk Station Rd_15 Min Length.pdf",24_R,39.6053,-75.235872
"ATR 24. NJ 77 (Pole Tavern-Bridgeton), btwn Chestnut St & Newkirk Station Rd_15 Min Speed.pdf",24_R,39.6053,-75.235872
"ATR 24. NJ 77 (Pole Tavern-Bridgeton), btwn Chestnut St & Newkirk Station Rd_15 Min Summary Length.pdf",24_R,39.6053,-75.235872
"ATR 24. NJ 77 (Pole Tavern-Bridgeton), btwn Chestnut St & Newkirk Station Rd_15 Min Volume.pdf",24_R,39.6053,-75.235872
"ATR 24. NJ 77 (Pole Tavern-Bridgeton), btwn Chestnut St & Newkirk Station Rd_60 Min Length.pdf",24_R,39.6053,-75.235872
"ATR 24. NJ 77 (Pole Tavern-Bridgeton), btwn Chestnut St & Newkirk Station Rd_60 Min Speed.pdf",24_R,39.6053,-75.235872
"ATR 24. NJ 77 (Pole Tavern-Bridgeton), btwn Chestnut St & Newkirk Station Rd_60 Min Summary Length.pdf",24_R,39.6053,-75.235872
"ATR 24. NJ 77 (Pole Tavern-Bridgeton), btwn Chestnut St & Newkirk Station Rd_60 Min Volume.pdf",24_R,39.6053,-75.235872
"ATR 25. Madison Avenue, btwn Massachusetts Ave & Rhode Island Ave - Data Summary.pdf",25_T,39.369794,-74.417771
"ATR 25. Madison Avenue, btwn Massachusetts Ave & Rhode Island Ave_15 Min Class.pdf",25_T,39.369794,-74.417771
"ATR 25. Madison Avenue, btwn Massachusetts Ave & Rhode Island Ave_15 Min Speed.pdf",25_T,39.369794,-74.417771
"ATR 25. Madison Avenue, btwn Massachusetts Ave & Rhode Island Ave_15 Min Volume.pdf",25_T,39.369794,-74.417771
"ATR 25. Madison Avenue, btwn Massachusetts Ave & Rhode Island Ave_60 Min Class.pdf",25_T,39.369794,-74.417771
"ATR 25. Madison Avenue, btwn Massachusetts Ave & Rhode Island Ave_60 Min Speed.pdf",25_T,39.369794,-74.417771
"ATR 25. Madison Avenue, btwn Massachusetts Ave & Rhode Island Ave_60 Min Volume.pdf",25_T,39.369794,-74.417771
"ATR 26. Grammercy Place, btwn Massachusetts Ave & Rhode Island Ave_15 Min Class.pdf",26_T,39.368395,-74.41699
"ATR 26. Grammercy Place, btwn Massachusetts Ave & Rhode Island Ave_15 Min Speed.pdf",26_T,39.368395,-74.41699
"ATR 26. Grammercy Place, btwn Massachusetts Ave & Rhode Island Ave_15 Min Volume.pdf",26_T,39.368395,-74.41699
"ATR 26. Grammercy Place, btwn Massachusetts Ave & Rhode Island Ave_60 Min Speed.pdf",26_T,39.368395,-74.41699
"ATR 26. Grammercy Place, btwn Massachusetts Ave & Rhode Island Ave_60 Min Volume.pdf",26_T,39.368395,-74.41699
"ATR 26. Grammercy Place, btwn Massachusetts Ave & Rhode Island Ave_60 MinClass.pdf",26_T,39.368395,-74.41699
"ATR 27. Fairmount Avenue, between California Avenue & Iowa Avenue_15 Minute.pdf",27_V,39.358139,-74.446826
"ATR 27. Fairmount Avenue, between California Avenue & Iowa Avenue_60 Minute.pdf",27_V,39.358139,-74.446826
"ATR 28. Arctic Avenue, between California Avenue & Iowa Avenue_15 Minute.pdf",28_V,39.356715,-74.446249
"ATR 28. Arctic Avenue, between California Avenue & Iowa Avenue_60 Minute.pdf",28_V,39.356715,-74.446249
"ATR 29. Ventnor Avenue, between Trenton Avenue & Black Horse Pike_15 Minute.pdf",29_V,39.350997,-74.455805
"ATR 29. Ventnor Avenue, between Trenton Avenue & Black Horse Pike_60 Minute.pdf",29_V,39.350997,-74.455805
"ATR 30. Atlantic Avenue, between Roosevelt Place & Black Horse Pike_15 Minute.pdf",30_V,39.349769,-74.454474
"ATR 30. Atlantic Avenue, between Roosevelt Place & Black Horse Pike_60 Minute.pdf",30_V,39.349769,-74.454474
"ATR 32. NJ 47, Delsea Drive, OutFront Pier 47 Marina_15 Minute.pdf",32_V,39.4,-74.850477
"ATR 32. NJ 47, Delsea Drive, OutFront Pier 47 Marina_60 Minute.pdf",32_V,39.4,-74.850477
"ATR 33. NJ 147, N Wildwood Boulevard, West of the Old Wildwood Boulevard Jug Handle_15 Minute.pdf",33_V,39.032357,-74.821724
"ATR 33. NJ 147, N Wildwood Boulevard, West of the Old Wildwood Boulevard Jug Handle_60 Minute.pdf",33_V,39.032357,-74.821724
"ATR 36. NJ 52, Howard South Stanton Memorial_15 Minute.pdf",36_V,39.298667,-74.59052
"ATR 36. NJ 52, Howard South Stanton Memorial_60 Minute.pdf",36_V,39.298667,-74.59052
"ATR 38. Route 40 _322, between Frankfort Court & Toulon Avenue_15 Minute.pdf",38_V,39.387403,-74.517202
"ATR 38. Route 40 _322, between Frankfort Court & Toulon Avenue_60 Minute.pdf",38_V,39.387403,-74.517202
"ATR 39. US 30, 1.5 miles Southeast of the Royal Lodge Hotel_15 Minute.pdf",39_V,39.387443,-74.472272
"ATR 39. US 30, 1.5 miles Southeast of the Royal Lodge Hotel_60 Minute.pdf",39_V,39.387443,-74.472272
"ATR 40. NJ 49, W Main Street, between Cedar Street & Riverside Drive_15 Minute.pdf",40_V,39.395339,-75.041515
"ATR 40. NJ 49, W Main Street, between Cedar Street & Riverside Drive_60 Minute.pdf",40_V,39.395339,-75.041515
"ATR 41. NJ 49, W Broad Street, between Water Street & Laurel Street_15 Minute.pdf",41_V,39.427257,-75.236535
"ATR 41. NJ 49, W Broad Street, between Water Street & Laurel Street_60 Minute.pdf",41_V,39.427257,-75.236535
"ATR 42. NJ 47 (Delsea Drive), west of GSP, btwn 3rd St & 5th St_15 Min Length.pdf",42_R,39.012069,-74.871638
"ATR 42. NJ 47 (Delsea Drive), west of GSP, btwn 3rd St & 5th St_15 Min Speed.pdf",42_R,39.012069,-74.871638
"ATR 42. NJ 47 (Delsea Drive), west of GSP, btwn 3rd St & 5th St_15 Min Summary Length.pdf",42_R,39.012069,-74.871638
"ATR 42. NJ 47 (Delsea Drive), west of GSP, btwn 3rd St & 5th St_15 Min Volume.pdf",42_R,39.012069,-74.871638
"ATR 42. NJ 47 (Delsea Drive), west of GSP, btwn 3rd St & 5th St_60 Min Length.pdf",42_R,39.012069,-74.871638
"ATR 42. NJ 47 (Delsea Drive), west of GSP, btwn 3rd St & 5th St_60 Min Speed.pdf",42_R,39.012069,-74.871638
"ATR 42. NJ 47 (Delsea Drive), west of GSP, btwn 3rd St & 5th St_60 Min Summary Length.pdf",42_R,39.012069,-74.871638
"ATR 42. NJ 47 (Delsea Drive), west of GSP, btwn 3rd St & 5th St_60 Min Volume.pdf",42_R,39.012069,-74.871638
"ATR 43. NJ 50, btwn School House Ln & Route 49_15 Min Length.pdf",43_R,39.290398,-74.753785
"ATR 43. NJ 50, btwn School House Ln & Route 49_15 Min Speed.pdf",43_R,39.290398,-74.753785
"ATR 43. NJ 50, btwn School House Ln & Route 49_15 Min Summary Length.pdf",43_R,39.290398,-74.753785
"ATR 43. NJ 50, btwn School House Ln & Route 49_15 Min Volume.pdf",43_R,39.290398,-74.753785
"ATR 43. NJ 50, btwn School House Ln & Route 49_60 Min Length.pdf",43_R,39.290398,-74.753785
"ATR 43. NJ 50, btwn School House Ln & Route 49_60 Min Speed.pdf",43_R,39.290398,-74.753785
"ATR 43. NJ 50, btwn School House Ln & Route 49_60 Min Summary Length.pdf",43_R,39.290398,-74.753785
"ATR 43. NJ 50, btwn School House Ln & Route 49_60 Min Volume.pdf",43_R,39.290398,-74.753785
"ATR 44. Ocean Drive Bridge, Outfront Malibu Dog Beach Lily_15 Minute.pdf",44_V,39.307539,-74.557962
"ATR 44. Ocean Drive Bridge, Outfront Malibu Dog Beach Lily_60 Minute.pdf",44_V,39.307539,-74.557962
"CR 561 Alt (Moss Mill Rd), btwn Odessa Ave & Mannheim Ave - Data Summary.pdf",45_T,39.520366,-74.551245
"CR 561 Alt (Moss Mill Rd), btwn Odessa Ave & Mannheim Ave_15 Min Class.pdf",45_T,39.520366,-74.551245
"CR 561 Alt (Moss Mill Rd), btwn Odessa Ave & Mannheim Ave_15 Min Speed.pdf",45_T,39.520366,-74.551245
"CR 561 Alt (Moss Mill Rd), btwn Odessa Ave & Mannheim Ave_15 Min Volume.pdf",45_T,39.520366,-74.551245
"CR 561 Alt (Moss Mill Rd), btwn Odessa Ave & Mannheim Ave_60 Min Class.pdf",45_T,39.520366,-74.551245
"CR 561 Alt (Moss Mill Rd), btwn Odessa Ave & Mannheim Ave_60 Min Speed.pdf",45_T,39.520366,-74.551245
"CR 561 Alt (Moss Mill Rd), btwn Odessa Ave & Mannheim Ave_60 Min Volume.pdf",45_T,39.520366,-74.551245
"ATR 46. Lincoln Avenue, btwn Oak Rd & Vine Rd - Data Summary.pdf",46_T,39.500508,-74.942459
"ATR 46. Lincoln Avenue, btwn Oak Rd & Vine Rd_15 Min Class.pdf",46_T,39.500508,-74.942459
"ATR 46. Lincoln Avenue, btwn Oak Rd & Vine Rd_15 Min Speed.pdf",46_T,39.500508,-74.942459
"ATR 46. Lincoln Avenue, btwn Oak Rd & Vine Rd_15 Min Volume.pdf",46_T,39.500508,-74.942459
"ATR 46. Lincoln Avenue, btwn Oak Rd & Vine Rd_60 Min Class.pdf",46_T,39.500508,-74.942459
"ATR 46. Lincoln Avenue, btwn Oak Rd & Vine Rd_60 Min Speed.pdf",46_T,39.500508,-74.942459
"ATR 46. Lincoln Avenue, btwn Oak Rd & Vine Rd_60 Minute Volume.pdf",46_T,39.500508,-74.942459
"ATR 48. CR 601, Avalon Boulevard, Outfront Acme Markets_15 Minute.pdf",48_V,39.128196,-74.776901
"ATR 48. CR 601, Avalon Boulevard, Outfront Acme Markets_60 Minute.pdf",48_V,39.128196,-74.776901
"ATR 49. CR 625 (Sea Isle Blvd), btwn Shore Road & west of GSP_15 Min Length.pdf",49_R,39.174323,-74.731918
"ATR 49. CR 625 (Sea Isle Blvd), btwn Shore Road & west of GSP_15 Min Speed.pdf",49_R,39.174323,-74.731918
"ATR 49. CR 625 (Sea Isle Blvd), btwn Shore Road & west of GSP_15 Min Summary Length.pdf",49_R,39.174323,-74.731918
"ATR 49. CR 625 (Sea Isle Blvd), btwn Shore Road & west of GSP_15 Min Volume.pdf",49_R,39.174323,-74.731918
"ATR 49. CR 625 (Sea Isle Blvd), btwn Shore Road & west of GSP_60 Min Length.pdf",49_R,39.174323,-74.731918
"ATR 49. CR 625 (Sea Isle Blvd), btwn Shore Road & west of GSP_60 Min Speed.pdf",49_R,39.174323,-74.731918
"ATR 49. CR 625 (Sea Isle Blvd), btwn Shore Road & west of GSP_60 Min Summary Length.pdf",49_R,39.174323,-74.731918
"ATR 49. CR 625 (Sea Isle Blvd), btwn Shore Road & west of GSP_60 Min Volume.pdf",49_R,39.174323,-74.731918
"ATR 50. CR 662 (Mill Road), btwn Burton Ave & Route 9_15 Min Length.pdf",50_R,39.370205,-74.561962
"ATR 50. CR 662 (Mill Road), btwn Burton Ave & Route 9_15 Min Speed.pdf",50_R,39.370205,-74.561962
"ATR 50. CR 662 (Mill Road), btwn Burton Ave & Route 9_15 Min Summary Length.pdf",50_R,39.370205,-74.561962
"ATR 50. CR 662 (Mill Road), btwn Burton Ave & Route 9_15 Min Volume.pdf",50_R,39.370205,-74.561962
"ATR 50. CR 662 (Mill Road), btwn Burton Ave & Route 9_60 Min Length.pdf",50_R,39.370205,-74.561962
"ATR 50. CR 662 (Mill Road), btwn Burton Ave & Route 9_60 Min Speed.pdf",50_R,39.370205,-74.561962
"ATR 50. CR 662 (Mill Road), btwn Burton Ave & Route 9_60 Min Summary Length.pdf",50_R,39.370205,-74.561962
"ATR 50. CR 662 (Mill Road), btwn Burton Ave & Route 9_60 Min Volume.pdf",50_R,39.370205,-74.561962
"ATR 51. NJ 347 (E Creek Mill Road), btwn NJ 47 & Lehner Rd_15 Min Length.pdf",51_R,39.211694,-74.871151
"ATR 51. NJ 347 (E Creek Mill Road), btwn NJ 47 & Lehner Rd_15 Min Speed.pdf",51_R,39.211694,-74.871151
"ATR 51. NJ 347 (E Creek Mill Road), btwn NJ 47 & Lehner Rd_15 Min Summary Length.pdf",51_R,39.211694,-74.871151
"ATR 51. NJ 347 (E Creek Mill Road), btwn NJ 47 & Lehner Rd_15 Min Volume.pdf",51_R,39.211694,-74.871151
"ATR 51. NJ 347 (E Creek Mill Road), btwn NJ 47 & Lehner Rd_60 Min Length.pdf",51_R,39.211694,-74.871151
"ATR 51. NJ 347 (E Creek Mill Road), btwn NJ 47 & Lehner Rd_60 Min Speed.pdf",51_R,39.211694,-74.871151
"ATR 51. NJ 347 (E Creek Mill Road), btwn NJ 47 & Lehner Rd_60 Min Summary Length.pdf",51_R,39.211694,-74.871151
"ATR 51. NJ 347 (E Creek Mill Road), btwn NJ 47 & Lehner Rd_60 Min Volume.pdf",51_R,39.211694,-74.871151
"ATR 52. NJ 47 (Delsea Drive), btwn Sutton Ln & E Creek Mill Rd_15 Min Length.pdf",52_R,39.20421,-74.880335
"ATR 52. NJ 47 (Delsea Drive), btwn Sutton Ln & E Creek Mill Rd_15 Min Speed.pdf",52_R,39.20421,-74.880335
"ATR 52. NJ 47 (Delsea Drive), btwn Sutton Ln & E Creek Mill Rd_15 Min Summary Length.pdf",52_R,39.20421,-74.880335
"ATR 52. NJ 47 (Delsea Drive), btwn Sutton Ln & E Creek Mill Rd_15 Min Volume.pdf",52_R,39.20421,-74.880335
"ATR 52. NJ 47 (Delsea Drive), btwn Sutton Ln & E Creek Mill Rd_60 Min Length.pdf",52_R,39.20421,-74.880335
"ATR 52. NJ 47 (Delsea Drive), btwn Sutton Ln & E Creek Mill Rd_60 Min Speed.pdf",52_R,39.20421,-74.880335
"ATR 52. NJ 47 (Delsea Drive), btwn Sutton Ln & E Creek Mill Rd_60 Min Summary Length.pdf",52_R,39.20421,-74.880335
"ATR 52. NJ 47 (Delsea Drive), btwn Sutton Ln & E Creek Mill Rd_60 Min Volume.pdf",52_R,39.20421,-74.880335
"ATR 53. NJ 40 (Harding Highway), West of Millville Avenue_15 Min Length.pdf",53_R,39.452035,-74.769213
"ATR 53. NJ 40 (Harding Highway), West of Millville Avenue_15 Min Speed.pdf",53_R,39.452035,-74.769213
"ATR 53. NJ 40 (Harding Highway), West of Millville Avenue_15 Min Summary Length.pdf",53_R,39.452035,-74.769213
"ATR 53. NJ 40 (Harding Highway), West of Millville Avenue_15 Min Volume.pdf",53_R,39.452035,-74.769213
"ATR 53. NJ 40 (Harding Highway), West of Millville Avenue_60 Min Length.pdf",53_R,39.452035,-74.769213
"ATR 53. NJ 40 (Harding Highway), West of Millville Avenue_60 Min Speed.pdf",53_R,39.452035,-74.769213
"ATR 53. NJ 40 (Harding Highway), West of Millville Avenue_60 Min Summary Length.pdf",53_R,39.452035,-74.769213
"ATR 53. NJ 40 (Harding Highway), West of Millville Avenue_60 Min Volume.pdf",53_R,39.452035,-74.769213
"ATR 55. Route 30, between Apple Drive & Rosemarie Avenue_15 Min.pdf",55_V,39.473626,-74.568083
"ATR 55. Route 30, between Apple Drive & Rosemarie Avenue_60 Min.pdf",55_V,39.473626,-74.568083
"ATR 56. Route 30, S White Horse Pike, 300 feet East of Korean United Methodist Church_15 Minute.pdf",56_V,39.551892,-74.680709
"ATR 56. Route 30, S White Horse Pike, 300 feet East of Korean United Methodist Church_60 Minute.pdf",56_V,39.551892,-74.680709
"ATR 57. NJ 49, btwn 1st Ave & Head of River Rd - Data Summary.pdf",57_T,39.313929,-74.829928
"ATR 57. NJ 49, btwn 1st Ave & Head of River Rd_15 Min Class.pdf",57_T,39.313929,-74.829928
"ATR 57. NJ 49, btwn 1st Ave & Head of River Rd_15 Min Speed.pdf",57_T,39.313929,-74.829928
"ATR 57. NJ 49, btwn 1st Ave & Head of River Rd_15 Min Volume.pdf",57_T,39.313929,-74.829928
"ATR 57. NJ 49, btwn 1st Ave & Head of River Rd_60 Min Class.pdf",57_T,39.313929,-74.829928
"ATR 57. NJ 49, btwn 1st Ave & Head of River Rd_60 Min Speed.pdf",57_T,39.313929,-74.829928
"ATR 57. NJ 49, btwn 1st Ave & Head of River Rd_60 Min Volume.pdf",57_T,39.313929,-74.829928
"ATR 58. Route 56 (Landis Ave), btwn Alvine Rd & Gershal Ave_15 Min Length.pdf",58_R,39.489921,-75.100723
"ATR 58. Route 56 (Landis Ave), btwn Alvine Rd & Gershal Ave_15 Min Speed.pdf",58_R,39.489921,-75.100723
"ATR 58. Route 56 (Landis Ave), btwn Alvine Rd & Gershal Ave_15 Min Summary Length.pdf",58_R,39.489921,-75.100723
"ATR 58. Route 56 (Landis Ave), btwn Alvine Rd & Gershal Ave_15 Min Volume.pdf",58_R,39.489921,-75.100723
"ATR 58. Route 56 (Landis Ave), btwn Alvine Rd & Gershal Ave_60 Min Length.pdf",58_R,39.489921,-75.100723
"ATR 58. Route 56 (Landis Ave), btwn Alvine Rd & Gershal Ave_60 Min Speed.pdf",58_R,39.489921,-75.100723
"ATR 58. Route 56 (Landis Ave), btwn Alvine Rd & Gershal Ave_60 Min Summary Length.pdf",58_R,39.489921,-75.100723
"ATR 58. Route 56 (Landis Ave), btwn Alvine Rd & Gershal Ave_60 Min Volume.pdf",58_R,39.489921,-75.100723
"ATR 59. CR 552 (Sherman Ave), btwn Carmel Rd & Jesse Bridge Rd_15 Min Length.pdf",59_R,39.438656,-75.10257
"ATR 59. CR 552 (Sherman Ave), btwn Carmel Rd & Jesse Bridge Rd_15 Min Speed.pdf",59_R,39.438656,-75.10257
"ATR 59. CR 552 (Sherman Ave), btwn Carmel Rd & Jesse Bridge Rd_15 Min Summary Length.pdf",59_R,39.438656,-75.10257
"ATR 59. CR 552 (Sherman Ave), btwn Carmel Rd & Jesse Bridge Rd_15 Min Volume.pdf",59_R,39.438656,-75.10257
"ATR 59. CR 552 (Sherman Ave), btwn Carmel Rd & Jesse Bridge Rd_60 Min Length.pdf",59_R,39.438656,-75.10257
"ATR 59. CR 552 (Sherman Ave), btwn Carmel Rd & Jesse Bridge Rd_60 Min Speed.pdf",59_R,39.438656,-75.10257
"ATR 59. CR 552 (Sherman Ave), btwn Carmel Rd & Jesse Bridge Rd_60 Min Summary Length.pdf",59_R,39.438656,-75.10257
"ATR 59. CR 552 (Sherman Ave), btwn Carmel Rd & Jesse Bridge Rd_60 Min Volume.pdf",59_R,39.438656,-75.10257
"ATR 61. US 9 (New Rd), btwn W California Ave & Ohio Ave_15 Min Length.pdf",61_R,39.419616,-74.508958
"ATR 61. US 9 (New Rd), btwn W California Ave & Ohio Ave_15 Min Speed.pdf",61_R,39.419616,-74.508958
"ATR 61. US 9 (New Rd), btwn W California Ave & Ohio Ave_15 Min Summary Length.pdf",61_R,39.419616,-74.508958
"ATR 61. US 9 (New Rd), btwn W California Ave & Ohio Ave_15 Min Volume.pdf",61_R,39.419616,-74.508958
"ATR 61. US 9 (New Rd), btwn W California Ave & Ohio Ave_60 Min Length.pdf",61_R,39.419616,-74.508958
"ATR 61. US 9 (New Rd), btwn W California Ave & Ohio Ave_60 Min Speed.pdf",61_R,39.419616,-74.508958
"ATR 61. US 9 (New Rd), btwn W California Ave & Ohio Ave_60 Min Summary Length.pdf",61_R,39.419616,-74.508958
"ATR 61. US 9 (New Rd), btwn W California Ave & Ohio Ave_60 Min Volume.pdf",61_R,39.419616,-74.508958
"ATR 62. NJ 50 (Philadelphia Ave), btwn Atlantic Ave & Fairmont St_15 Min Length.pdf",62_R,39.52479,-74.652537
"ATR 62. NJ 50 (Philadelphia Ave), btwn Atlantic Ave & Fairmont St_15 Min Speed.pdf",62_R,39.52479,-74.652537
"ATR 62. NJ 50 (Philadelphia Ave), btwn Atlantic Ave & Fairmont St_15 Min Summary Length.pdf",62_R,39.52479,-74.652537
"ATR 62. NJ 50 (Philadelphia Ave), btwn Atlantic Ave & Fairmont St_15 Min Volume.pdf",62_R,39.52479,-74.652537
"ATR 62. NJ 50 (Philadelphia Ave), btwn Atlantic Ave & Fairmont St_60 Min Length.pdf",62_R,39.52479,-74.652537
"ATR 62. NJ 50 (Philadelphia Ave), btwn Atlantic Ave & Fairmont St_60 Min Speed.pdf",62_R,39.52479,-74.652537
"ATR 62. NJ 50 (Philadelphia Ave), btwn Atlantic Ave & Fairmont St_60 Min Summary Length.pdf",62_R,39.52479,-74.652537
"ATR 62. NJ 50 (Philadelphia Ave), btwn Atlantic Ave & Fairmont St_60 Min Volume.pdf",62_R,39.52479,-74.652537
"ATR 63. US 9 (New Rd), btwn W Adams Ave & Black Horse Pike_15 Min Length.pdf",63_R,39.394976,-74.528154
"ATR 63. US 9 (New Rd), btwn W Adams Ave & Black Horse Pike_15 Min Speed.pdf",63_R,39.394976,-74.528154
"ATR 63. US 9 (New Rd), btwn W Adams Ave & Black Horse Pike_15 Min Summary Length.pdf",63_R,39.394976,-74.528154
"ATR 63. US 9 (New Rd), btwn W Adams Ave & Black Horse Pike_15 Min Volume.pdf",63_R,39.394976,-74.528154
"ATR 63. US 9 (New Rd), btwn W Adams Ave & Black Horse Pike_60 Min Length.pdf",63_R,39.394976,-74.528154
"ATR 63. US 9 (New Rd), btwn W Adams Ave & Black Horse Pike_60 Min Speed.pdf",63_R,39.394976,-74.528154
"ATR 63. US 9 (New Rd), btwn W Adams Ave & Black Horse Pike_60 Min Summary Length.pdf",63_R,39.394976,-74.528154
"ATR 63. US 9 (New Rd), btwn W Adams Ave & Black Horse Pike_60 Min Volume.pdf",63_R,39.394976,-74.528154
"ATR 64. NJ 50, btwn AC Expressway & Route 322_15 Min Length.pdf",64_R,39.485051,-74.700808
"ATR 64. NJ 50, btwn AC Expressway & Route 322_15 Min Speed.pdf",64_R,39.485051,-74.700808
"ATR 64. NJ 50, btwn AC Expressway & Route 322_15 Min Summary Length.pdf",64_R,39.485051,-74.700808
"ATR 64. NJ 50, btwn AC Expressway & Route 322_15 Min Volume.pdf",64_R,39.485051,-74.700808
"ATR 64. NJ 50, btwn AC Expressway & Route 322_60 Min Length.pdf",64_R,39.485051,-74.700808
"ATR 64. NJ 50, btwn AC Expressway & Route 322_60 Min Speed.pdf",64_R,39.485051,-74.700808
"ATR 64. NJ 50, btwn AC Expressway & Route 322_60 Min Summary Length.pdf",64_R,39.485051,-74.700808
"ATR 64. NJ 50, btwn AC Expressway & Route 322_60 Min Volume.pdf",64_R,39.485051,-74.700808
"ATR 65. NJ 40 (Harding Hwy). NJ 40, btwn Babcock Road & Route 322_15 Min Length.pdf",65_R,39.448564,-74.67424
"ATR 65. NJ 40 (Harding Hwy). NJ 40, btwn Babcock Road & Route 322_15 Min Speed.pdf",65_R,39.448564,-74.67424
"ATR 65. NJ 40 (Harding Hwy). NJ 40, btwn Babcock Road & Route 322_15 Min Summary Length.pdf",65_R,39.448564,-74.67424
"ATR 65. NJ 40 (Harding Hwy). NJ 40, btwn Babcock Road & Route 322_15 Min Volume.pdf",65_R,39.448564,-74.67424
"ATR 65. NJ 40 (Harding Hwy). NJ 40, btwn Babcock Road & Route 322_60 Min Length.pdf",65_R,39.448564,-74.67424
"ATR 65. NJ 40 (Harding Hwy). NJ 40, btwn Babcock Road & Route 322_60 Min Speed.pdf",65_R,39.448564,-74.67424
"ATR 65. NJ 40 (Harding Hwy). NJ 40, btwn Babcock Road & Route 322_60 Min Summary Length.pdf",65_R,39.448564,-74.67424
"ATR 65. NJ 40 (Harding Hwy). NJ 40, btwn Babcock Road & Route 322_60 Min Volume.pdf",65_R,39.448564,-74.67424
"ATR 66. CR 555 (Main Road), btwn E Oak Rd & E Wheat Rd_15 Min Length.pdf",66_R,39.505024,-74.993079
"ATR 66. CR 555 (Main Road), btwn E Oak Rd & E Wheat Rd_15 Min Speed.pdf",66_R,39.505024,-74.993079
"ATR 66. CR 555 (Main Road), btwn E Oak Rd & E Wheat Rd_15 Min Summary Length.pdf",66_R,39.505024,-74.993079
"ATR 66. CR 555 (Main Road), btwn E Oak Rd & E Wheat Rd_15 Min Volume.pdf",66_R,39.505024,-74.993079
"ATR 66. CR 555 (Main Road), btwn E Oak Rd & E Wheat Rd_60 Min Length.pdf",66_R,39.505024,-74.993079
"ATR 66. CR 555 (Main Road), btwn E Oak Rd & E Wheat Rd_60 Min Speed.pdf",66_R,39.505024,-74.993079
"ATR 66. CR 555 (Main Road), btwn E Oak Rd & E Wheat Rd_60 Min Summary Length.pdf",66_R,39.505024,-74.993079
"ATR 66. CR 555 (Main Road), btwn E Oak Rd & E Wheat Rd_60 Min Volume.pdf",66_R,39.505024,-74.993079
"ATR 67. NJ 45, btwn Acton Station Rd & Compromise Rd - Data Summary.pdf",67_T,39.609792,-75.401712
"ATR 67. NJ 45, btwn Acton Station Rd & Compromise Rd_15 Min Class.pdf",67_T,39.609792,-75.401712
"ATR 67. NJ 45, btwn Acton Station Rd & Compromise Rd_15 Min Speed.pdf",67_T,39.609792,-75.401712
"ATR 67. NJ 45, btwn Acton Station Rd & Compromise Rd_15 Min Volume.pdf",67_T,39.609792,-75.401712
"ATR 67. NJ 45, btwn Acton Station Rd & Compromise Rd_60 Min Class.pdf",67_T,39.609792,-75.401712
"ATR 67. NJ 45, btwn Acton Station Rd & Compromise Rd_60 Min Speed.pdf",67_T,39.609792,-75.401712
"ATR 67. NJ 45, btwn Acton Station Rd & Compromise Rd_60 Min Volume.pdf",67_T,39.609792,-75.401712
"ATR 68. I-295, 1700 feet North of the Penns Grove Rest Stop_15 Minute.pdf",68_V,39.693531,-75.46904
"ATR 68. I-295, 1700 feet North of the Penns Grove Rest Stop_60 Minute.pdf",68_V,39.693531,-75.46904
"ATR 69. Route 130, 600 feet North of Sakima Country Club_15 Minute.pdf",69_V,39.703209,-75.473362
"ATR 69. Route 130, 600 feet North of Sakima Country Club_60 Minute.pdf",69_V,39.703209,-75.473362
"ATR 70. NJ 40 (Harding Hwy), btwn Route 581 & Slabtown Road_15 Min Length.pdf",70_R,39.62728,-75.250835
"ATR 70. NJ 40 (Harding Hwy), btwn Route 581 & Slabtown Road_15 Min Speed.pdf",70_R,39.62728,-75.250835
"ATR 70. NJ 40 (Harding Hwy), btwn Route 581 & Slabtown Road_15 Min Summary Length.pdf",70_R,39.62728,-75.250835
"ATR 70. NJ 40 (Harding Hwy), btwn Route 581 & Slabtown Road_15 Min Volume.pdf",70_R,39.62728,-75.250835
"ATR 70. NJ 40 (Harding Hwy), btwn Route 581 & Slabtown Road_60 Min Length.pdf",70_R,39.62728,-75.250835
"ATR 70. NJ 40 (Harding Hwy), btwn Route 581 & Slabtown Road_60 Min Speed.pdf",70_R,39.62728,-75.250835
"ATR 70. NJ 40 (Harding Hwy), btwn Route 581 & Slabtown Road_60 Min Summary Length.pdf",70_R,39.62728,-75.250835
"ATR 70. NJ 40 (Harding Hwy), btwn Route 581 & Slabtown Road_60 Min Volume.pdf",70_R,39.62728,-75.250835
"ATR 71. NJ 49 (Shiloh Pike), btwn Barretts Run Rd & Park Dr_15 Min Length.pdf",71_R,39.442272,-75.269879
"ATR 71. NJ 49 (Shiloh Pike), btwn Barretts Run Rd & Park Dr_15 Min Speed.pdf",71_R,39.442272,-75.269879
"ATR 71. NJ 49 (Shiloh Pike), btwn Barretts Run Rd & Park Dr_15 Min Summary Length.pdf",71_R,39.442272,-75.269879
"ATR 71. NJ 49 (Shiloh Pike), btwn Barretts Run Rd & Park Dr_15 Min Volume.pdf",71_R,39.442272,-75.269879
"ATR 71. NJ 49 (Shiloh Pike), btwn Barretts Run Rd & Park Dr_60 Min Length.pdf",71_R,39.442272,-75.269879
"ATR 71. NJ 49 (Shiloh Pike), btwn Barretts Run Rd & Park Dr_60 Min Speed.pdf",71_R,39.442272,-75.269879
"ATR 71. NJ 49 (Shiloh Pike), btwn Barretts Run Rd & Park Dr_60 Min Summary Length.pdf",71_R,39.442272,-75.269879
"ATR 71. NJ 49 (Shiloh Pike), btwn Barretts Run Rd & Park Dr_60 Min Volume.pdf",71_R,39.442272,-75.269879
"ATR 72. Route 9 (Shore Rd), btwn S Delsea Dr & N Wildwood Blvd_15 Min Length.pdf",72_R,39.027142,-74.863284
"ATR 72. Route 9 (Shore Rd), btwn S Delsea Dr & N Wildwood Blvd_15 Min Speed.pdf",72_R,39.027142,-74.863284
"ATR 72. Route 9 (Shore Rd), btwn S Delsea Dr & N Wildwood Blvd_15 Min Summary Length.pdf",72_R,39.027142,-74.863284
"ATR 72. Route 9 (Shore Rd), btwn S Delsea Dr & N Wildwood Blvd_15 Min Volume.pdf",72_R,39.027142,-74.863284
"ATR 72. Route 9 (Shore Rd), btwn S Delsea Dr & N Wildwood Blvd_60 Min Length.pdf",72_R,39.027142,-74.863284
"ATR 72. Route 9 (Shore Rd), btwn S Delsea Dr & N Wildwood Blvd_60 Min Speed.pdf",72_R,39.027142,-74.863284
"ATR 72. Route 9 (Shore Rd), btwn S Delsea Dr & N Wildwood Blvd_60 Min Summary Length.pdf",72_R,39.027142,-74.863284
"ATR 72. Route 9 (Shore Rd), btwn S Delsea Dr & N Wildwood Blvd_60 Min Volume.pdf",72_R,39.027142,-74.863284
"ATR 73. Route 9 (Shore Rd), btwn Avalon Blvd & Sea Isle Blvd_15 Min Length.pdf",73_R,39.159082,-74.754691
"ATR 73. Route 9 (Shore Rd), btwn Avalon Blvd & Sea Isle Blvd_15 Min Speed.pdf",73_R,39.159082,-74.754691
"ATR 73. Route 9 (Shore Rd), btwn Avalon Blvd & Sea Isle Blvd_15 Min Summary Length.pdf",73_R,39.159082,-74.754691
"ATR 73. Route 9 (Shore Rd), btwn Avalon Blvd & Sea Isle Blvd_15 Min Volume.pdf",73_R,39.159082,-74.754691
"ATR 73. Route 9 (Shore Rd), btwn Avalon Blvd & Sea Isle Blvd_60 Min Length.pdf",73_R,39.159082,-74.754691
"ATR 73. Route 9 (Shore Rd), btwn Avalon Blvd & Sea Isle Blvd_60 Min Speed.pdf",73_R,39.159082,-74.754691
"ATR 73. Route 9 (Shore Rd), btwn Avalon Blvd & Sea Isle Blvd_60 Min Summary Length.pdf",73_R,39.159082,-74.754691
"ATR 73. Route 9 (Shore Rd), btwn Avalon Blvd & Sea Isle Blvd_60 Min Volume.pdf",73_R,39.159082,-74.754691
"ATR 74. NJ 47, btwn Capy May 628 & Route 83_15 Min Length.pdf",74_R,39.176455,-74.819574
"ATR 74. NJ 47, btwn Capy May 628 & Route 83_15 Min Speed.pdf",74_R,39.176455,-74.819574
"ATR 74. NJ 47, btwn Capy May 628 & Route 83_15 Min Summary Length.pdf",74_R,39.176455,-74.819574
"ATR 74. NJ 47, btwn Capy May 628 & Route 83_15 Min Volume.pdf",74_R,39.176455,-74.819574
"ATR 74. NJ 47, btwn Capy May 628 & Route 83_60 Min Length.pdf",74_R,39.176455,-74.819574
"ATR 74. NJ 47, btwn Capy May 628 & Route 83_60 Min Speed.pdf",74_R,39.176455,-74.819574
"ATR 74. NJ 47, btwn Capy May 628 & Route 83_60 Min Summary Length.pdf",74_R,39.176455,-74.819574
"ATR 74. NJ 47, btwn Capy May 628 & Route 83_60 Min Volume.pdf",74_R,39.176455,-74.819574
"ATR 75. NJ 47, btwn Front Street & Route 347_15 Min Length.pdf",75_R,39.294856,-74.971256
"ATR 75. NJ 47, btwn Front Street & Route 347_15 Min Speed.pdf",75_R,39.294856,-74.971256
"ATR 75. NJ 47, btwn Front Street & Route 347_15 Min Summary Length.pdf",75_R,39.294856,-74.971256
"ATR 75. NJ 47, btwn Front Street & Route 347_15 Min Volume.pdf",75_R,39.294856,-74.971256
"ATR 75. NJ 47, btwn Front Street & Route 347_60 Min Length.pdf",75_R,39.294856,-74.971256
"ATR 75. NJ 47, btwn Front Street & Route 347_60 Min Speed.pdf",75_R,39.294856,-74.971256
"ATR 75. NJ 47, btwn Front Street & Route 347_60 Min Summary Length.pdf",75_R,39.294856,-74.971256
"ATR 75. NJ 47, btwn Front Street & Route 347_60 Min Volume.pdf",75_R,39.294856,-74.971256
"ATR 76. Black Horse Pike, Out front of Wawa_15 Minute.pdf",76_V,39.445196,-74.628465
"ATR 76. Black Horse Pike, Out front of Wawa_60 Minute.pdf",76_V,39.445196,-74.628465
"ATR 77. Wrangleboro Road, btwn AC Expressway & Rt 563 (Tilton Rd)_15 Min Length.pdf",77_R,39.462828,-74.61331
"ATR 77. Wrangleboro Road, btwn AC Expressway & Rt 563 (Tilton Rd)_15 Min Speed.pdf",77_R,39.462828,-74.61331
"ATR 77. Wrangleboro Road, btwn AC Expressway & Rt 563 (Tilton Rd)_15 Min Summary Length.pdf",77_R,39.462828,-74.61331
"ATR 77. Wrangleboro Road, btwn AC Expressway & Rt 563 (Tilton Rd)_15 Min Volume.pdf",77_R,39.462828,-74.61331
"ATR 77. Wrangleboro Road, btwn AC Expressway & Rt 563 (Tilton Rd)_60 Min Length.pdf",77_R,39.462828,-74.61331
"ATR 77. Wrangleboro Road, btwn AC Expressway & Rt 563 (Tilton Rd)_60 Min Speed.pdf",77_R,39.462828,-74.61331
"ATR 77. Wrangleboro Road, btwn AC Expressway & Rt 563 (Tilton Rd)_60 Min Summary Length.pdf",77_R,39.462828,-74.61331
"ATR 77. Wrangleboro Road, btwn AC Expressway & Rt 563 (Tilton Rd)_60 Min Volume.pdf",77_R,39.462828,-74.61331
"ATR 78. Brigantine Boulevard, 250 feet South of Shore Design & Development_15 Minute.pdf",78_V,39.391316,-74.409916
"ATR 78. Brigantine Boulevard, 250 feet South of Shore Design & Development_60 Minute.pdf",78_V,39.391316,-74.409916
"ATR 79. Longport Blvd, btwn Seaview Dr & Sunset Ave_15 Min Length.pdf",79_R,39.316076,-74.5326
"ATR 79. Longport Blvd, btwn Seaview Dr & Sunset Ave_15 Min Speed.pdf",79_R,39.316076,-74.5326
"ATR 79. Longport Blvd, btwn Seaview Dr & Sunset Ave_15 Min Summary Length.pdf",79_R,39.316076,-74.5326
"ATR 79. Longport Blvd, btwn Seaview Dr & Sunset Ave_15 Min Volume.pdf",79_R,39.316076,-74.5326
"ATR 79. Longport Blvd, btwn Seaview Dr & Sunset Ave_60 Min Length.pdf",79_R,39.316076,-74.5326
"ATR 79. Longport Blvd, btwn Seaview Dr & Sunset Ave_60 Min Speed.pdf",79_R,39.316076,-74.5326
"ATR 79. Longport Blvd, btwn Seaview Dr & Sunset Ave_60 Min Summary Length.pdf",79_R,39.316076,-74.5326
"ATR 79. Longport Blvd, btwn Seaview Dr & Sunset Ave_60 Min Volume.pdf",79_R,39.316076,-74.5326
