PDF_File,Folder
ATR 1. CR 601_Screen Captures.pdf,01_V
"ATR 3. E Mill Road, btwn Bay Drive & Shore Road - Class Data Analysis.pdf",03_R
ATR. SJTDM Data Collection_RADAR LAYOUT - 3. E Mill Rd.pdf,03_R
"ATR 4. NJ 47 (Delsea Drive), btwn Woodcock Rd & Bay Cove - Class Data Analysis.pdf",04_T
ATR. SJTDM Data Collection_TUBE LAYOUT - 4. NJ 47.pdf,04_T
ATR 5. Deliah Road_Screen Captures.pdf,05_V
"6. Route 47 (Delsea Drive), btwn Washington Ave & Creek Mill Rd - Class Data Analysis.pdf",06_R
ATR. SJTDM Data Collection_RADAR LAYOUT - 6. Route 47.pdf,06_R
"ATR 7. Dehirsch Avenue, btwn Washington Ave & Adams Ave - Class Data Analysis.pdf",07_T
ATR. SJTDM Data Collection_TUBE LAYOUT - 7. Dehirsch Ave.pdf,07_T
"ATR 8. CR 649 (Head of River Rd), btwn David Run Rd & CR 648 (Head River Rd) - Class Data Analysis.pdf",08_T
ATR. SJTDM Data Collection_TUBE LAYOUT - 8. CR 649.pdf,08_T
"ATR 9. CR 637 (Cumberland Avenue), btwn Cape May Ave & Tuckahoe Rd - Class Data Analysis.pdf",09_T
ATR. SJTDM Data Collection_TUBE LAYOUT - 9. CR 637.pdf,09_T
"ATR 10. CR 669 (11th Ave), btwn Burnett Ave & Hudson Ave - Class Data Analysis.pdf",10_T
ATR. SJTDM Data Collection_TUBE LAYOUT - 10. CR 669.pdf,10_T
ATR 11. US 322_Screen Captures.pdf,11_V
"ATR 13. Mauricetown Crossway Road, btwn Route 47 & Route 744 - Class Data Analysis.pdf",13_R
ATR. SJTDM Data Collection_RADAR LAYOUT - 13. Mauricetown Crossway.pdf,13_R
"ATR 14. Sharp Street, btwn Columbia Ave & Cooper St - Class Data Analysis.pdf",14_R
ATR. SJTDM Data Collection_RADAR LAYOUT - 14. Sharp St.pdf,14_R
"ATR 15. NJ 49, btwn Sandy Ridge Road & ByPass Road - Class Data Analysis.pdf",15_R
ATR. SJTDM Data Collection_RADAR LAYOUT - 15. NJ 49.pdf,15_R
ATR 16. US 30_Screen Captures.pdf,16_V
"ATR 17. CR 623 (Elwood Road), btwn Moss Mill Rd & Columbia Rd - Class Data Analysis.pdf",17_T
ATR. SJTDM Data Collection_TUBE LAYOUT - 17. CR 623.pdf,17_T
"ATR 18. Columbia Road, btwn Moss Mill Rd & Weekstown Rd - Class Data Analysis.pdf",18_T
ATR. SJTDM Data Collection_TUBE LAYOUT - 18. Columbia Rd.pdf,18_T
"ATR 19. CR 563 (Philadelphia Avenue), btwn Moss Mill Rd & Kant St - Class Data Analysis.pdf",19_T
ATR. SJTDM Data Collection_TUBE LAYOUT - 19. CR 563.pdf,19_T
"ATR 20. S Cologne Avenue, btwn W Moss Mill Rd & Herschel St - Class Data Analysis.pdf",20_T
ATR. SJTDM Data Collection_TUBE LAYOUT - 20. S Cologne.pdf,20_T
"ATR 21. NJ 40 (Harding Highway), btwn Mill St & Somers Point Rd - Class Data Analysis.pdf",21_R
ATR. SJTDM Data Collection_RADAR LAYOUT - 21. NJ 40.pdf,21_R
ATR 22. Route 55_Screen Captures.pdf,22_V
ATR 23. CR 615 N (Northeast Blvd) btwn Oak Road & Wheat Road - Class Data Analysis.pdf,23_R
ATR. SJTDM Data Collection_RADAR LAYOUT - 23. CR 615 N.pdf,23_R
"ATR 24. NJ 77 (Pole Tavern-Bridgeton), btwn Chestnut St & Newkirk Station Rd - Class Data Analysis.pdf",24_R
ATR. SJTDM Data Collection_RADAR LAYOUT - 24. NJ 77.pdf,24_R
"ATR 25. Madison Avenue, btwn Massachusetts Ave & Rhode Island Ave - Class Data Analysis.pdf",25_T
ATR. SJTDM Data Collection_TUBE LAYOUT - 25. Madison Ave.pdf,25_T
"ATR 26. Grammercy Place, btwn Massachusetts Ave & Rhode Island Ave - Class Data Analysis.pdf",26_T
ATR. SJTDM Data Collection_TUBE LAYOUT - 26. Grammercy Pl.pdf,26_T
ATR 27. Fairmount Avenue_Screen Captures.pdf,27_V
ATR 28. Arctic Avenue_Screen Captures.pdf,28_V
ATR 29. Ventnor Avenue_Screen Captures.pdf,29_V
ATR 30. Atlantic Avenue_Screen Captures.pdf,30_V
ATR 32. NJ 47_Screen Captures.pdf,32_V
ATR 33. NJ 147_Screen Captures.pdf,33_V
ATR 36. NJ 52_Screen Captures.pdf,36_V
322_Screen Captures.pdf,38_V
ATR 39. US 30_Screen Captures.pdf,39_V
ATR 40. NJ 49_Screen Captures.pdf,40_V
ATR 41. NJ 49_Screen Captures.pdf,41_V
"ATR 42. NJ 47 (Delsea Drive), west of GSP, btwn 3rd St & 5th St - Class Data Analysis.pdf",42_R
ATR. SJTDM Data Collection_RADAR LAYOUT - 42. NJ 42.pdf,42_R
"ATR 43. NJ 50, btwn School House Ln & Route 49 - Class Data Analysis.pdf",43_R
ATR. SJTDM Data Collection_RADAR LAYOUT - 43. NJ 50.pdf,43_R
ATR 44. Ocean Drive Bridge_Screen Captures.pdf,44_V
ATR. SJTDM Data Collection_TUBE LAYOUT - 45. CR 561 Alt.pdf,45_T
"CR 561 Alt (Moss Mill Rd), btwn Odessa Ave & Mannheim Ave - Class Data Analysis.pdf",45_T
"ATR 46. Lincoln Avenue, btwn Oak Rd & Vine Rd - Class Data Analysis.pdf",46_T
ATR. SJTDM Data Collection_TUBE LAYOUT - 46. Lincoln Ave.pdf,46_T
ATR 48. CR 601_Screen Captures.pdf,48_V
"ATR 49. CR 625 (Sea Isle Blvd), btwn Shore Road & west of GSP - Class Data Analysis.pdf",49_R
ATR. SJTDM Data Collection_RADAR LAYOUT - 49. CR 625.pdf,49_R
"ATR 50. CR 662 (Mill Road), btwn Burton Ave & Route 9 - Class Data Analysis.pdf",50_R
ATR. SJTDM Data Collection_RADAR LAYOUT - 50.CR 662 (Mill Rd).pdf,50_R
"ATR 51. NJ 347 (E Creek Mill Road), btwn NJ 47 & Lehner Rd - Class Data Analysis.pdf",51_R
ATR. SJTDM Data Collection_RADAR LAYOUT - 51. NJ 347.pdf,51_R
"ATR 52. NJ 47 (Delsea Drive), btwn Sutton Ln & E Creek Mill Rd - Class Data Analysis.pdf",52_R
ATR. SJTDM Data Collection_RADAR LAYOUT - 52. NJ 47.pdf,52_R
"ATR 53. NJ 40 (Harding Highway), West of Millville Avenue - Class Data Analysis.pdf",53_R
ATR. SJTDM Data Collection_RADAR LAYOUT - 53. NJ 40.pdf,53_R
ATR 55. Rt 30_Screen Captures.pdf,55_V
ATR 56. Route 30_Screen Captures.pdf,56_V
"ATR 57. NJ 49, btwn 1st Ave & Head of River Rd - Class Data Analysis.pdf",57_T
ATR. SJTDM Data Collection_TUBE LAYOUT - 57. NJ 49.pdf,57_T
"ATR 58. Route 56 (Landis Ave), btwn Alvine Rd & Gershal Ave - Class Data Analysis.pdf",58_R
ATR. SJTDM Data Collection_RADAR LAYOUT - 58. Route 56 (Landis).pdf,58_R
"ATR 59. CR 552 (Sherman Ave), btwn Carmel Rd & Jesse Bridge Rd - Class Data Analysis.pdf",59_R
ATR. SJTDM Data Collection_RADAR LAYOUT - 59. CR 552 (Sherman).pdf,59_R
"ATR 61. US 9 (New Rd), btwn W California Ave & Ohio Ave - Class Data Analysis.pdf",61_R
ATR. SJTDM Data Collection_RADAR LAYOUT - 61. US 9 (New Rd).pdf,61_R
"ATR 62. NJ 50 (Philadelphia Ave), btwn Atlantic Ave & Fairmont St - Class Data Analysis.pdf",62_R
ATR. SJTDM Data Collection_RADAR LAYOUT - 62. (NJ 50).pdf,62_R
"ATR 63. US 9 (New Rd), btwn W Adams Ave & Black Horse Pike - Class Data Analysis.pdf",63_R
ATR. SJTDM Data Collection_RADAR LAYOUT - 63. US 9 (New Rd).pdf,63_R
"ATR 64. NJ 50, btwn AC Expressway & Route 322 - Class Data Analysis.pdf",64_R
ATR. SJTDM Data Collection_RADAR LAYOUT - 64. NJ 50.pdf,64_R
"ATR 65. NJ 40 (Harding Hwy). NJ 40, btwn Babcock Road & Route 322 - Class Data Analysis.pdf",65_R
ATR. SJTDM Data Collection_RADAR LAYOUT - 65. NJ 40.pdf,65_R
"ATR 66. CR 555 (Main Road), btwn E Oak Rd & E Wheat Rd - Class Data Analysis.pdf",66_R
ATR. SJTDM Data Collection_RADAR LAYOUT - 66. CR 555 (Main Rd).pdf,66_R
"ATR 67. NJ 45, btwn Acton Station Rd & Compromise Rd - Class Data Analysis.pdf",67_T
ATR. SJTDM Data Collection_TUBE LAYOUT - 67. NJ 45.pdf,67_T
ATR 68. I-295_Screen Captures.pdf,68_V
ATR 69. Route 130_Screen Captures.pdf,69_V
"ATR 70. NJ 40 (Harding Hwy), btwn Route 581 & Slabtown Road - Class Data Analysis.pdf",70_R
ATR. SJTDM Data Collection_RADAR LAYOUT - 70. NJ 40.pdf,70_R
"ATR 71. NJ 49 (Shiloh Pike), btwn Barretts Run Rd & Park Dr - Class Data Analysis.pdf",71_R
ATR. SJTDM Data Collection_RADAR LAYOUT - 71. NJ 49 (Shiloh Pike).pdf,71_R
"ATR 72. Route 9 (Shore Rd), btwn S Delsea Dr & N Wildwood Blvd - Class Data Analysis.pdf",72_R
"ATR 73. Route 9 (Shore Rd), btwn Avalon Blvd & Sea Isle Blvd - Class Data Analysis.pdf",73_R
ATR. SJTDM Data Collection_RADAR LAYOUT - 73. Route 9 (Shore Rd).pdf,73_R
"ATR 74. NJ 47, btwn Capy May 628 & Route 83 - Class Data Analysis.pdf",74_R
ATR. SJTDM Data Collection_RADAR LAYOUT - 74. NJ 47.pdf,74_R
"ATR 75. NJ 47, btwn Front Street & Route 347 - Class Data Analysis.pdf",75_R
ATR. SJTDM Data Collection_RADAR LAYOUT - 75. NJ 47.pdf,75_R
ATR 76. Black Horse Pike_Screen Captures.pdf,76_V
"ATR 77. Wrangleboro Road, btwn AC Expressway & Rt 563 (Tilton Rd) - Class Data Analysis.pdf",77_R
ATR. SJTDM Data Collection_RADAR LAYOUT - 77. Wrangleboro Rd.pdf,77_R
ATR 78. Brigantine Boulevard_Screen Captures.pdf,78_V
"ATR 79. Longport Blvd, btwn Seaview Dr & Sunset Ave - Class Data Analysis.pdf",79_R
ATR. SJTDM Data Collection_RADAR LAYOUT - 79. Longport Blvd.pdf,79_R
"ATR 80. NJ 109 Cape May Canal Bridge, 950 feet South of bridge_15 Minute.pdf",80_V
"ATR 80. NJ 109 Cape May Canal Bridge, 950 feet South of bridge_60 Minute.pdf",80_V
ATR 80. NJ 109 Cape May Canal Bridge_Screen Captures.pdf,80_V
